threshold,f1,recall_sensitivity,precision,specificity
0.22659051169951758,0.3287671232876712,1.0,0.19672131147540983,0.0
0.23514565931899206,0.3310344827586207,1.0,0.19834710743801653,0.01020408163265306
0.25697018874602184,0.3333333333333333,1.0,0.2,0.02040816326530612
0.2578838995125677,0.3356643356643357,1.0,0.20168067226890757,0.030612244897959183
0.25928871288444055,0.3380281690140845,1.0,0.2033898305084746,0.04081632653061224
0.2730760885910554,0.3404255319148936,1.0,0.20512820512820512,0.05102040816326531
0.3003481697468531,0.34285714285714286,1.0,0.20689655172413793,0.061224489795918366
0.30141006476600163,0.33093525179856115,0.9583333333333334,0.2,0.061224489795918366
0.3015416933667092,0.3333333333333333,0.9583333333333334,0.20175438596491227,0.07142857142857142
0.30732252560555934,0.3357664233576642,0.9583333333333334,0.20353982300884957,0.08163265306122448
0.31112556979060174,0.3382352941176471,0.9583333333333334,0.20535714285714285,0.09183673469387756
0.31306092441082,0.34074074074074073,0.9583333333333334,0.2072072072072072,0.10204081632653061
0.31310660179172245,0.34328358208955223,0.9583333333333334,0.20909090909090908,0.11224489795918367
0.3197939812737916,0.3458646616541353,0.9583333333333334,0.21100917431192662,0.12244897959183673
0.3235019258878849,0.3484848484848485,0.9583333333333334,0.21296296296296297,0.1326530612244898
0.32841035293208226,0.3511450381679389,0.9583333333333334,0.21495327102803738,0.14285714285714285
0.3302024473125736,0.35384615384615387,0.9583333333333334,0.2169811320754717,0.15306122448979592
0.3310051509075695,0.35658914728682173,0.9583333333333334,0.21904761904761905,0.16326530612244897
0.3343338211377462,0.359375,0.9583333333333334,0.22115384615384615,0.17346938775510204
0.33579233198454883,0.36220472440944884,0.9583333333333334,0.22330097087378642,0.1836734693877551
0.34373325042248876,0.36507936507936506,0.9583333333333334,0.22549019607843138,0.19387755102040816
0.3489414683797143,0.352,0.9166666666666666,0.21782178217821782,0.19387755102040816
0.34942318836138364,0.3387096774193548,0.875,0.21,0.19387755102040816
0.351712796615348,0.34146341463414637,0.875,0.21212121212121213,0.20408163265306123
0.35402155117619605,0.32786885245901637,0.8333333333333334,0.20408163265306123,0.20408163265306123
0.35895660022894543,0.3305785123966942,0.8333333333333334,0.20618556701030927,0.21428571428571427
0.36026413316528005,0.31666666666666665,0.7916666666666666,0.19791666666666666,0.21428571428571427
0.3611412046565896,0.31932773109243695,0.7916666666666666,0.2,0.22448979591836735
0.3626481796354557,0.3220338983050847,0.7916666666666666,0.20212765957446807,0.23469387755102042
0.3639256272997175,0.3247863247863248,0.7916666666666666,0.20430107526881722,0.24489795918367346
0.36502132653632263,0.3275862068965517,0.7916666666666666,0.20652173913043478,0.25510204081632654
0.36815739955220905,0.33043478260869563,0.7916666666666666,0.2087912087912088,0.2653061224489796
0.3710179344883987,0.3157894736842105,0.75,0.2,0.2653061224489796
0.37375694584278835,0.3185840707964602,0.75,0.20224719101123595,0.2755102040816326
0.3742018463223108,0.32142857142857145,0.75,0.20454545454545456,0.2857142857142857
0.37796831035188266,0.32432432432432434,0.75,0.20689655172413793,0.29591836734693877
0.38041955828666685,0.32727272727272727,0.75,0.20930232558139536,0.30612244897959184
0.38262639139089494,0.3302752293577982,0.75,0.21176470588235294,0.3163265306122449
0.3827506502469381,0.3333333333333333,0.75,0.21428571428571427,0.32653061224489793
0.38404647912830114,0.3364485981308411,0.75,0.21686746987951808,0.336734693877551
0.3842868585139513,0.33962264150943394,0.75,0.21951219512195122,0.3469387755102041
0.38594027707974116,0.34285714285714286,0.75,0.2222222222222222,0.35714285714285715
0.38687315169307923,0.34615384615384615,0.75,0.225,0.3673469387755102
0.3912576795753204,0.34951456310679613,0.75,0.22784810126582278,0.37755102040816324
0.397175494714507,0.35294117647058826,0.75,0.23076923076923078,0.3877551020408163
0.3983570774351912,0.3564356435643564,0.75,0.23376623376623376,0.3979591836734694
0.40350448489189145,0.36,0.75,0.23684210526315788,0.40816326530612246
0.4092194256607932,0.36363636363636365,0.75,0.24,0.41836734693877553
0.4117623067771395,0.3673469387755102,0.75,0.24324324324324326,0.42857142857142855
0.41584904891523444,0.3711340206185567,0.75,0.2465753424657534,0.4387755102040816
0.4200652663906415,0.375,0.75,0.25,0.4489795918367347
0.4211032014872347,0.37894736842105264,0.75,0.2535211267605634,0.45918367346938777
0.4214213951067491,0.3829787234042553,0.75,0.2571428571428571,0.46938775510204084
0.4237309855719407,0.3870967741935484,0.75,0.2608695652173913,0.47959183673469385
0.4249273726509677,0.391304347826087,0.75,0.2647058823529412,0.4897959183673469
0.42603199769343647,0.3956043956043956,0.75,0.26865671641791045,0.5
0.4316113767701955,0.4,0.75,0.2727272727272727,0.5102040816326531
0.43234172328153536,0.4044943820224719,0.75,0.27692307692307694,0.5204081632653061
0.4340416883880442,0.4090909090909091,0.75,0.28125,0.5306122448979592
0.4344153356823054,0.41379310344827586,0.75,0.2857142857142857,0.5408163265306123
0.4360383008606732,0.4186046511627907,0.75,0.2903225806451613,0.5510204081632653
0.43717287196999505,0.4235294117647059,0.75,0.29508196721311475,0.5612244897959183
0.43722417168614885,0.42857142857142855,0.75,0.3,0.5714285714285714
0.4442822307880436,0.40963855421686746,0.7083333333333334,0.288135593220339,0.5714285714285714
0.44506094137827557,0.4146341463414634,0.7083333333333334,0.29310344827586204,0.5816326530612245
0.4501922782510519,0.41975308641975306,0.7083333333333334,0.2982456140350877,0.5918367346938775
0.45300125942698544,0.425,0.7083333333333334,0.30357142857142855,0.6020408163265306
0.45304601043462756,0.43037974683544306,0.7083333333333334,0.3090909090909091,0.6122448979591837
0.4608667769892649,0.4358974358974359,0.7083333333333334,0.3148148148148148,0.6224489795918368
0.46165269506829126,0.44155844155844154,0.7083333333333334,0.32075471698113206,0.6326530612244898
0.4627759262919426,0.4473684210526316,0.7083333333333334,0.3269230769230769,0.6428571428571429
0.4733984576489825,0.4533333333333333,0.7083333333333334,0.3333333333333333,0.6530612244897959
0.47541542633787376,0.4594594594594595,0.7083333333333334,0.34,0.6632653061224489
0.47786688714316394,0.4657534246575342,0.7083333333333334,0.3469387755102041,0.673469387755102
0.47811350768262684,0.4722222222222222,0.7083333333333334,0.3541666666666667,0.6836734693877551
0.4799775247062955,0.4788732394366197,0.7083333333333334,0.3617021276595745,0.6938775510204082
0.4834087172789233,0.45714285714285713,0.6666666666666666,0.34782608695652173,0.6938775510204082
0.48647626861929893,0.463768115942029,0.6666666666666666,0.35555555555555557,0.7040816326530612
0.48885992751603663,0.4411764705882353,0.625,0.3409090909090909,0.7040816326530612
0.48986007187456365,0.44776119402985076,0.625,0.3488372093023256,0.7142857142857143
0.49081217385828496,0.45454545454545453,0.625,0.35714285714285715,0.7244897959183674
0.49296090782366014,0.46153846153846156,0.625,0.36585365853658536,0.7346938775510204
0.4937228398454009,0.46875,0.625,0.375,0.7448979591836735
0.5004506018012762,0.47619047619047616,0.625,0.38461538461538464,0.7551020408163265
0.5051802982886632,0.4838709677419355,0.625,0.39473684210526316,0.7653061224489796
0.5065042064948515,0.4918032786885246,0.625,0.40540540540540543,0.7755102040816326
0.5074500322874104,0.4666666666666667,0.5833333333333334,0.3888888888888889,0.7755102040816326
0.5235526531225159,0.4745762711864407,0.5833333333333334,0.4,0.7857142857142857
0.5312353843556983,0.4827586206896552,0.5833333333333334,0.4117647058823529,0.7959183673469388
0.5362558500333265,0.49122807017543857,0.5833333333333334,0.42424242424242425,0.8061224489795918
0.5378602494796118,0.5,0.5833333333333334,0.4375,0.8163265306122449
0.5414956559737523,0.509090909090909,0.5833333333333334,0.45161290322580644,0.826530612244898
0.5570217867692312,0.5185185185185185,0.5833333333333334,0.4666666666666667,0.8367346938775511
0.5581617520235882,0.5283018867924528,0.5833333333333334,0.4827586206896552,0.8469387755102041
0.5631481818854809,0.5,0.5416666666666666,0.4642857142857143,0.8469387755102041
0.5643462277948856,0.5098039215686274,0.5416666666666666,0.48148148148148145,0.8571428571428571
0.5646431818604469,0.52,0.5416666666666666,0.5,0.8673469387755102
0.5705672195624738,0.5306122448979592,0.5416666666666666,0.52,0.8775510204081632
0.5718299090152695,0.5,0.5,0.5,0.8775510204081632
0.5755797357131273,0.5106382978723404,0.5,0.5217391304347826,0.8877551020408163
0.5915737030181017,0.4782608695652174,0.4583333333333333,0.5,0.8877551020408163
0.5954871367393951,0.4888888888888889,0.4583333333333333,0.5238095238095238,0.8979591836734694
0.5957152430795961,0.5,0.4583333333333333,0.55,0.9081632653061225
0.6163475624389119,0.5116279069767442,0.4583333333333333,0.5789473684210527,0.9183673469387755
0.629653563456876,0.47619047619047616,0.4166666666666667,0.5555555555555556,0.9183673469387755
0.6576719794954573,0.4878048780487805,0.4166666666666667,0.5882352941176471,0.9285714285714286
0.6854213374001639,0.5,0.4166666666666667,0.625,0.9387755102040817
0.6880520316106933,0.5128205128205128,0.4166666666666667,0.6666666666666666,0.9489795918367347
0.6959336490041078,0.47368421052631576,0.375,0.6428571428571429,0.9489795918367347
0.6960122325064697,0.4864864864864865,0.375,0.6923076923076923,0.9591836734693877
0.7152424199240548,0.5,0.375,0.75,0.9693877551020408
0.7274908006191254,0.5142857142857142,0.375,0.8181818181818182,0.9795918367346939
0.7305025160312653,0.47058823529411764,0.3333333333333333,0.8,0.9795918367346939
0.7511425120151276,0.48484848484848486,0.3333333333333333,0.8888888888888888,0.9897959183673469
0.7587658452490965,0.4375,0.2916666666666667,0.875,0.9897959183673469
0.8457056429763936,0.3870967741935484,0.25,0.8571428571428571,0.9897959183673469
0.8488312736153603,0.3333333333333333,0.20833333333333334,0.8333333333333334,0.9897959183673469
0.849415817043998,0.27586206896551724,0.16666666666666666,0.8,0.9897959183673469
0.8785278473144923,0.2857142857142857,0.16666666666666666,1.0,1.0
0.9446033587058386,0.2222222222222222,0.125,1.0,1.0
0.9760744973641484,0.15384615384615385,0.08333333333333333,1.0,1.0
0.9766564249992371,0.08,0.041666666666666664,1.0,1.0
