subject_id,subject_group,recording_id,label,split,score,screening_result
23625,23625,23625_AV,Absent,validation,0.6765528150967189,murmur present screening
23625,23625,23625_MV,Absent,validation,0.6606147629874093,murmur present screening
23625,23625,23625_PV,Absent,validation,0.6537015058777549,murmur present screening
23625,23625,23625_TV,Absent,validation,0.41881456119673593,murmur present screening
36327,36327,36327_AV,Present,validation,0.20407719910144806,murmur absent screening
36327,36327,36327_MV,Present,validation,0.377578215939658,murmur present screening
36327,36327,36327_PV,Present,validation,0.2866761599268232,murmur absent screening
36327,36327,36327_TV,Present,validation,0.29878905167182285,murmur absent screening
46579,46579,46579_AV,Present,validation,0.7203260660171509,murmur present screening
46579,46579,46579_MV,Present,validation,0.717429654938834,murmur present screening
46579,46579,46579_PV,Present,validation,0.9539880156517029,murmur present screening
46579,46579,46579_TV,Present,validation,0.9661112904548645,murmur present screening
49630,36327,49630_AV,Present,validation,0.32009760588407515,murmur present screening
49630,36327,49630_MV,Present,validation,0.32776175789973316,murmur present screening
49630,36327,49630_PV,Present,validation,0.18688073671526378,murmur absent screening
49630,36327,49630_TV,Present,validation,0.23595622317357498,murmur absent screening
49641,49641,49641_AV,Absent,validation,0.17769299000501632,murmur absent screening
49641,49641,49641_MV,Absent,validation,0.18093895614147187,murmur absent screening
49641,49641,49641_PV,Absent,validation,0.2360192947089672,murmur absent screening
49641,49641,49641_TV,Absent,validation,0.20928822457790375,murmur absent screening
49704,49704,49704_AV,Absent,validation,0.38032326102256775,murmur present screening
49704,49704,49704_MV,Absent,validation,0.28649532117626886,murmur absent screening
49829,49829,49829_AV,Absent,validation,0.36362260715527966,murmur present screening
49829,49829,49829_MV,Absent,validation,0.2598305764523419,murmur absent screening
49829,49829,49829_PV,Absent,validation,0.307292540371418,murmur absent screening
49829,49829,49829_TV,Absent,validation,0.4308315396308899,murmur present screening
49832,49832,49832_AV,Absent,validation,0.31785192543810065,murmur present screening
49832,49832,49832_MV,Absent,validation,0.24875279583714224,murmur absent screening
49850,49850,49850_AV,Present,validation,0.35533732853152533,murmur present screening
49850,49850,49850_MV,Present,validation,0.3692662932656028,murmur present screening
49960,49960,49960_AV,Absent,validation,0.48384828492999077,murmur present screening
49960,49960,49960_MV,Absent,validation,0.2792277548994337,murmur absent screening
49960,49960,49960_PV,Absent,validation,0.348049296438694,murmur present screening
49960,49960,49960_TV,Absent,validation,0.26247921884059905,murmur absent screening
49966,49966,49966_MV,Present,validation,0.975224494934082,murmur present screening
49974,49974,49974_AV,Absent,validation,0.2552382094519479,murmur absent screening
49974,49974,49974_MV,Absent,validation,0.37047006785869596,murmur present screening
49974,49974,49974_PV,Absent,validation,0.34417730073134106,murmur present screening
49974,49974,49974_TV,Absent,validation,0.22798459894127315,murmur absent screening
49978,49978,49978_PV,Absent,validation,0.18137353844940662,murmur absent screening
49979,49979,49979_MV,Absent,validation,0.4270546197891235,murmur present screening
49988,49988,49988_AV,Absent,validation,0.4416434977735792,murmur present screening
49988,49988,49988_MV,Absent,validation,0.38510291278362274,murmur present screening
49988,49988,49988_PV,Absent,validation,0.3936612755060196,murmur present screening
49988,49988,49988_TV,Absent,validation,0.3679323196411133,murmur present screening
49998,49998,49998_MV,Absent,validation,0.3175254315137863,murmur present screening
49998,49998,49998_PV,Absent,validation,0.37259603291749954,murmur present screening
49998,49998,49998_TV,Absent,validation,0.21315688267350197,murmur absent screening
50032,50032,50032_PV,Absent,validation,0.5494802494843801,murmur present screening
50032,50032,50032_TV_1,Absent,validation,0.3097812123596668,murmur absent screening
50032,50032,50032_TV_2,Absent,validation,0.32316236943006516,murmur present screening
50048,50048,50048_MV,Absent,validation,0.3050682908958859,murmur absent screening
50048,50048,50048_PV,Absent,validation,0.23913514681837775,murmur absent screening
50048,50048,50048_TV,Absent,validation,0.1851067156954245,murmur absent screening
50056,50056,50056_AV,Present,validation,0.7998354976827448,murmur present screening
50056,50056,50056_MV,Present,validation,0.958355345509269,murmur present screening
50056,50056,50056_PV,Present,validation,0.985869591886347,murmur present screening
50056,50056,50056_TV,Present,validation,0.9800672802058134,murmur present screening
50067,50067,50067_MV,Absent,validation,0.35100645368749445,murmur present screening
50067,50067,50067_PV,Absent,validation,0.38903425295244565,murmur present screening
50067,50067,50067_TV,Absent,validation,0.6350231306119398,murmur present screening
50075,50075,50075_AV,Absent,validation,0.31277747452259064,murmur absent screening
50075,50075,50075_MV,Absent,validation,0.33226210943290163,murmur present screening
50078,50078,50078_AV,Absent,validation,0.4275285866525438,murmur present screening
50078,50078,50078_MV,Absent,validation,0.47003121972084044,murmur present screening
50078,50078,50078_PV,Absent,validation,0.36031290888786316,murmur present screening
50078,50078,50078_TV,Absent,validation,0.41505469381809235,murmur present screening
50080,50080,50080_AV,Absent,validation,0.33801746368408203,murmur present screening
50080,50080,50080_MV,Absent,validation,0.5374402734968398,murmur present screening
50080,50080,50080_PV,Absent,validation,0.67657180958324,murmur present screening
50080,50080,50080_TV,Absent,validation,0.40830620378255844,murmur present screening
50094,50094,50094_MV,Absent,validation,0.26066229018298065,murmur absent screening
50094,50094,50094_PV,Absent,validation,0.24700739031488245,murmur absent screening
50094,50094,50094_TV,Absent,validation,0.17570620165629822,murmur absent screening
50096,50096,50096_AV,Absent,validation,0.29032894521951674,murmur absent screening
50096,50096,50096_MV,Absent,validation,0.2600021339952946,murmur absent screening
50096,50096,50096_PV,Absent,validation,0.2699449525939094,murmur absent screening
50096,50096,50096_TV,Absent,validation,0.5948316067457199,murmur present screening
50133,50133,50133_MV,Absent,validation,0.7464660579959551,murmur present screening
50138,50138,50138_AV,Present,validation,0.46312463554469024,murmur present screening
50138,50138,50138_MV,Present,validation,0.6706205308437347,murmur present screening
50204,50204,50204_AV,Absent,validation,0.6211377409371462,murmur present screening
50204,50204,50204_MV_1,Absent,validation,0.7004056096076965,murmur present screening
50204,50204,50204_MV_2,Absent,validation,0.624724594446329,murmur present screening
50209,50209,50209_AV,Present,validation,0.9484118580818176,murmur present screening
50209,50209,50209_MV,Present,validation,0.9490549912055334,murmur present screening
50209,50209,50209_PV,Present,validation,0.9908143348164029,murmur present screening
50209,50209,50209_TV,Present,validation,0.9621339440345764,murmur present screening
50220,50220,50220_AV,Present,validation,0.9963787913322448,murmur present screening
50220,50220,50220_MV,Present,validation,0.8942855779941266,murmur present screening
50229,50229,50229_AV,Present,validation,0.9511075541377068,murmur present screening
50229,50229,50229_MV,Present,validation,0.8694064517815908,murmur present screening
50229,50229,50229_PV,Present,validation,0.9569995303948721,murmur present screening
50229,50229,50229_TV,Present,validation,0.9156751930713654,murmur present screening
50255,50255,50255_AV,Absent,validation,0.6652377681298689,murmur present screening
50255,50255,50255_MV,Absent,validation,0.6656572918097178,murmur present screening
50271,50271,50271_AV,Absent,validation,0.2793308099110921,murmur absent screening
50271,50271,50271_MV,Absent,validation,0.36041821986436845,murmur present screening
50271,50271,50271_PV,Absent,validation,0.14005179852247238,murmur absent screening
50271,50271,50271_TV,Absent,validation,0.37697943713929916,murmur present screening
50273,50273,50273_AV,Absent,validation,0.4320103883743286,murmur present screening
50273,50273,50273_MV,Absent,validation,0.4996215134859085,murmur present screening
50273,50273,50273_PV,Absent,validation,0.5505996265194633,murmur present screening
50273,50273,50273_TV,Absent,validation,0.3829419106245041,murmur present screening
50280,50280,50280_AV,Present,validation,0.7307484481069777,murmur present screening
50280,50280,50280_PV,Present,validation,0.7791659832000732,murmur present screening
50280,50280,50280_TV,Present,validation,0.44062442962939924,murmur present screening
50284,50284,50284_AV,Absent,validation,0.4271628618240356,murmur present screening
50284,50284,50284_MV,Absent,validation,0.2843507460572503,murmur absent screening
50284,50284,50284_PV,Absent,validation,0.28050562077098423,murmur absent screening
50284,50284,50284_TV,Absent,validation,0.2607948392629623,murmur absent screening
50323,50323,50323_AV,Absent,validation,0.516259412873875,murmur present screening
50323,50323,50323_MV,Absent,validation,0.5132664302984874,murmur present screening
50323,50323,50323_PV,Absent,validation,0.7571753011300013,murmur present screening
50323,50323,50323_TV,Absent,validation,0.7208083813840692,murmur present screening
50325,50325,50325_AV,Absent,validation,0.39567841376577106,murmur present screening
50325,50325,50325_MV,Absent,validation,0.38874366382757825,murmur present screening
50325,50325,50325_PV,Absent,validation,0.322258822619915,murmur present screening
50325,50325,50325_TV,Absent,validation,0.3034098084483828,murmur absent screening
50336,50336,50336_MV,Absent,validation,0.2152345895767212,murmur absent screening
50336,50336,50336_PV,Absent,validation,0.3818984048234092,murmur present screening
50336,50336,50336_TV,Absent,validation,0.1431839782744646,murmur absent screening
50345,50345,50345_MV,Absent,validation,0.506904644270738,murmur present screening
50345,50345,50345_PV,Absent,validation,0.40297492742538454,murmur present screening
50345,50345,50345_TV,Absent,validation,0.530178885568272,murmur present screening
50350,50350,50350_AV,Absent,validation,0.34930768821920666,murmur present screening
50350,50350,50350_MV,Absent,validation,0.342414606701244,murmur present screening
50350,50350,50350_PV,Absent,validation,0.3402099189433185,murmur present screening
50350,50350,50350_TV,Absent,validation,0.15770375207066537,murmur absent screening
50379,23625,50379_AV,Absent,validation,0.3629708845507015,murmur present screening
50379,23625,50379_MV,Absent,validation,0.24585636109113693,murmur absent screening
50379,23625,50379_PV,Absent,validation,0.4714364022016525,murmur present screening
50379,23625,50379_TV,Absent,validation,0.4597411209886724,murmur present screening
50384,50384,50384_AV,Absent,validation,0.5041538558223031,murmur present screening
50384,50384,50384_MV,Absent,validation,0.20491400957107545,murmur absent screening
50384,50384,50384_PV,Absent,validation,0.2625586119565097,murmur absent screening
50384,50384,50384_TV,Absent,validation,0.2275130994617939,murmur absent screening
50385,50385,50385_AV,Absent,validation,0.5182820186018944,murmur present screening
50385,50385,50385_MV,Absent,validation,0.2772380293657382,murmur absent screening
50385,50385,50385_PV,Absent,validation,0.3374728533354672,murmur present screening
50385,50385,50385_TV,Absent,validation,0.31231265887618065,murmur absent screening
50628,50628,50628_AV,Absent,validation,0.48474104837937787,murmur present screening
50628,50628,50628_MV,Absent,validation,0.3128643008795651,murmur absent screening
50639,50639,50639_PV,Absent,validation,0.22540093511343,murmur absent screening
50639,50639,50639_TV,Absent,validation,0.2789192907512188,murmur absent screening
50647,50647,50647_AV,Absent,validation,0.29169597178697587,murmur absent screening
50647,50647,50647_MV,Absent,validation,0.2846085938314597,murmur absent screening
50647,50647,50647_PV,Absent,validation,0.3431805998086929,murmur present screening
50647,50647,50647_TV,Absent,validation,0.19131892919540405,murmur absent screening
50658,50658,50658_AV,Absent,validation,0.2916246742010117,murmur absent screening
50658,50658,50658_MV,Absent,validation,0.3133507492867383,murmur absent screening
50658,50658,50658_PV,Absent,validation,0.35028802942145953,murmur present screening
50658,50658,50658_TV,Absent,validation,0.1154514303430915,murmur absent screening
50661,50661,50661_AV,Absent,validation,0.5313975811004639,murmur present screening
50661,50661,50661_MV,Absent,validation,0.4880457710136067,murmur present screening
50704,50704,50704_AV,Absent,validation,0.4717438692847888,murmur present screening
50704,50704,50704_MV,Absent,validation,0.5198273003101349,murmur present screening
50739,50739,50739_AV,Absent,validation,0.38738916137001733,murmur present screening
50739,50739,50739_MV,Absent,validation,0.4763228622349826,murmur present screening
50744,50744,50744_AV,Present,validation,0.4152013957500458,murmur present screening
50744,50744,50744_MV,Present,validation,0.36554109677672386,murmur present screening
50744,50744,50744_PV,Present,validation,0.35667984400476727,murmur present screening
50744,50744,50744_TV,Present,validation,0.6197845836480459,murmur present screening
50749,50749,50749_AV,Absent,validation,0.2968263449994,murmur absent screening
50749,50749,50749_MV,Absent,validation,0.31170952651235795,murmur absent screening
50749,50749,50749_PV,Absent,validation,0.3770506978034973,murmur present screening
50749,50749,50749_TV,Absent,validation,0.23275007804234824,murmur absent screening
50793,50793,50793_MV,Absent,validation,0.11156109669669108,murmur absent screening
50793,50793,50793_PV,Absent,validation,0.23864485323429108,murmur absent screening
50793,50793,50793_TV,Absent,validation,0.28439086269248615,murmur absent screening
50820,50820,50820_AV,Absent,validation,0.33077080141414295,murmur present screening
50820,50820,50820_MV,Absent,validation,0.3956663727760315,murmur present screening
50820,50820,50820_PV,Absent,validation,0.30189942121505736,murmur absent screening
50820,50820,50820_TV,Absent,validation,0.3025369723053539,murmur absent screening
57706,57706,57706_AV,Present,validation,0.4435918373720987,murmur present screening
57706,57706,57706_MV,Present,validation,0.9788222312927246,murmur present screening
57706,57706,57706_PV,Present,validation,0.42601201434930164,murmur present screening
57706,57706,57706_TV,Present,validation,0.9424444238344828,murmur present screening
59536,59536,59536_AV,Absent,validation,0.13980207685381174,murmur absent screening
59536,59536,59536_MV,Absent,validation,0.056299272924661636,murmur absent screening
61610,61610,61610_AV,Absent,validation,0.632968525091807,murmur present screening
61610,61610,61610_MV,Absent,validation,0.563192537852696,murmur present screening
61610,61610,61610_PV,Absent,validation,0.5361683398485184,murmur present screening
61610,61610,61610_TV,Absent,validation,0.43889448046684265,murmur present screening
63456,63456,63456_AV,Absent,validation,0.23776580144961676,murmur absent screening
63456,63456,63456_MV,Absent,validation,0.4043926341193063,murmur present screening
63456,63456,63456_PV,Absent,validation,0.5080555776755015,murmur present screening
63456,63456,63456_TV,Absent,validation,0.31625776588916776,murmur absent screening
68222,49979,68222_AV,Absent,validation,0.34072571992874146,murmur present screening
68222,49979,68222_MV,Absent,validation,0.24676358699798584,murmur absent screening
68222,49979,68222_PV,Absent,validation,0.2395515739917755,murmur absent screening
68222,49979,68222_TV,Absent,validation,0.1724794159332911,murmur absent screening
68279,50030,68279_MV,Present,validation,0.2655519481216158,murmur absent screening
68279,50030,68279_PV,Present,validation,0.1801607348024845,murmur absent screening
68279,50030,68279_TV,Present,validation,0.1777486577630043,murmur absent screening
68306,50056,68306_AV,Present,validation,0.9341892089162555,murmur present screening
68306,50056,68306_MV,Present,validation,0.956524636064257,murmur present screening
68306,50056,68306_PV,Present,validation,0.9967619404196739,murmur present screening
68306,50056,68306_TV,Present,validation,0.9608572829853405,murmur present screening
68318,50067,68318_AV,Absent,validation,0.29743445416291553,murmur absent screening
68318,50067,68318_MV,Absent,validation,0.24006723761558532,murmur absent screening
68318,50067,68318_PV,Absent,validation,0.4265387117862701,murmur present screening
68318,50067,68318_TV,Absent,validation,0.16826875507831573,murmur absent screening
68363,68363,68363_AV,Present,validation,0.938683021068573,murmur present screening
68363,68363,68363_MV,Present,validation,0.7016915678977966,murmur present screening
68368,50096,68368_AV,Absent,validation,0.3081955134868622,murmur absent screening
68368,50096,68368_MV,Absent,validation,0.33260431289672854,murmur present screening
68368,50096,68368_PV,Absent,validation,0.2830988883972168,murmur absent screening
68368,50096,68368_TV,Absent,validation,0.4770734429359436,murmur present screening
68374,68374,68374_AV,Present,validation,0.7568635089056832,murmur present screening
68374,68374,68374_MV,Present,validation,0.6727765713419233,murmur present screening
68456,50220,68456_AV,Present,validation,0.9969739317893982,murmur present screening
68456,50220,68456_MV,Present,validation,0.844578206539154,murmur present screening
68456,50220,68456_PV,Present,validation,0.9564535220464071,murmur present screening
68456,50220,68456_TV,Present,validation,0.9963347514470419,murmur present screening
68560,50209,68560_AV,Present,validation,0.8510031551122665,murmur present screening
68560,50209,68560_MV,Present,validation,0.8614456256230673,murmur present screening
68560,50209,68560_PV,Present,validation,0.9810919404029846,murmur present screening
68560,50209,68560_TV,Present,validation,0.8807865182558695,murmur present screening
68632,50384,68632_AV,Absent,validation,0.44078947816576275,murmur present screening
68632,50384,68632_PV,Absent,validation,0.29320116128240314,murmur absent screening
68632,50384,68632_TV,Absent,validation,0.3657403290271759,murmur present screening
68698,68698,68698_AV,Absent,validation,0.653764933347702,murmur present screening
68698,68698,68698_MV,Absent,validation,0.5596860647201538,murmur present screening
68698,68698,68698_PV,Absent,validation,0.5137485563755035,murmur present screening
68698,68698,68698_TV,Absent,validation,0.2644272843996684,murmur absent screening
68705,68705,68705_AV,Absent,validation,0.3070681691169739,murmur absent screening
68705,68705,68705_MV,Absent,validation,0.29352356493473053,murmur absent screening
68705,68705,68705_PV,Absent,validation,0.45577043294906616,murmur present screening
68705,68705,68705_TV,Absent,validation,0.25392185648282367,murmur absent screening
68741,68741,68741_AV,Absent,validation,0.288879403223594,murmur absent screening
68741,68741,68741_MV,Absent,validation,0.354882833858331,murmur present screening
68741,68741,68741_PV,Absent,validation,0.27674431912600994,murmur absent screening
68741,68741,68741_TV,Absent,validation,0.17196232918649912,murmur absent screening
68755,68755,68755_AV,Absent,validation,0.20201949988092696,murmur absent screening
68755,68755,68755_MV,Absent,validation,0.12575851660221815,murmur absent screening
68755,68755,68755_PV,Absent,validation,0.15359977313450404,murmur absent screening
68755,68755,68755_TV,Absent,validation,0.069856985387477,murmur absent screening
68757,68757,68757_AV,Absent,validation,0.34234244128068286,murmur present screening
68757,68757,68757_PV,Absent,validation,0.2034618929028511,murmur absent screening
68757,68757,68757_TV,Absent,validation,0.23013212904334068,murmur absent screening
69095,49641,69095_AV,Absent,validation,0.23168666873659408,murmur absent screening
69095,49641,69095_MV,Absent,validation,0.2085356009857995,murmur absent screening
69095,49641,69095_PV,Absent,validation,0.15299996520791734,murmur absent screening
69095,49641,69095_TV,Absent,validation,0.03125836244887776,murmur absent screening
69159,69159,69159_AV,Absent,validation,0.4233659704526265,murmur present screening
69159,69159,69159_MV,Absent,validation,0.5604917891323566,murmur present screening
69159,69159,69159_PV,Absent,validation,0.8469780832529068,murmur present screening
69159,69159,69159_TV,Absent,validation,0.2505353279411793,murmur absent screening
72283,72283,72283_MV,Present,validation,0.3849983939102718,murmur present screening
72283,72283,72283_PV,Present,validation,0.6636591723987034,murmur present screening
72283,72283,72283_TV,Present,validation,0.5134714371882952,murmur present screening
81638,81638,81638_AV,Absent,validation,0.594739202942167,murmur present screening
81638,81638,81638_MV,Absent,validation,0.6419836410454342,murmur present screening
84693,84693,84693_AV,Present,validation,0.9780904224940709,murmur present screening
84693,84693,84693_MV,Present,validation,0.9990521839686802,murmur present screening
84693,84693,84693_PV,Present,validation,0.9929058867342332,murmur present screening
84693,84693,84693_TV,Present,validation,0.9995035869734628,murmur present screening
84697,84697,84697_AV,Absent,validation,0.3403122623761495,murmur present screening
84697,84697,84697_MV,Absent,validation,0.19632339850068092,murmur absent screening
84697,84697,84697_PV,Absent,validation,0.2379755638539791,murmur absent screening
84697,84697,84697_TV,Absent,validation,0.14859230518341066,murmur absent screening
84699,84699,84699_AV,Absent,validation,0.3962894193828106,murmur present screening
84699,84699,84699_MV,Absent,validation,0.28260199087006704,murmur absent screening
84699,84699,84699_PV,Absent,validation,0.24334298322598139,murmur absent screening
84699,84699,84699_TV,Absent,validation,0.36587992310523987,murmur present screening
84711,84711,84711_AV,Absent,validation,0.22783005535602568,murmur absent screening
84711,84711,84711_MV,Absent,validation,0.2587675541639328,murmur absent screening
84711,84711,84711_PV,Absent,validation,0.14993011703093848,murmur absent screening
84711,84711,84711_TV,Absent,validation,0.26706545054912567,murmur absent screening
84716,84716,84716_AV,Absent,validation,0.6129169017076492,murmur present screening
84716,84716,84716_MV,Absent,validation,0.14696705788373948,murmur absent screening
84716,84716,84716_PV,Absent,validation,0.15704300701618196,murmur absent screening
84716,84716,84716_TV,Absent,validation,0.18524762926002344,murmur absent screening
84727,84727,84727_AV,Absent,validation,0.27297602593898773,murmur absent screening
84727,84727,84727_MV,Absent,validation,0.45246946811676025,murmur present screening
84727,84727,84727_PV,Absent,validation,0.3013468608260155,murmur absent screening
84727,84727,84727_TV,Absent,validation,0.37295793294906615,murmur present screening
84731,84731,84731_MV,Absent,validation,0.8145743480750492,murmur present screening
84761,84761,84761_AV,Absent,validation,0.42542098959287006,murmur present screening
84761,84761,84761_MV,Absent,validation,0.13934101462364196,murmur absent screening
84761,84761,84761_PV,Absent,validation,0.2680208384990692,murmur absent screening
84761,84761,84761_TV,Absent,validation,0.2657477170228958,murmur absent screening
84769,84769,84769_MV,Absent,validation,0.2277249630008425,murmur absent screening
84769,84769,84769_PV,Absent,validation,0.6136312782764435,murmur present screening
84778,84778,84778_AV,Absent,validation,0.3132140591740608,murmur absent screening
84778,84778,84778_MV,Absent,validation,0.22974538803100586,murmur absent screening
84778,84778,84778_PV,Absent,validation,0.35624196380376816,murmur present screening
84778,84778,84778_TV,Absent,validation,0.3212287649512291,murmur present screening
84808,84808,84808_AV,Absent,validation,0.4639793187379837,murmur present screening
84808,84808,84808_MV,Absent,validation,0.4853697791695595,murmur present screening
84808,84808,84808_PV,Absent,validation,0.553139865398407,murmur present screening
84808,84808,84808_TV,Absent,validation,0.3891335030396779,murmur present screening
84835,84835,84835_AV,Absent,validation,0.30498459935188293,murmur absent screening
84835,84835,84835_MV,Absent,validation,0.31611987203359604,murmur absent screening
84835,84835,84835_PV,Absent,validation,0.39181624352931976,murmur present screening
84835,84835,84835_TV,Absent,validation,0.6901654303073883,murmur present screening
84838,84838,84838_AV,Absent,validation,0.3698159413678305,murmur present screening
84838,84838,84838_MV,Absent,validation,0.33607308318217594,murmur present screening
84838,84838,84838_PV,Absent,validation,0.5280189258711678,murmur present screening
84838,84838,84838_TV,Absent,validation,0.5195784100464412,murmur present screening
84840,84840,84840_MV,Present,validation,0.7959302812814713,murmur present screening
84840,84840,84840_TV,Present,validation,0.95122030377388,murmur present screening
84890,84890,84890_AV,Absent,validation,0.12166184931993484,murmur absent screening
84890,84890,84890_MV,Absent,validation,0.13304236862394545,murmur absent screening
84890,84890,84890_PV,Absent,validation,0.17491952776908876,murmur absent screening
84890,84890,84890_TV,Absent,validation,0.05925556272268295,murmur absent screening
84893,84893,84893_AV,Absent,validation,0.3744084856339863,murmur present screening
84893,84893,84893_PV,Absent,validation,0.3161316839978099,murmur absent screening
84896,84896,84896_AV,Present,validation,0.4291478821209499,murmur present screening
84896,84896,84896_MV,Present,validation,0.39419939262526377,murmur present screening
84896,84896,84896_PV,Present,validation,0.5133617834912406,murmur present screening
84896,84896,84896_TV,Present,validation,0.35001788820539204,murmur present screening
84912,84912,84912_AV,Absent,validation,0.3011768651860101,murmur absent screening
84912,84912,84912_MV,Absent,validation,0.46290931531361174,murmur present screening
84912,84912,84912_PV,Absent,validation,0.5225823053291866,murmur present screening
84912,84912,84912_TV,Absent,validation,0.6153940632939339,murmur present screening
84921,84921,84921_AV,Absent,validation,0.32130662434630924,murmur present screening
84921,84921,84921_MV,Absent,validation,0.2299940437078476,murmur absent screening
84921,84921,84921_PV,Absent,validation,0.19158982272659028,murmur absent screening
84921,84921,84921_TV,Absent,validation,0.1564690712839365,murmur absent screening
84931,84931,84931_AV,Absent,validation,0.4312406139714377,murmur present screening
84931,84931,84931_MV,Absent,validation,0.38252056922231403,murmur present screening
84931,84931,84931_PV,Absent,validation,0.19413640456540243,murmur absent screening
84931,84931,84931_TV,Absent,validation,0.49702216046197073,murmur present screening
84937,84937,84937_AV,Present,validation,0.2128561089436213,murmur absent screening
84937,84937,84937_MV,Present,validation,0.2771182022988796,murmur absent screening
84937,84937,84937_PV,Present,validation,0.4397551119327545,murmur present screening
84937,84937,84937_TV,Present,validation,0.33998873084783554,murmur present screening
84962,84962,84962_AV,Absent,validation,0.1672602854669094,murmur absent screening
84962,84962,84962_MV,Absent,validation,0.4281347393989563,murmur present screening
84962,84962,84962_PV,Absent,validation,0.14105669856071473,murmur absent screening
84962,84962,84962_TV,Absent,validation,0.19977427124977112,murmur absent screening
84974,84974,84974_AV,Absent,validation,0.21943252980709077,murmur absent screening
84974,84974,84974_MV,Absent,validation,0.18862634897232056,murmur absent screening
84974,84974,84974_PV,Absent,validation,0.4545412719249725,murmur present screening
84974,84974,84974_TV,Absent,validation,0.33351799348990124,murmur present screening
84987,84987,84987_AV,Absent,validation,0.32827912406487897,murmur present screening
84987,84987,84987_MV,Absent,validation,0.3533789560198784,murmur present screening
84987,84987,84987_PV,Absent,validation,0.2429590318351984,murmur absent screening
84987,84987,84987_TV,Absent,validation,0.3047726690769196,murmur absent screening
84993,84993,84993_AV,Absent,validation,0.20679869396345957,murmur absent screening
84993,84993,84993_MV,Absent,validation,0.17187401226588658,murmur absent screening
84993,84993,84993_PV,Absent,validation,0.10348331183195114,murmur absent screening
84993,84993,84993_TV,Absent,validation,0.09336601942777634,murmur absent screening
85011,85011,85011_AV,Absent,validation,0.4405334634440286,murmur present screening
85011,85011,85011_MV,Absent,validation,0.7029531449079514,murmur present screening
85012,85012,85012_AV,Absent,validation,0.4239110201597214,murmur present screening
85012,85012,85012_MV,Absent,validation,0.20682806770006815,murmur absent screening
85012,85012,85012_PV,Absent,validation,0.29632237553596497,murmur absent screening
85012,85012,85012_TV,Absent,validation,0.17331861704587936,murmur absent screening
85029,85029,85029_AV,Absent,validation,0.5235445201396942,murmur present screening
85029,85029,85029_MV,Absent,validation,0.4103925973176956,murmur present screening
85029,85029,85029_PV,Absent,validation,0.47689735889434814,murmur present screening
85029,85029,85029_TV,Absent,validation,0.3607700765132904,murmur present screening
85038,85038,85038_AV,Absent,validation,0.5325063169002533,murmur present screening
85038,85038,85038_MV,Absent,validation,0.682689106464386,murmur present screening
85038,85038,85038_PV,Absent,validation,0.6322132689612252,murmur present screening
85038,85038,85038_TV,Absent,validation,0.5226135969161987,murmur present screening
85052,85052,85052_MV,Absent,validation,0.5467072640146527,murmur present screening
85052,85052,85052_PV,Absent,validation,0.2284799282039915,murmur absent screening
85052,85052,85052_TV,Absent,validation,0.3251453367146579,murmur present screening
85087,85087,85087_AV,Present,validation,0.9888946712017059,murmur present screening
85087,85087,85087_MV,Present,validation,0.9986526072025299,murmur present screening
85087,85087,85087_PV,Present,validation,0.9943809707959493,murmur present screening
85087,85087,85087_TV,Present,validation,0.9962578415870667,murmur present screening
85103,85103,85103_AV,Absent,validation,0.3331988528370857,murmur present screening
85103,85103,85103_PV,Absent,validation,0.3199463542550802,murmur present screening
85103,85103,85103_TV,Absent,validation,0.3561668949467795,murmur present screening
85110,85110,85110_AV,Present,validation,0.684981107711792,murmur present screening
85110,85110,85110_MV,Present,validation,0.7651854488584731,murmur present screening
85110,85110,85110_PV,Present,validation,0.7214341504233224,murmur present screening
85110,85110,85110_TV,Present,validation,0.7907552421092987,murmur present screening
85112,85112,85112_AV,Absent,validation,0.7218097845713297,murmur present screening
85112,85112,85112_MV,Absent,validation,0.3646635909875234,murmur present screening
85112,85112,85112_PV,Absent,validation,0.31766825914382935,murmur present screening
85112,85112,85112_TV,Absent,validation,0.3499104827642441,murmur present screening
85114,85114,85114_AV,Absent,validation,0.1954976518948873,murmur absent screening
85114,85114,85114_MV,Absent,validation,0.32116013765335083,murmur present screening
85114,85114,85114_PV,Absent,validation,0.26935286819934845,murmur absent screening
85114,85114,85114_TV,Absent,validation,0.15728390961885452,murmur absent screening
85115,85115,85115_AV,Absent,validation,0.282501257956028,murmur absent screening
85115,85115,85115_MV,Absent,validation,0.1915994162360827,murmur absent screening
85115,85115,85115_PV,Absent,validation,0.35890486240386965,murmur present screening
85115,85115,85115_TV,Absent,validation,0.21035268455743789,murmur absent screening
85123,85123,85123_AV,Absent,validation,0.4449472228686015,murmur present screening
85123,85123,85123_MV,Absent,validation,0.3514708663736071,murmur present screening
85123,85123,85123_PV,Absent,validation,0.7070397649492536,murmur present screening
85123,85123,85123_TV,Absent,validation,0.45741858226912363,murmur present screening
85124,85124,85124_AV,Absent,validation,0.25113293280204135,murmur absent screening
85124,85124,85124_MV,Absent,validation,0.11833668500185013,murmur absent screening
85124,85124,85124_PV,Absent,validation,0.15841777746876082,murmur absent screening
85124,85124,85124_TV,Absent,validation,0.2517366547669683,murmur absent screening
85133,85133,85133_AV,Present,validation,0.3060539464155833,murmur absent screening
85133,85133,85133_MV,Present,validation,0.9170396394199796,murmur present screening
85133,85133,85133_PV,Present,validation,0.6623673737049103,murmur present screening
85133,85133,85133_TV,Present,validation,0.7821785807609558,murmur present screening
85136,85136,85136_AV,Absent,validation,0.4373926818370819,murmur present screening
85136,85136,85136_MV,Absent,validation,0.3019974487168448,murmur absent screening
85136,85136,85136_PV,Absent,validation,0.380801613841738,murmur present screening
85136,85136,85136_TV,Absent,validation,0.2643958205978076,murmur absent screening
85145,85145,85145_MV,Present,validation,0.33138926327228546,murmur present screening
85147,85147,85147_AV,Absent,validation,0.39961963466235567,murmur present screening
85147,85147,85147_MV,Absent,validation,0.27502542095524923,murmur absent screening
85147,85147,85147_PV,Absent,validation,0.3348887749016285,murmur present screening
85147,85147,85147_TV,Absent,validation,0.1880115881562233,murmur absent screening
85148,85148,85148_AV,Absent,validation,0.2706528566777706,murmur absent screening
85148,85148,85148_MV,Absent,validation,0.26452812800804776,murmur absent screening
85148,85148,85148_PV,Absent,validation,0.34576746821403503,murmur present screening
85148,85148,85148_TV,Absent,validation,0.28273906452315195,murmur absent screening
85157,85157,85157_AV,Absent,validation,0.6695093512535095,murmur present screening
85157,85157,85157_MV,Absent,validation,0.27814947813749313,murmur absent screening
85157,85157,85157_PV,Absent,validation,0.30315296600262326,murmur absent screening
85157,85157,85157_TV,Absent,validation,0.37173342279025484,murmur present screening
85175,85175,85175_AV,Absent,validation,0.264388086895148,murmur absent screening
85175,85175,85175_MV,Absent,validation,0.23302973931034407,murmur absent screening
85175,85175,85175_PV,Absent,validation,0.303729310631752,murmur absent screening
85175,85175,85175_TV,Absent,validation,0.3939504495688847,murmur present screening
85197,85197,85197_AV,Absent,validation,0.2960633933544159,murmur absent screening
85197,85197,85197_MV,Absent,validation,0.42302865215710234,murmur present screening
85197,85197,85197_PV,Absent,validation,0.4047223627567291,murmur present screening
85197,85197,85197_TV,Absent,validation,0.22489633162816366,murmur absent screening
85212,85212,85212_AV,Absent,validation,0.4620961419173649,murmur present screening
85212,85212,85212_MV,Absent,validation,0.5240905384222666,murmur present screening
85212,85212,85212_PV,Absent,validation,0.23094335624149867,murmur absent screening
85212,85212,85212_TV,Absent,validation,0.23390187819798788,murmur absent screening
85214,85214,85214_AV,Absent,validation,0.3304531145840883,murmur present screening
85214,85214,85214_MV,Absent,validation,0.37753699057632023,murmur present screening
85214,85214,85214_PV,Absent,validation,0.31909322142601015,murmur present screening
85214,85214,85214_TV,Absent,validation,0.2667082015957151,murmur absent screening
85235,85235,85235_AV,Absent,validation,0.5243871339729854,murmur present screening
85235,85235,85235_MV,Absent,validation,0.2362154107540846,murmur absent screening
85235,85235,85235_PV,Absent,validation,0.3023641513926642,murmur absent screening
85235,85235,85235_TV,Absent,validation,0.20044254511594772,murmur absent screening
85279,85279,85279_AV,Absent,validation,0.1924298597233636,murmur absent screening
85279,85279,85279_MV,Absent,validation,0.15800609160214663,murmur absent screening
85279,85279,85279_PV,Absent,validation,0.19940152764320374,murmur absent screening
85279,85279,85279_TV,Absent,validation,0.11865696344863284,murmur absent screening
85317,85317,85317_AV,Absent,validation,0.30600039660930634,murmur absent screening
85323,85323,85323_PV,Absent,validation,0.21974802017211914,murmur absent screening
85331,85331,85331_AV,Absent,validation,0.2654710352420807,murmur absent screening
85331,85331,85331_MV,Absent,validation,0.37461442606789724,murmur present screening
85331,85331,85331_PV,Absent,validation,0.1642781514674425,murmur absent screening
85331,85331,85331_TV,Absent,validation,0.2842278964817524,murmur absent screening
85341,85341,85341_AV,Absent,validation,0.29315729935963947,murmur absent screening
85341,85341,85341_MV,Absent,validation,0.36309123535950977,murmur present screening
85341,85341,85341_PV,Absent,validation,0.36796795044626507,murmur present screening
85341,85341,85341_TV,Absent,validation,0.29008352508147556,murmur absent screening
