false_positive_rate,true_positive_rate,threshold
0.0,0.0,inf
0.0,0.041666666666666664,0.994546522696813
0.0,0.4166666666666667,0.8201872944831848
0.02040816326530612,0.4166666666666667,0.7464660579959551
0.02040816326530612,0.5833333333333334,0.6669098850753572
0.030612244897959183,0.5833333333333334,0.6654475299697933
0.030612244897959183,0.625,0.65017962031215
0.08163265306122448,0.625,0.57174330417599
0.08163265306122448,0.6666666666666666,0.5668725831942125
0.09183673469387756,0.6666666666666666,0.542805970814966
0.09183673469387756,0.7083333333333334,0.5207096678324236
0.21428571428571427,0.7083333333333334,0.4429011382162571
0.21428571428571427,0.75,0.4393017300448957
0.25510204081632654,0.75,0.42577153630554676
0.25510204081632654,0.7916666666666666,0.4216817366107116
0.35714285714285715,0.7916666666666666,0.36275797869477955
0.35714285714285715,0.8333333333333334,0.36230181089856406
0.4897959183673469,0.8333333333333334,0.3327183919276464
0.4897959183673469,0.875,0.33138926327228546
0.5510204081632653,0.875,0.32202857914602473
0.5510204081632653,0.9166666666666666,0.3174295385057727
0.7142857142857143,0.9166666666666666,0.28330236063762143
0.7142857142857143,0.9583333333333334,0.2797271187890499
0.9183673469387755,0.9583333333333334,0.21153227087448942
0.9183673469387755,1.0,0.20782044689570153
1.0,1.0,0.09805067488923669
