accuracy,loss,pr_auc,precision,roc_auc,sensitivity,val_accuracy,val_loss,val_pr_auc,val_precision,val_roc_auc,val_sensitivity,epoch
0.5818801522254944,0.6970397233963013,0.6118075847625732,0.5838109850883484,0.6132123470306396,0.570360541343689,0.5642799139022827,0.7116988897323608,0.6293161511421204,0.8429553508758545,0.5948928594589233,0.15799430012702942,1
0.6286104917526245,0.639109194278717,0.698344886302948,0.6317846775054932,0.6851040124893188,0.6165662407875061,0.6090711951255798,0.6572584509849548,0.6974303126335144,0.6721969246864319,0.6489503383636475,0.42577582597732544,2
0.6393848061561584,0.6232423782348633,0.7226559519767761,0.6491818428039551,0.7005488872528076,0.6065509915351868,0.5014303922653198,0.8298729062080383,0.7411870956420898,0.5007345080375671,0.6899626851081848,0.9751079082489014,3
0.6566323637962341,0.6108496785163879,0.7451862692832947,0.6670742034912109,0.7181782722473145,0.6253818869590759,0.6282044053077698,0.6217581629753113,0.7501292824745178,0.6152653098106384,0.6982776522636414,0.684330403804779,4
0.6756956577301025,0.5936483144760132,0.7636398673057556,0.6881827712059021,0.7393175363540649,0.6425169110298157,0.5578917860984802,1.0216673612594604,0.651319146156311,0.909736156463623,0.6140438318252563,0.1285366714000702,5
0.6879956722259521,0.5755495429039001,0.7819098234176636,0.7017929553985596,0.7598982453346252,0.653809666633606,0.5376110076904297,0.818230152130127,0.7708137631416321,0.5199993252754211,0.7262494564056396,0.9779162406921387,6
0.7028813362121582,0.5589023232460022,0.7989242076873779,0.7192476391792297,0.7751436829566956,0.6655586361885071,0.5448045134544373,0.8105533719062805,0.7824780941009521,0.5246191024780273,0.7446539402008057,0.9547563195228577,7
0.7096143960952759,0.5507059693336487,0.8100411295890808,0.7263347506523132,0.7831308841705322,0.6726780533790588,0.6302191615104675,0.6995420455932617,0.7539509534835815,0.9240208864212036,0.7024073600769043,0.2837716341018677,8
0.7154662013053894,0.5385792851448059,0.8215372562408447,0.7345472574234009,0.794748842716217,0.6747888326644897,0.683575451374054,0.5770800113677979,0.7886925935745239,0.7674248218536377,0.7461850643157959,0.5268033742904663,9
0.7385674118995667,0.5122209787368774,0.8432376384735107,0.7588136196136475,0.8184971809387207,0.6994542479515076,0.6022979021072388,1.0039504766464233,0.768234133720398,0.9936662316322327,0.7175054550170898,0.20590797066688538,10
0.7576133608818054,0.49987614154815674,0.8533812165260315,0.7768992781639099,0.8294583559036255,0.7227897047996521,0.6260859966278076,0.9123480916023254,0.7825403213500977,0.9831833839416504,0.7329752445220947,0.25655996799468994,11
0.7593654990196228,0.4862254559993744,0.8609498739242554,0.7811058163642883,0.8395532965660095,0.7206963300704956,0.6518805623054504,0.5745211839675903,0.8472357988357544,0.604555606842041,0.8118852972984314,0.8781942129135132,12
0.7723038792610168,0.467093288898468,0.873468279838562,0.7919362187385559,0.8551809787750244,0.7386780977249146,0.6042483448982239,1.2751184701919556,0.7663408517837524,0.9914341568946838,0.7209721803665161,0.2103135585784912,13
0.7730389833450317,0.46983227133750916,0.8727710843086243,0.8000730872154236,0.8504572510719299,0.7279928922653198,0.7150195837020874,0.5183947086334229,0.8536455035209656,0.6912315487861633,0.8192854523658752,0.7772158980369568,14
0.7778907418251038,0.4576115310192108,0.8800373077392578,0.8050421476364136,0.8597562313079834,0.7333869338035583,0.7387412190437317,0.5235635638237,0.8374559879302979,0.7842696309089661,0.7963735461235046,0.6586611866950989,15
0.7792425751686096,0.45162639021873474,0.8816994428634644,0.8065071105957031,0.8641261458396912,0.7347663640975952,0.5435990691184998,1.90907883644104,0.780148983001709,1.0,0.7240570783615112,0.08719795942306519,16
0.7891306281089783,0.4362551271915436,0.8918101787567139,0.8175517916679382,0.8737229108810425,0.7443803548812866,0.7130452394485474,0.6110295653343201,0.8445023894309998,0.9400687217712402,0.8097755312919617,0.4551039934158325,17
0.803083598613739,0.4251781702041626,0.8992905616760254,0.830295741558075,0.8821775317192078,0.76189124584198,0.6700185537338257,0.6677795052528381,0.8171542286872864,0.9803483486175537,0.7757253646850586,0.34699252247810364,18
0.7914401888847351,0.4304610788822174,0.8953284025192261,0.8226544857025146,0.877423882484436,0.7430684566497803,0.6955738067626953,0.7214881777763367,0.8222787976264954,0.9376075863838196,0.77717524766922,0.4190317988395691,19
0.8009650111198425,0.4194338917732239,0.9000722169876099,0.8335124254226685,0.884182870388031,0.7521699666976929,0.7365447282791138,0.582834780216217,0.8489350080490112,0.8664320111274719,0.8084487915039062,0.5593121647834778,20
0.8060213923454285,0.41724321246147156,0.9020587801933289,0.8378345370292664,0.8862116932868958,0.7589381337165833,0.7201952338218689,0.5267122387886047,0.8488835692405701,0.6950763463973999,0.8164011836051941,0.7845770120620728,21
0.8122902512550354,0.4126625657081604,0.9051327705383301,0.8401358127593994,0.8877072334289551,0.7713568806648254,0.6806156039237976,0.6512044668197632,0.7994481921195984,0.8592894077301025,0.7602474093437195,0.4319663941860199,22
