subject_id,subject_group,recording_id,label,split,score,screening_result
23625,23625,23625_AV,Absent,validation,0.7791984847613743,murmur present screening
23625,23625,23625_MV,Absent,validation,0.649140443120684,murmur present screening
23625,23625,23625_PV,Absent,validation,0.7109975706447255,murmur present screening
23625,23625,23625_TV,Absent,validation,0.3911934665271214,murmur absent screening
36327,36327,36327_AV,Present,validation,0.44936126967271167,murmur present screening
36327,36327,36327_MV,Present,validation,0.6341537407466343,murmur present screening
36327,36327,36327_PV,Present,validation,0.5000268604074206,murmur present screening
36327,36327,36327_TV,Present,validation,0.43122397859891254,murmur present screening
46579,46579,46579_AV,Present,validation,0.8850850264231364,murmur present screening
46579,46579,46579_MV,Present,validation,0.8681570546967643,murmur present screening
46579,46579,46579_PV,Present,validation,0.9656382117952619,murmur present screening
46579,46579,46579_TV,Present,validation,0.9640017986297608,murmur present screening
49630,36327,49630_AV,Present,validation,0.4985950946807861,murmur present screening
49630,36327,49630_MV,Present,validation,0.40639103160184975,murmur absent screening
49630,36327,49630_PV,Present,validation,0.31275679336653817,murmur absent screening
49630,36327,49630_TV,Present,validation,0.3618402995846488,murmur absent screening
49641,49641,49641_AV,Absent,validation,0.2548479825258255,murmur absent screening
49641,49641,49641_MV,Absent,validation,0.1086215279996395,murmur absent screening
49641,49641,49641_PV,Absent,validation,0.40617111325263977,murmur absent screening
49641,49641,49641_TV,Absent,validation,0.141853466629982,murmur absent screening
49704,49704,49704_AV,Absent,validation,0.31148770587010816,murmur absent screening
49704,49704,49704_MV,Absent,validation,0.5539802610874176,murmur present screening
49829,49829,49829_AV,Absent,validation,0.4496501372619109,murmur present screening
49829,49829,49829_MV,Absent,validation,0.43505028973926196,murmur present screening
49829,49829,49829_PV,Absent,validation,0.3078167513012886,murmur absent screening
49829,49829,49829_TV,Absent,validation,0.4392922133207321,murmur present screening
49832,49832,49832_AV,Absent,validation,0.3593346557833932,murmur absent screening
49832,49832,49832_MV,Absent,validation,0.2983590364456177,murmur absent screening
49850,49850,49850_AV,Present,validation,0.4659419466148723,murmur present screening
49850,49850,49850_MV,Present,validation,0.36207910694859247,murmur absent screening
49960,49960,49960_AV,Absent,validation,0.7157104462385178,murmur present screening
49960,49960,49960_MV,Absent,validation,0.3404349759221077,murmur absent screening
49960,49960,49960_PV,Absent,validation,0.42414482980966567,murmur present screening
49960,49960,49960_TV,Absent,validation,0.29697153344750404,murmur absent screening
49966,49966,49966_MV,Present,validation,0.9971071481704712,murmur present screening
49974,49974,49974_AV,Absent,validation,0.3094001752989633,murmur absent screening
49974,49974,49974_MV,Absent,validation,0.32742858231067656,murmur absent screening
49974,49974,49974_PV,Absent,validation,0.2909325394365523,murmur absent screening
49974,49974,49974_TV,Absent,validation,0.1594825287659963,murmur absent screening
49978,49978,49978_PV,Absent,validation,0.2780357040464878,murmur absent screening
49979,49979,49979_MV,Absent,validation,0.38072740733623506,murmur absent screening
49988,49988,49988_AV,Absent,validation,0.3869641423225403,murmur absent screening
49988,49988,49988_MV,Absent,validation,0.433839147289594,murmur present screening
49988,49988,49988_PV,Absent,validation,0.35419021050135296,murmur absent screening
49988,49988,49988_TV,Absent,validation,0.3892785646021366,murmur absent screening
49998,49998,49998_MV,Absent,validation,0.4038375914096832,murmur absent screening
49998,49998,49998_PV,Absent,validation,0.4868231664101283,murmur present screening
49998,49998,49998_TV,Absent,validation,0.22244242206215858,murmur absent screening
50032,50032,50032_PV,Absent,validation,0.6043895681699117,murmur present screening
50032,50032,50032_TV_1,Absent,validation,0.3187249004840851,murmur absent screening
50032,50032,50032_TV_2,Absent,validation,0.33360372483730316,murmur absent screening
50048,50048,50048_MV,Absent,validation,0.2812633311582936,murmur absent screening
50048,50048,50048_PV,Absent,validation,0.22219091653823853,murmur absent screening
50048,50048,50048_TV,Absent,validation,0.2393177097493952,murmur absent screening
50056,50056,50056_AV,Present,validation,0.8191411386836659,murmur present screening
50056,50056,50056_MV,Present,validation,0.9812865257263184,murmur present screening
50056,50056,50056_PV,Present,validation,0.9891009980982001,murmur present screening
50056,50056,50056_TV,Present,validation,0.9860779317942533,murmur present screening
50067,50067,50067_MV,Absent,validation,0.4190895882519809,murmur present screening
50067,50067,50067_PV,Absent,validation,0.40629385208541696,murmur absent screening
50067,50067,50067_TV,Absent,validation,0.6157479746775194,murmur present screening
50075,50075,50075_AV,Absent,validation,0.33756133466959,murmur absent screening
50075,50075,50075_MV,Absent,validation,0.3866737112402916,murmur absent screening
50078,50078,50078_AV,Absent,validation,0.5222480297088623,murmur present screening
50078,50078,50078_MV,Absent,validation,0.5268394827842713,murmur present screening
50078,50078,50078_PV,Absent,validation,0.38230709731578827,murmur absent screening
50078,50078,50078_TV,Absent,validation,0.4978252828121185,murmur present screening
50080,50080,50080_AV,Absent,validation,0.48165692538022997,murmur present screening
50080,50080,50080_MV,Absent,validation,0.5581986274984148,murmur present screening
50080,50080,50080_PV,Absent,validation,0.7945827378167046,murmur present screening
50080,50080,50080_TV,Absent,validation,0.48158954456448555,murmur present screening
50094,50094,50094_MV,Absent,validation,0.38127768310633575,murmur absent screening
50094,50094,50094_PV,Absent,validation,0.3348866497928446,murmur absent screening
50094,50094,50094_TV,Absent,validation,0.2787906134670431,murmur absent screening
50096,50096,50096_AV,Absent,validation,0.36374276131391525,murmur absent screening
50096,50096,50096_MV,Absent,validation,0.3401146069169044,murmur absent screening
50096,50096,50096_PV,Absent,validation,0.3737928834226396,murmur absent screening
50096,50096,50096_TV,Absent,validation,0.6596397787332535,murmur present screening
50133,50133,50133_MV,Absent,validation,0.7690218860904375,murmur present screening
50138,50138,50138_AV,Present,validation,0.6636808595874093,murmur present screening
50138,50138,50138_MV,Present,validation,0.7437149069525979,murmur present screening
50204,50204,50204_AV,Absent,validation,0.720228677446192,murmur present screening
50204,50204,50204_MV_1,Absent,validation,0.7647284626960754,murmur present screening
50204,50204,50204_MV_2,Absent,validation,0.6213954572494214,murmur present screening
50209,50209,50209_AV,Present,validation,0.9442115366458893,murmur present screening
50209,50209,50209_MV,Present,validation,0.9674591918786367,murmur present screening
50209,50209,50209_PV,Present,validation,0.9922267463472154,murmur present screening
50209,50209,50209_TV,Present,validation,0.9615188078446821,murmur present screening
50220,50220,50220_AV,Present,validation,0.9978659927845002,murmur present screening
50220,50220,50220_MV,Present,validation,0.952215666954334,murmur present screening
50229,50229,50229_AV,Present,validation,0.9659054428339005,murmur present screening
50229,50229,50229_MV,Present,validation,0.9141144156455994,murmur present screening
50229,50229,50229_PV,Present,validation,0.9631118178367615,murmur present screening
50229,50229,50229_TV,Present,validation,0.8826920911669731,murmur present screening
50255,50255,50255_AV,Absent,validation,0.8305643525990573,murmur present screening
50255,50255,50255_MV,Absent,validation,0.7162511547406515,murmur present screening
50271,50271,50271_AV,Absent,validation,0.27614322304725647,murmur absent screening
50271,50271,50271_MV,Absent,validation,0.38010205775499345,murmur absent screening
50271,50271,50271_PV,Absent,validation,0.1152415495365858,murmur absent screening
50271,50271,50271_TV,Absent,validation,0.30646592047479415,murmur absent screening
50273,50273,50273_AV,Absent,validation,0.4527710974216461,murmur present screening
50273,50273,50273_MV,Absent,validation,0.5222550094127655,murmur present screening
50273,50273,50273_PV,Absent,validation,0.5441130182959817,murmur present screening
50273,50273,50273_TV,Absent,validation,0.3346424177289009,murmur absent screening
50280,50280,50280_AV,Present,validation,0.8130742841296725,murmur present screening
50280,50280,50280_PV,Present,validation,0.8080419301986694,murmur present screening
50280,50280,50280_TV,Present,validation,0.5628681526734278,murmur present screening
50284,50284,50284_AV,Absent,validation,0.4329360991716385,murmur present screening
50284,50284,50284_MV,Absent,validation,0.42809078232808545,murmur present screening
50284,50284,50284_PV,Absent,validation,0.3379384908411238,murmur absent screening
50284,50284,50284_TV,Absent,validation,0.2128809705376625,murmur absent screening
50323,50323,50323_AV,Absent,validation,0.6657833131876859,murmur present screening
50323,50323,50323_MV,Absent,validation,0.7387173732121786,murmur present screening
50323,50323,50323_PV,Absent,validation,0.814651023883086,murmur present screening
50323,50323,50323_TV,Absent,validation,0.780931906266646,murmur present screening
50325,50325,50325_AV,Absent,validation,0.5390816628932953,murmur present screening
50325,50325,50325_MV,Absent,validation,0.5273311585187912,murmur present screening
50325,50325,50325_PV,Absent,validation,0.3608998190611601,murmur absent screening
50325,50325,50325_TV,Absent,validation,0.34851885054792675,murmur absent screening
50336,50336,50336_MV,Absent,validation,0.37346958220005033,murmur absent screening
50336,50336,50336_PV,Absent,validation,0.3278289917442534,murmur absent screening
50336,50336,50336_TV,Absent,validation,0.18064336553215982,murmur absent screening
50345,50345,50345_MV,Absent,validation,0.5785006657242775,murmur present screening
50345,50345,50345_PV,Absent,validation,0.5733104944229126,murmur present screening
50345,50345,50345_TV,Absent,validation,0.708381016146053,murmur present screening
50350,50350,50350_AV,Absent,validation,0.5055574561868396,murmur present screening
50350,50350,50350_MV,Absent,validation,0.39982842857187445,murmur absent screening
50350,50350,50350_PV,Absent,validation,0.4945031702518463,murmur present screening
50350,50350,50350_TV,Absent,validation,0.1808216828852892,murmur absent screening
50379,23625,50379_AV,Absent,validation,0.4947163300080733,murmur present screening
50379,23625,50379_MV,Absent,validation,0.22989607080817223,murmur absent screening
50379,23625,50379_PV,Absent,validation,0.35815578103065493,murmur absent screening
50379,23625,50379_TV,Absent,validation,0.4976824874227697,murmur present screening
50384,50384,50384_AV,Absent,validation,0.551162142645229,murmur present screening
50384,50384,50384_MV,Absent,validation,0.19306533709168433,murmur absent screening
50384,50384,50384_PV,Absent,validation,0.23208613829179245,murmur absent screening
50384,50384,50384_TV,Absent,validation,0.30798841416835787,murmur absent screening
50385,50385,50385_AV,Absent,validation,0.4836419199903806,murmur present screening
50385,50385,50385_MV,Absent,validation,0.2249083618323008,murmur absent screening
50385,50385,50385_PV,Absent,validation,0.4930998222394423,murmur present screening
50385,50385,50385_TV,Absent,validation,0.46481333300471306,murmur present screening
50628,50628,50628_AV,Absent,validation,0.5358021503145044,murmur present screening
50628,50628,50628_MV,Absent,validation,0.37366964329372754,murmur absent screening
50639,50639,50639_PV,Absent,validation,0.21687413528561592,murmur absent screening
50639,50639,50639_TV,Absent,validation,0.28244907408952713,murmur absent screening
50647,50647,50647_AV,Absent,validation,0.34491912722587587,murmur absent screening
50647,50647,50647_MV,Absent,validation,0.4061432642241319,murmur absent screening
50647,50647,50647_PV,Absent,validation,0.4190287157893181,murmur present screening
50647,50647,50647_TV,Absent,validation,0.2066940482367169,murmur absent screening
50658,50658,50658_AV,Absent,validation,0.38022703379392625,murmur absent screening
50658,50658,50658_MV,Absent,validation,0.39780288663777436,murmur absent screening
50658,50658,50658_PV,Absent,validation,0.4227781038392674,murmur present screening
50658,50658,50658_TV,Absent,validation,0.10065523721277714,murmur absent screening
50661,50661,50661_AV,Absent,validation,0.6856662034988403,murmur present screening
50661,50661,50661_MV,Absent,validation,0.40792508965188806,murmur absent screening
50704,50704,50704_AV,Absent,validation,0.6194690664609274,murmur present screening
50704,50704,50704_MV,Absent,validation,0.5622372597455978,murmur present screening
50739,50739,50739_AV,Absent,validation,0.4952421946959062,murmur present screening
50739,50739,50739_MV,Absent,validation,0.47986898909915576,murmur present screening
50744,50744,50744_AV,Present,validation,0.5376863905361721,murmur present screening
50744,50744,50744_MV,Present,validation,0.3014360126107931,murmur absent screening
50744,50744,50744_PV,Present,validation,0.2681744247674942,murmur absent screening
50744,50744,50744_TV,Present,validation,0.528085857629776,murmur present screening
50749,50749,50749_AV,Absent,validation,0.3725038929419084,murmur absent screening
50749,50749,50749_MV,Absent,validation,0.29294239895211327,murmur absent screening
50749,50749,50749_PV,Absent,validation,0.50346772869428,murmur present screening
50749,50749,50749_TV,Absent,validation,0.16986864556868872,murmur absent screening
50793,50793,50793_MV,Absent,validation,0.3618962608955123,murmur absent screening
50793,50793,50793_PV,Absent,validation,0.49966894586881,murmur present screening
50793,50793,50793_TV,Absent,validation,0.5245362791148099,murmur present screening
50820,50820,50820_AV,Absent,validation,0.3157435533675281,murmur absent screening
50820,50820,50820_MV,Absent,validation,0.4899210900068283,murmur present screening
50820,50820,50820_PV,Absent,validation,0.44200338423252106,murmur present screening
50820,50820,50820_TV,Absent,validation,0.29914741481051726,murmur absent screening
57706,57706,57706_AV,Present,validation,0.6031910691942487,murmur present screening
57706,57706,57706_MV,Present,validation,0.9884192262377057,murmur present screening
57706,57706,57706_PV,Present,validation,0.5930359164873759,murmur present screening
57706,57706,57706_TV,Present,validation,0.9450600743293762,murmur present screening
59536,59536,59536_AV,Absent,validation,0.16226356849074364,murmur absent screening
59536,59536,59536_MV,Absent,validation,0.1132814504883506,murmur absent screening
61610,61610,61610_AV,Absent,validation,0.7432779967784882,murmur present screening
61610,61610,61610_MV,Absent,validation,0.7390039137431553,murmur present screening
61610,61610,61610_PV,Absent,validation,0.7613651573657989,murmur present screening
61610,61610,61610_TV,Absent,validation,0.5880416546549115,murmur present screening
63456,63456,63456_AV,Absent,validation,0.5613885919253031,murmur present screening
63456,63456,63456_MV,Absent,validation,0.633104111467089,murmur present screening
63456,63456,63456_PV,Absent,validation,0.683462013800939,murmur present screening
63456,63456,63456_TV,Absent,validation,0.47074457406997683,murmur present screening
68222,49979,68222_AV,Absent,validation,0.4151124854882558,murmur present screening
68222,49979,68222_MV,Absent,validation,0.33470602085192996,murmur absent screening
68222,49979,68222_PV,Absent,validation,0.35855889692902565,murmur absent screening
68222,49979,68222_TV,Absent,validation,0.1890245576699575,murmur absent screening
68279,50030,68279_MV,Present,validation,0.36620294196265085,murmur absent screening
68279,50030,68279_PV,Present,validation,0.22737510253985724,murmur absent screening
68279,50030,68279_TV,Present,validation,0.2935344725847244,murmur absent screening
68306,50056,68306_AV,Present,validation,0.946590713092259,murmur present screening
68306,50056,68306_MV,Present,validation,0.9769569124494281,murmur present screening
68306,50056,68306_PV,Present,validation,0.9906434863805771,murmur present screening
68306,50056,68306_TV,Present,validation,0.9752624305811796,murmur present screening
68318,50067,68318_AV,Absent,validation,0.3630037208398183,murmur absent screening
68318,50067,68318_MV,Absent,validation,0.28834216594696044,murmur absent screening
68318,50067,68318_PV,Absent,validation,0.46955257654190063,murmur present screening
68318,50067,68318_TV,Absent,validation,0.29525884489218396,murmur absent screening
68363,68363,68363_AV,Present,validation,0.9412585496902466,murmur present screening
68363,68363,68363_MV,Present,validation,0.7085887670516968,murmur present screening
68368,50096,68368_AV,Absent,validation,0.5135213375091553,murmur present screening
68368,50096,68368_MV,Absent,validation,0.4334447979927063,murmur present screening
68368,50096,68368_PV,Absent,validation,0.49307305812835694,murmur present screening
68368,50096,68368_TV,Absent,validation,0.5130219876766204,murmur present screening
68374,68374,68374_AV,Present,validation,0.8645165051732745,murmur present screening
68374,68374,68374_MV,Present,validation,0.8213997568402972,murmur present screening
68456,50220,68456_AV,Present,validation,0.9970548152923584,murmur present screening
68456,50220,68456_MV,Present,validation,0.9200912237167358,murmur present screening
68456,50220,68456_PV,Present,validation,0.9877143303553263,murmur present screening
68456,50220,68456_TV,Present,validation,0.9965373873710632,murmur present screening
68560,50209,68560_AV,Present,validation,0.8764397501945496,murmur present screening
68560,50209,68560_MV,Present,validation,0.8906802783409754,murmur present screening
68560,50209,68560_PV,Present,validation,0.9899630665779113,murmur present screening
68560,50209,68560_TV,Present,validation,0.8950666189193726,murmur present screening
68632,50384,68632_AV,Absent,validation,0.583235889673233,murmur present screening
68632,50384,68632_PV,Absent,validation,0.3536494140114103,murmur absent screening
68632,50384,68632_TV,Absent,validation,0.3793297218424933,murmur absent screening
68698,68698,68698_AV,Absent,validation,0.7126449346542358,murmur present screening
68698,68698,68698_MV,Absent,validation,0.7255114614963531,murmur present screening
68698,68698,68698_PV,Absent,validation,0.6480650305747986,murmur present screening
68698,68698,68698_TV,Absent,validation,0.3317212462425232,murmur absent screening
68705,68705,68705_AV,Absent,validation,0.3814273774623871,murmur absent screening
68705,68705,68705_MV,Absent,validation,0.43714936077594757,murmur present screening
68705,68705,68705_PV,Absent,validation,0.4206757992506027,murmur present screening
68705,68705,68705_TV,Absent,validation,0.26709601779778797,murmur absent screening
68741,68741,68741_AV,Absent,validation,0.4029313052694003,murmur absent screening
68741,68741,68741_MV,Absent,validation,0.5190808698534966,murmur present screening
68741,68741,68741_PV,Absent,validation,0.328396238386631,murmur absent screening
68741,68741,68741_TV,Absent,validation,0.25701251812279224,murmur absent screening
68755,68755,68755_AV,Absent,validation,0.2956154389040811,murmur absent screening
68755,68755,68755_MV,Absent,validation,0.129806786775589,murmur absent screening
68755,68755,68755_PV,Absent,validation,0.20223064507756913,murmur absent screening
68755,68755,68755_TV,Absent,validation,0.1052478863434358,murmur absent screening
68757,68757,68757_AV,Absent,validation,0.38748832046985626,murmur absent screening
68757,68757,68757_PV,Absent,validation,0.2757384330034256,murmur absent screening
68757,68757,68757_TV,Absent,validation,0.15838032588362694,murmur absent screening
69095,49641,69095_AV,Absent,validation,0.395468179668699,murmur absent screening
69095,49641,69095_MV,Absent,validation,0.2183422020503453,murmur absent screening
69095,49641,69095_PV,Absent,validation,0.2901115247181484,murmur absent screening
69095,49641,69095_TV,Absent,validation,0.03308255970478058,murmur absent screening
69159,69159,69159_AV,Absent,validation,0.5914353529612223,murmur present screening
69159,69159,69159_MV,Absent,validation,0.6383905485272408,murmur present screening
69159,69159,69159_PV,Absent,validation,0.8723685145378113,murmur present screening
69159,69159,69159_TV,Absent,validation,0.28122444450855255,murmur absent screening
72283,72283,72283_MV,Present,validation,0.46349911604608807,murmur present screening
72283,72283,72283_PV,Present,validation,0.7760141747338432,murmur present screening
72283,72283,72283_TV,Present,validation,0.5525375398305746,murmur present screening
81638,81638,81638_AV,Absent,validation,0.8388514944485256,murmur present screening
81638,81638,81638_MV,Absent,validation,0.8040363192558289,murmur present screening
84693,84693,84693_AV,Present,validation,0.9956558346748352,murmur present screening
84693,84693,84693_MV,Present,validation,0.999700767653329,murmur present screening
84693,84693,84693_PV,Present,validation,0.9977835101239821,murmur present screening
84693,84693,84693_TV,Present,validation,0.9998684099742344,murmur present screening
84697,84697,84697_AV,Absent,validation,0.7592527071634928,murmur present screening
84697,84697,84697_MV,Absent,validation,0.18401756137609482,murmur absent screening
84697,84697,84697_PV,Absent,validation,0.35897282883524895,murmur absent screening
84697,84697,84697_TV,Absent,validation,0.14801726192235948,murmur absent screening
84699,84699,84699_AV,Absent,validation,0.5010558441281319,murmur present screening
84699,84699,84699_MV,Absent,validation,0.4807555760656084,murmur present screening
84699,84699,84699_PV,Absent,validation,0.29104170203208923,murmur absent screening
84699,84699,84699_TV,Absent,validation,0.38513219030573964,murmur absent screening
84711,84711,84711_AV,Absent,validation,0.26508994996547697,murmur absent screening
84711,84711,84711_MV,Absent,validation,0.20446205735206605,murmur absent screening
84711,84711,84711_PV,Absent,validation,0.16980433215697607,murmur absent screening
84711,84711,84711_TV,Absent,validation,0.17106698602437972,murmur absent screening
84716,84716,84716_AV,Absent,validation,0.6786894500255585,murmur present screening
84716,84716,84716_MV,Absent,validation,0.16912640929222106,murmur absent screening
84716,84716,84716_PV,Absent,validation,0.42390833497047425,murmur present screening
84716,84716,84716_TV,Absent,validation,0.21617200473944345,murmur absent screening
84727,84727,84727_AV,Absent,validation,0.44019936919212344,murmur present screening
84727,84727,84727_MV,Absent,validation,0.4562792629003525,murmur present screening
84727,84727,84727_PV,Absent,validation,0.46154309064149857,murmur present screening
84727,84727,84727_TV,Absent,validation,0.3372580945491791,murmur absent screening
84731,84731,84731_MV,Absent,validation,0.8486852220126561,murmur present screening
84761,84761,84761_AV,Absent,validation,0.5032363732655843,murmur present screening
84761,84761,84761_MV,Absent,validation,0.2501131325960159,murmur absent screening
84761,84761,84761_PV,Absent,validation,0.36648180335760117,murmur absent screening
84761,84761,84761_TV,Absent,validation,0.27033697068691254,murmur absent screening
84769,84769,84769_MV,Absent,validation,0.3988352247646877,murmur absent screening
84769,84769,84769_PV,Absent,validation,0.7824588529765606,murmur present screening
84778,84778,84778_AV,Absent,validation,0.4018256336450577,murmur absent screening
84778,84778,84778_MV,Absent,validation,0.21066230162978172,murmur absent screening
84778,84778,84778_PV,Absent,validation,0.4346920773386955,murmur present screening
84778,84778,84778_TV,Absent,validation,0.4485231339931488,murmur present screening
84808,84808,84808_AV,Absent,validation,0.5293484032154083,murmur present screening
84808,84808,84808_MV,Absent,validation,0.3991107940673828,murmur absent screening
84808,84808,84808_PV,Absent,validation,0.5050089955329895,murmur present screening
84808,84808,84808_TV,Absent,validation,0.4213235378265381,murmur present screening
84835,84835,84835_AV,Absent,validation,0.2995871491730213,murmur absent screening
84835,84835,84835_MV,Absent,validation,0.47750087827444077,murmur present screening
84835,84835,84835_PV,Absent,validation,0.5875403136014938,murmur present screening
84835,84835,84835_TV,Absent,validation,0.7513082325458527,murmur present screening
84838,84838,84838_AV,Absent,validation,0.5127438647406442,murmur present screening
84838,84838,84838_MV,Absent,validation,0.2922755032777786,murmur absent screening
84838,84838,84838_PV,Absent,validation,0.6974381804466248,murmur present screening
84838,84838,84838_TV,Absent,validation,0.5296223206179482,murmur present screening
84840,84840,84840_MV,Present,validation,0.8993239551782608,murmur present screening
84840,84840,84840_TV,Present,validation,0.9741052389144897,murmur present screening
84890,84890,84890_AV,Absent,validation,0.13356775604188442,murmur absent screening
84890,84890,84890_MV,Absent,validation,0.15012514342864355,murmur absent screening
84890,84890,84890_PV,Absent,validation,0.1853097066283226,murmur absent screening
84890,84890,84890_TV,Absent,validation,0.03942766971886158,murmur absent screening
84893,84893,84893_AV,Absent,validation,0.5059249826839992,murmur present screening
84893,84893,84893_PV,Absent,validation,0.4895102120935917,murmur present screening
84896,84896,84896_AV,Present,validation,0.6737253495625087,murmur present screening
84896,84896,84896_MV,Present,validation,0.489895224571228,murmur present screening
84896,84896,84896_PV,Present,validation,0.5791456765598721,murmur present screening
84896,84896,84896_TV,Present,validation,0.46293569036892485,murmur present screening
84912,84912,84912_AV,Absent,validation,0.47812066759381977,murmur present screening
84912,84912,84912_MV,Absent,validation,0.5310883351734706,murmur present screening
84912,84912,84912_PV,Absent,validation,0.596296604190554,murmur present screening
84912,84912,84912_TV,Absent,validation,0.6706236824393272,murmur present screening
84921,84921,84921_AV,Absent,validation,0.3939364767736859,murmur absent screening
84921,84921,84921_MV,Absent,validation,0.3649773430079222,murmur absent screening
84921,84921,84921_PV,Absent,validation,0.29246775805950165,murmur absent screening
84921,84921,84921_TV,Absent,validation,0.17673876844346523,murmur absent screening
84931,84931,84931_AV,Absent,validation,0.5902886944157737,murmur present screening
84931,84931,84931_MV,Absent,validation,0.40988661135946003,murmur present screening
84931,84931,84931_PV,Absent,validation,0.3019998094865254,murmur absent screening
84931,84931,84931_TV,Absent,validation,0.3913704476186207,murmur absent screening
84937,84937,84937_AV,Present,validation,0.3422954281171163,murmur absent screening
84937,84937,84937_MV,Present,validation,0.17141903564333916,murmur absent screening
84937,84937,84937_PV,Present,validation,0.5311135848363241,murmur present screening
84937,84937,84937_TV,Present,validation,0.4520011991262436,murmur present screening
84962,84962,84962_AV,Absent,validation,0.33033332228660583,murmur absent screening
84962,84962,84962_MV,Absent,validation,0.6566416834081922,murmur present screening
84962,84962,84962_PV,Absent,validation,0.2408567786216736,murmur absent screening
84962,84962,84962_TV,Absent,validation,0.39565161168575286,murmur absent screening
84974,84974,84974_AV,Absent,validation,0.3264989733695984,murmur absent screening
84974,84974,84974_MV,Absent,validation,0.1988193222454616,murmur absent screening
84974,84974,84974_PV,Absent,validation,0.3991376578807831,murmur absent screening
84974,84974,84974_TV,Absent,validation,0.33318602045377094,murmur absent screening
84987,84987,84987_AV,Absent,validation,0.37996903332796966,murmur absent screening
84987,84987,84987_MV,Absent,validation,0.5362765341997147,murmur present screening
84987,84987,84987_PV,Absent,validation,0.3145843632519245,murmur absent screening
84987,84987,84987_TV,Absent,validation,0.451210130751133,murmur present screening
84993,84993,84993_AV,Absent,validation,0.30273633343832834,murmur absent screening
84993,84993,84993_MV,Absent,validation,0.2743995998586927,murmur absent screening
84993,84993,84993_PV,Absent,validation,0.21683972009590693,murmur absent screening
84993,84993,84993_TV,Absent,validation,0.1285926742213113,murmur absent screening
85011,85011,85011_AV,Absent,validation,0.5087938180991581,murmur present screening
85011,85011,85011_MV,Absent,validation,0.723017618060112,murmur present screening
85012,85012,85012_AV,Absent,validation,0.5739859938621521,murmur present screening
85012,85012,85012_MV,Absent,validation,0.2796402374903361,murmur absent screening
85012,85012,85012_PV,Absent,validation,0.5556761920452118,murmur present screening
85012,85012,85012_TV,Absent,validation,0.255148321390152,murmur absent screening
85029,85029,85029_AV,Absent,validation,0.5967675745487213,murmur present screening
85029,85029,85029_MV,Absent,validation,0.5110128596425056,murmur present screening
85029,85029,85029_PV,Absent,validation,0.6287305355072021,murmur present screening
85029,85029,85029_TV,Absent,validation,0.4684759279092153,murmur present screening
85038,85038,85038_AV,Absent,validation,0.7053881088892618,murmur present screening
85038,85038,85038_MV,Absent,validation,0.8233254313468933,murmur present screening
85038,85038,85038_PV,Absent,validation,0.7063921008791242,murmur present screening
85038,85038,85038_TV,Absent,validation,0.5877859830856323,murmur present screening
85052,85052,85052_MV,Absent,validation,0.6148220300674438,murmur present screening
85052,85052,85052_PV,Absent,validation,0.38997567125729155,murmur absent screening
85052,85052,85052_TV,Absent,validation,0.2630423361604864,murmur absent screening
85087,85087,85087_AV,Present,validation,0.9936065077781677,murmur present screening
85087,85087,85087_MV,Present,validation,0.9995187520980835,murmur present screening
85087,85087,85087_PV,Present,validation,0.998072107632955,murmur present screening
85087,85087,85087_TV,Present,validation,0.9946216642856598,murmur present screening
85103,85103,85103_AV,Absent,validation,0.40572984019915265,murmur absent screening
85103,85103,85103_PV,Absent,validation,0.5360770002007484,murmur present screening
85103,85103,85103_TV,Absent,validation,0.42222486223493305,murmur present screening
85110,85110,85110_AV,Present,validation,0.6915619203022548,murmur present screening
85110,85110,85110_MV,Present,validation,0.8558180265956454,murmur present screening
85110,85110,85110_PV,Present,validation,0.8045168519020081,murmur present screening
85110,85110,85110_TV,Present,validation,0.8366975262761116,murmur present screening
85112,85112,85112_AV,Absent,validation,0.7862755258878072,murmur present screening
85112,85112,85112_MV,Absent,validation,0.5654930472373962,murmur present screening
85112,85112,85112_PV,Absent,validation,0.5706568559010824,murmur present screening
85112,85112,85112_TV,Absent,validation,0.5170848816633224,murmur present screening
85114,85114,85114_AV,Absent,validation,0.2359999716281891,murmur absent screening
85114,85114,85114_MV,Absent,validation,0.36008138457934064,murmur absent screening
85114,85114,85114_PV,Absent,validation,0.24938892821470895,murmur absent screening
85114,85114,85114_TV,Absent,validation,0.12289632111787796,murmur absent screening
85115,85115,85115_AV,Absent,validation,0.3414921164512634,murmur absent screening
85115,85115,85115_MV,Absent,validation,0.27559732894102734,murmur absent screening
85115,85115,85115_PV,Absent,validation,0.37273656129837035,murmur absent screening
85115,85115,85115_TV,Absent,validation,0.17806945592164994,murmur absent screening
85123,85123,85123_AV,Absent,validation,0.6508830984433492,murmur present screening
85123,85123,85123_MV,Absent,validation,0.42609262466430664,murmur present screening
85123,85123,85123_PV,Absent,validation,0.7687799760273525,murmur present screening
85123,85123,85123_TV,Absent,validation,0.4079702539103372,murmur absent screening
85124,85124,85124_AV,Absent,validation,0.3560993770758311,murmur absent screening
85124,85124,85124_MV,Absent,validation,0.19582742328445116,murmur absent screening
85124,85124,85124_PV,Absent,validation,0.23873145505785942,murmur absent screening
85124,85124,85124_TV,Absent,validation,0.25242635181971956,murmur absent screening
85133,85133,85133_AV,Present,validation,0.5878666440645853,murmur present screening
85133,85133,85133_MV,Present,validation,0.9266752931806777,murmur present screening
85133,85133,85133_PV,Present,validation,0.8366829305887222,murmur present screening
85133,85133,85133_TV,Present,validation,0.8110508322715759,murmur present screening
85136,85136,85136_AV,Absent,validation,0.4811381357056754,murmur present screening
85136,85136,85136_MV,Absent,validation,0.28501456337315695,murmur absent screening
85136,85136,85136_PV,Absent,validation,0.5190089685576302,murmur present screening
85136,85136,85136_TV,Absent,validation,0.236984483897686,murmur absent screening
85145,85145,85145_MV,Present,validation,0.5584602691233158,murmur present screening
85147,85147,85147_AV,Absent,validation,0.4880330775465284,murmur present screening
85147,85147,85147_MV,Absent,validation,0.34876614809036255,murmur absent screening
85147,85147,85147_PV,Absent,validation,0.47372331097722054,murmur present screening
85147,85147,85147_TV,Absent,validation,0.20606525614857674,murmur absent screening
85148,85148,85148_AV,Absent,validation,0.2611341867595911,murmur absent screening
85148,85148,85148_MV,Absent,validation,0.4047329053282738,murmur absent screening
85148,85148,85148_PV,Absent,validation,0.3663938854421888,murmur absent screening
85148,85148,85148_TV,Absent,validation,0.3474392997367041,murmur absent screening
85157,85157,85157_AV,Absent,validation,0.7453258633613586,murmur present screening
85157,85157,85157_MV,Absent,validation,0.39414019584655763,murmur absent screening
85157,85157,85157_PV,Absent,validation,0.4074135919411977,murmur absent screening
85157,85157,85157_TV,Absent,validation,0.31935520683016094,murmur absent screening
85175,85175,85175_AV,Absent,validation,0.4114037752151489,murmur present screening
85175,85175,85175_MV,Absent,validation,0.34909798204898834,murmur absent screening
85175,85175,85175_PV,Absent,validation,0.40661367561135975,murmur absent screening
85175,85175,85175_TV,Absent,validation,0.4034502123083387,murmur absent screening
85197,85197,85197_AV,Absent,validation,0.37725991755723953,murmur absent screening
85197,85197,85197_MV,Absent,validation,0.474457038300378,murmur present screening
85197,85197,85197_PV,Absent,validation,0.3510585029919942,murmur absent screening
85197,85197,85197_TV,Absent,validation,0.2717818518479665,murmur absent screening
85212,85212,85212_AV,Absent,validation,0.5072958852563586,murmur present screening
85212,85212,85212_MV,Absent,validation,0.6162519653638204,murmur present screening
85212,85212,85212_PV,Absent,validation,0.41233497858047485,murmur present screening
85212,85212,85212_TV,Absent,validation,0.33725278576215106,murmur absent screening
85214,85214,85214_AV,Absent,validation,0.5812664106488228,murmur present screening
85214,85214,85214_MV,Absent,validation,0.5701406863000658,murmur present screening
85214,85214,85214_PV,Absent,validation,0.5002121448516845,murmur present screening
85214,85214,85214_TV,Absent,validation,0.42855029872485567,murmur present screening
85235,85235,85235_AV,Absent,validation,0.7002037593296596,murmur present screening
85235,85235,85235_MV,Absent,validation,0.2900716010481119,murmur absent screening
85235,85235,85235_PV,Absent,validation,0.3411772591727121,murmur absent screening
85235,85235,85235_TV,Absent,validation,0.20237719267606735,murmur absent screening
85279,85279,85279_AV,Absent,validation,0.35977823393685476,murmur absent screening
85279,85279,85279_MV,Absent,validation,0.21679370664060116,murmur absent screening
85279,85279,85279_PV,Absent,validation,0.26599638164043427,murmur absent screening
85279,85279,85279_TV,Absent,validation,0.09133733842860568,murmur absent screening
85317,85317,85317_AV,Absent,validation,0.29166566899844576,murmur absent screening
85323,85323,85323_PV,Absent,validation,0.44397998849550885,murmur present screening
85331,85331,85331_AV,Absent,validation,0.3113535761833191,murmur absent screening
85331,85331,85331_MV,Absent,validation,0.5480188599654606,murmur present screening
85331,85331,85331_PV,Absent,validation,0.20195827446877956,murmur absent screening
85331,85331,85331_TV,Absent,validation,0.36896463483572006,murmur absent screening
85341,85341,85341_AV,Absent,validation,0.5178404996792475,murmur present screening
85341,85341,85341_MV,Absent,validation,0.5555466910203298,murmur present screening
85341,85341,85341_PV,Absent,validation,0.5384100377559662,murmur present screening
85341,85341,85341_TV,Absent,validation,0.3680426975091298,murmur absent screening
