recording_id,participant_id,site,true_label,cross_fitted_score,segment_count,inner_fold
2530_AV,2530,AV,Absent,0.3133859,8,2
2530_MV,2530,MV,Absent,0.2895382,9,2
2530_PV,2530,PV,Absent,0.18162169,4,2
2530_TV,2530,TV,Absent,0.2031415,4,2
38337_AV,38337,AV,Absent,0.6549419,4,2
38337_MV,38337,MV,Absent,0.5899764,6,2
43852_AV,43852,AV,Absent,0.3654532,7,2
43852_MV,43852,MV,Absent,0.39102516,7,2
43852_PV,43852,PV,Absent,0.24061334,6,2
43852_TV,43852,TV,Absent,0.2953541,7,2
49622_AV,38337,AV,Absent,0.5316508,11,2
49622_MV,38337,MV,Absent,0.7467216,11,2
49661_AV,49661,AV,Absent,0.4966095,11,2
49661_MV,49661,MV,Absent,0.20711027,11,2
49683_AV,49683,AV,Absent,0.13899185,10,2
49683_MV,49683,MV,Absent,0.36308312,10,2
49683_PV,49683,PV,Absent,0.18101178,10,2
49683_TV,49683,TV,Absent,0.116079785,11,2
49853_AV,49853,AV,Absent,0.25305933,8,2
49853_MV,49853,MV,Absent,0.14508529,8,2
49853_PV,49853,PV,Absent,0.026711185,7,2
49853_TV,49853,TV,Absent,0.073362075,7,2
50066_AV,50066,AV,Absent,0.2417828,11,2
50066_MV,50066,MV,Absent,0.19652963,12,2
50085_AV,50085,AV,Absent,0.30273443,5,2
50085_MV,50085,MV,Absent,0.2895941,8,2
50085_PV,50085,PV,Absent,0.3860732,6,2
50085_TV,50085,TV,Absent,0.20576893,6,2
50100_AV,50100,AV,Absent,0.39542806,12,2
50100_MV,50100,MV,Absent,0.31955647,14,2
50126_AV,50126,AV,Absent,0.26696447,10,2
50126_MV,50126,MV,Absent,0.3384482,10,2
50126_PV,50126,PV,Absent,0.58087826,7,2
50126_TV,50126,TV,Absent,0.27257532,8,2
50127_MV,50127,MV,Present,0.72598386,11,2
50127_TV,50127,TV,Present,0.59707355,7,2
50141_AV,50141,AV,Absent,0.4938285,11,2
50145_MV,50145,MV,Absent,0.52203935,13,2
50174_AV,50174,AV,Absent,0.63124996,5,2
50174_MV,50174,MV,Absent,0.7806494,4,2
50174_PV,50174,PV,Absent,0.7354587,3,2
50174_TV,50174,TV,Absent,0.64234775,4,2
50219_AV,50219,AV,Absent,0.7408534,13,2
50219_MV,50219,MV,Absent,0.5827294,11,2
50219_PV,50219,PV,Absent,0.5658503,5,2
50228_AV,50228,AV,Absent,0.49906704,11,2
50228_MV,50228,MV,Absent,0.20423818,14,2
50241_MV,50241,MV,Absent,0.6100517,11,2
50247_AV,50247,AV,Absent,0.26475763,9,2
50247_MV,50247,MV,Absent,0.16429017,12,2
50247_PV,50247,PV,Absent,0.25897077,11,2
50275_AV,50275,AV,Absent,0.39260438,9,2
50275_MV,50275,MV,Absent,0.39616266,10,2
50275_PV,50275,PV,Absent,0.3251011,10,2
50275_TV,50275,TV,Absent,0.34072566,10,2
50289_AV,50289,AV,Present,0.80455464,10,2
50289_PV,50289,PV,Present,0.85546696,9,2
50289_TV,50289,TV,Present,0.70529145,11,2
50298_MV,50298,MV,Absent,0.39750978,12,2
50298_PV,50298,PV,Absent,0.35531157,11,2
50298_TV,50298,TV,Absent,0.39680645,10,2
50331_AV,50331,AV,Present,0.8833001,5,2
50331_MV,50331,MV,Present,0.95562816,8,2
50331_PV,50331,PV,Present,0.9880159,9,2
50331_TV,50331,TV,Present,0.98521286,8,2
50332_AV,50332,AV,Present,0.8166593,12,2
50332_MV,50332,MV,Present,0.82528615,21,2
50339_AV,50339,AV,Absent,0.13279024,10,2
50339_MV,50339,MV,Absent,0.18366583,10,2
50339_PV,50339,PV,Absent,0.14081201,10,2
50339_TV,50339,TV,Absent,0.09119618,10,2
50349_AV,50349,AV,Absent,0.2808599,11,2
50349_MV,50349,MV,Absent,0.49810287,11,2
50349_PV,50349,PV,Absent,0.47914222,12,2
50349_TV,50349,TV,Absent,0.24623838,11,2
50354_AV,50354,AV,Absent,0.35311162,10,2
50354_MV,50354,MV,Absent,0.42595267,10,2
50354_PV,50354,PV,Absent,0.411396,11,2
50354_TV,50354,TV,Absent,0.298769,11,2
50375_AV,50375,AV,Absent,0.3720822,10,2
50375_MV,50375,MV,Absent,0.4008376,11,2
50393_AV,50393,AV,Absent,0.37365383,10,2
50393_MV,50393,MV,Absent,0.42367697,11,2
50393_PV,50393,PV,Absent,0.32074416,11,2
50393_TV,50393,TV,Absent,0.44557774,11,2
50641_MV,50641,MV,Absent,0.41938844,10,2
50641_PV,50641,PV,Absent,0.16073762,10,2
50641_TV,50641,TV,Absent,0.45786393,13,2
50645_AV,50645,AV,Absent,0.345626,10,2
50645_MV,50645,MV,Absent,0.3206936,11,2
50645_PV,50645,PV,Absent,0.34290522,11,2
50645_TV,50645,TV,Absent,0.2741461,11,2
50652_AV,50652,AV,Absent,0.53987885,10,2
50652_MV,50652,MV,Absent,0.35267103,11,2
50655_AV,50655,AV,Absent,0.4696075,10,2
50655_MV,50655,MV,Absent,0.3841319,12,2
50667_AV,50667,AV,Absent,0.42728797,11,2
50667_MV,50667,MV,Absent,0.24214235,11,2
50667_PV,50667,PV,Absent,0.31234533,11,2
50667_TV,50667,TV,Absent,0.24711607,11,2
50736_PV,50736,PV,Present,0.54571843,8,2
50736_TV,50736,TV,Present,0.3944192,8,2
50746_MV,50746,MV,Present,0.40742716,10,2
50747_AV,50747,AV,Absent,0.11937463,10,2
50747_MV,50747,MV,Absent,0.1970694,10,2
50747_PV,50747,PV,Absent,0.15885954,11,2
50747_TV,50747,TV,Absent,0.21486932,11,2
50751_AV,50751,AV,Absent,0.4222477,10,2
50751_MV,50751,MV,Absent,0.37393266,11,2
50751_PV,50751,PV,Absent,0.30934864,10,2
50751_TV,50751,TV,Absent,0.17751482,10,2
50752_AV,50752,AV,Absent,0.4757998,10,2
50752_MV,50752,MV,Absent,0.18342847,10,2
50752_PV,50752,PV,Absent,0.30327094,9,2
50752_TV,50752,TV,Absent,0.20936352,9,2
50756_AV,50756,AV,Absent,0.32791474,12,2
50756_MV,50756,MV,Absent,0.17477195,10,2
50756_PV,50756,PV,Absent,0.46097237,9,2
50756_TV,50756,TV,Absent,0.25809914,9,2
50762_AV,50762,AV,Absent,0.3097357,10,2
50762_MV,50762,MV,Absent,0.21489573,10,2
50762_PV,50762,PV,Absent,0.2667789,10,2
50762_TV,50762,TV,Absent,0.36986297,10,2
50771_AV,50771,AV,Absent,0.54228455,9,2
50771_MV,50771,MV,Absent,0.29828042,10,2
50771_PV,50771,PV,Absent,0.39029318,9,2
50771_TV,50771,TV,Absent,0.7746005,10,2
50803_AV,50803,AV,Absent,0.5305489,12,2
50803_MV,50803,MV,Absent,0.33293128,10,2
50803_PV,50803,PV,Absent,0.4938089,10,2
50803_TV,50803,TV,Absent,0.22375302,10,2
51064_MV,51064,MV,Present,0.07802405,7,2
61117_TV,61117,TV,Present,0.45633978,2,2
68292_AV,68292,AV,Absent,0.46222293,4,2
68292_MV,68292,MV,Absent,0.17984235,5,2
68292_PV,68292,PV,Absent,0.3818008,5,2
68292_TV,68292,TV,Absent,0.16103654,3,2
68337_AV,50127,AV,Present,0.20184745,7,2
68337_MV,50127,MV,Present,0.4485666,6,2
68337_PV,50127,PV,Present,0.6296492,7,2
68337_TV,50127,TV,Present,0.2340715,11,2
68449_AV,68449,AV,Absent,0.37213,7,2
68449_PV,68449,PV,Absent,0.31873155,7,2
68449_TV,68449,TV,Absent,0.1574498,6,2
68646_AV,68646,AV,Absent,0.4732401,6,2
68646_MV,68646,MV,Absent,0.34861788,10,2
68646_PV,68646,PV,Absent,0.24537875,6,2
68646_TV,68646,TV,Absent,0.07942298,4,2
68888_AV,50652,AV,Absent,0.38849768,3,2
68888_MV,50652,MV,Absent,0.2538473,5,2
68888_PV,50652,PV,Absent,0.3325193,7,2
68888_TV,50652,TV,Absent,0.22103357,5,2
69093_AV,69093,AV,Present,0.33696133,7,2
69093_MV,69093,MV,Present,0.8107635,7,2
69093_PV,69093,PV,Present,0.47915035,7,2
69093_TV,69093,TV,Present,0.9620942,10,2
69112_AV,69112,AV,Absent,0.21628599,1,2
69112_MV,69112,MV,Absent,0.1155292,5,2
69112_PV,69112,PV,Absent,0.33791754,2,2
69112_TV,69112,TV,Absent,0.19476788,3,2
69152_AV,69152,AV,Absent,0.30068564,4,2
69152_MV,69152,MV,Absent,0.24625428,6,2
69152_PV,69152,PV,Absent,0.2899161,5,2
69152_TV,69152,TV,Absent,0.2969315,4,2
73497_AV,73497,AV,Present,0.8792298,4,2
73497_MV,73497,MV,Present,0.8729663,5,2
73497_PV,73497,PV,Present,0.9482725,3,2
73497_TV,73497,TV,Present,0.7861852,3,2
84690_MV,84690,MV,Present,0.9999129,10,2
84690_Phc,84690,Phc,Present,0.9986484,8,2
84690_TV,84690,TV,Present,0.9848327,7,2
84696_AV,84696,AV,Absent,0.43831214,2,2
84696_MV,84696,MV,Absent,0.27735615,4,2
84696_PV,84696,PV,Absent,0.23405403,3,2
84696_TV,84696,TV,Absent,0.33979282,3,2
84704_PV,84704,PV,Absent,0.24437511,5,2
84706_AV,84706,AV,Absent,0.32444292,4,2
84706_MV,84706,MV,Absent,0.36515912,6,2
84706_PV,84706,PV,Absent,0.111924514,5,2
84706_TV,84706,TV,Absent,0.22013311,5,2
84708_AV,84708,AV,Absent,0.24806571,8,2
84708_MV,84708,MV,Absent,0.3133263,10,2
84709_AV,84709,AV,Absent,0.45889026,5,2
84709_MV,84709,MV,Absent,0.28015134,5,2
84709_PV,84709,PV,Absent,0.454548,4,2
84709_TV,84709,TV,Absent,0.20342831,4,2
84734_AV,84734,AV,Absent,0.28644222,7,2
84734_MV,84734,MV,Absent,0.1695443,7,2
84734_PV,84734,PV,Absent,0.25611442,7,2
84734_TV,84734,TV,Absent,0.2814636,7,2
84754_AV,84754,AV,Absent,0.40452623,6,2
84754_MV,84754,MV,Absent,0.14188792,7,2
84754_TV,84754,TV,Absent,0.29060972,8,2
84804_MV,84804,MV,Absent,0.31998754,7,2
84822_AV,84822,AV,Absent,0.41343525,6,2
84822_MV,84822,MV,Absent,0.226011,5,2
84822_PV,84822,PV,Absent,0.24520057,6,2
84822_TV,84822,TV,Absent,0.47753528,6,2
84829_AV,84829,AV,Absent,0.37431568,7,2
84829_MV,84829,MV,Absent,0.32868093,7,2
84829_PV,84829,PV,Absent,0.21867466,7,2
84829_TV,84829,TV,Absent,0.45152888,6,2
84852_AV,84852,AV,Absent,0.4198828,9,2
84852_MV,84852,MV,Absent,0.25172186,6,2
84852_PV,84852,PV,Absent,0.40299964,7,2
84852_TV,84852,TV,Absent,0.42721424,10,2
84859_AV,84859,AV,Absent,0.38883823,7,2
84859_MV,84859,MV,Absent,0.36273128,7,2
84859_PV,84859,PV,Absent,0.298378,6,2
84859_TV,84859,TV,Absent,0.13133971,7,2
84863_AV,84863,AV,Present,0.7993848,6,2
84863_MV,84863,MV,Present,0.75243634,6,2
84863_PV,84863,PV,Present,0.76131773,6,2
84863_TV,84863,TV,Present,0.9562125,6,2
84870_AV,84870,AV,Absent,0.25509852,7,2
84870_MV,84870,MV,Absent,0.15558006,7,2
84870_PV,84870,PV,Absent,0.31408295,7,2
84870_TV,84870,TV,Absent,0.108555205,7,2
84874_AV,84874,AV,Absent,0.3145962,3,2
84874_MV,84874,MV,Absent,0.22486122,8,2
84874_PV,84874,PV,Absent,0.22673054,3,2
84874_TV,84874,TV,Absent,0.0745571,2,2
84883_AV,84883,AV,Absent,0.56001866,7,2
84883_MV,84883,MV,Absent,0.22722283,7,2
84883_PV,84883,PV,Absent,0.42472428,9,2
84883_TV,84883,TV,Absent,0.1331044,7,2
84885_AV,84885,AV,Present,0.98260736,5,2
84885_MV,84885,MV,Present,0.855585,9,2
84920_AV,84920,AV,Absent,0.14775442,3,2
84920_MV,84920,MV,Absent,0.16929607,4,2
84920_PV,84920,PV,Absent,0.21798372,4,2
84920_TV,84920,TV,Absent,0.19296044,5,2
84923_AV,84923,AV,Absent,0.29565513,2,2
84923_MV,84923,MV,Absent,0.16177629,7,2
84923_PV,84923,PV,Absent,0.23360159,2,2
84923_TV,84923,TV,Absent,0.16996202,2,2
84947_AV,84947,AV,Absent,0.22236626,3,2
84947_MV,84947,MV,Absent,0.16916953,3,2
84947_PV,84947,PV,Absent,0.22681074,3,2
84947_TV,84947,TV,Absent,0.28508532,2,2
85035_AV,85035,AV,Absent,0.24923761,3,2
85035_MV,85035,MV,Absent,0.41519812,8,2
85035_PV,85035,PV,Absent,0.43053925,2,2
85035_TV,85035,TV,Absent,0.10621376,2,2
85036_AV,85036,AV,Present,0.96954346,7,2
85036_MV,85036,MV,Present,0.785217,10,2
85036_PV,85036,PV,Present,0.9776218,9,2
85036_TV,85036,TV,Present,0.97464293,6,2
85044_AV,85044,AV,Absent,0.38944358,9,2
85044_PV,85044,PV,Absent,0.30286476,7,2
85066_MV,85066,MV,Absent,0.5129961,7,2
85069_TV,85069,TV,Present,0.81727713,3,2
85075_AV,85075,AV,Absent,0.54320604,3,2
85075_MV,85075,MV,Absent,0.28986883,7,2
85075_PV,85075,PV,Absent,0.59458333,3,2
85075_TV,85075,TV,Absent,0.5993068,6,2
85091_AV,85091,AV,Absent,0.4891905,6,2
85091_MV,85091,MV,Absent,0.48787585,11,2
85094_AV,85094,AV,Absent,0.47419763,6,2
85094_MV,85094,MV,Absent,0.17920323,7,2
85094_PV,85094,PV,Absent,0.3508849,5,2
85094_TV,85094,TV,Absent,0.41512662,5,2
85121_AV,85121,AV,Absent,0.25462347,7,2
85121_MV,85121,MV,Absent,0.45060253,7,2
85121_PV,85121,PV,Absent,0.21830261,6,2
85121_TV,85121,TV,Absent,0.33466154,7,2
85132_PV,85132,PV,Present,0.5051012,8,2
85132_TV,85132,TV,Present,0.46071523,7,2
85161_AV,85161,AV,Absent,0.4261971,5,2
85161_MV,85161,MV,Absent,0.52736413,5,2
85161_PV,85161,PV,Absent,0.3557736,9,2
85161_TV,85161,TV,Absent,0.28225565,5,2
85172_AV,85172,AV,Present,0.96408004,3,2
85172_MV,85172,MV,Present,0.75143033,9,2
85172_PV,85172,PV,Present,0.98584956,4,2
85172_TV,85172,TV,Present,0.9659745,4,2
85244_AV,85244,AV,Absent,0.3772567,5,2
85244_MV,85244,MV,Absent,0.20560277,5,2
85244_PV,85244,PV,Absent,0.2981108,6,2
85244_TV,85244,TV,Absent,0.29767507,8,2
85265_AV,85265,AV,Absent,0.27724606,8,2
85265_MV,85265,MV,Absent,0.21104775,6,2
85265_PV,85265,PV,Absent,0.20900586,7,2
85265_TV,85265,TV,Absent,0.33972085,9,2
85270_AV,85270,AV,Absent,0.2731473,6,2
85270_MV,85270,MV,Absent,0.21188432,6,2
85270_PV,85270,PV,Absent,0.23343307,6,2
85270_TV,85270,TV,Absent,0.13657005,6,2
85276_MV,85276,MV,Present,0.4974048,7,2
85287_MV,85287,MV,Absent,0.20329358,7,2
85287_PV,85287,PV,Absent,0.15529215,10,2
85287_TV,85287,TV,Absent,0.10905051,7,2
85301_AV,85301,AV,Absent,0.37287885,5,2
85301_MV,85301,MV,Absent,0.22601075,6,2
85301_PV,85301,PV,Absent,0.4569428,3,2
85301_TV,85301,TV,Absent,0.22601978,3,2
85332_AV,85332,AV,Absent,0.2629997,6,2
85332_PV,85332,PV,Absent,0.26657376,7,2
