accuracy,loss,pr_auc,precision,roc_auc,sensitivity,val_accuracy,val_loss,val_pr_auc,val_precision,val_roc_auc,val_sensitivity,epoch
0.5987030863761902,0.6700665354728699,0.6502750515937805,0.6023653149604797,0.6408838033676147,0.5808133482933044,0.4988909959793091,0.8551396727561951,0.5325237512588501,0.0,0.5358810424804688,0.0,1
0.6465084552764893,0.6251845359802246,0.7239801287651062,0.6554020047187805,0.6999974250793457,0.617893636226654,0.5723892450332642,0.878534197807312,0.6365650296211243,0.7689939141273499,0.6006447672843933,0.2069445699453354,2
0.6595040559768677,0.6050017476081848,0.749005913734436,0.6739158630371094,0.722844123840332,0.6180708408355713,0.5051719546318054,0.8198807239532471,0.7428646683692932,0.5026618838310242,0.683853268623352,0.9766245484352112,3
0.6778659820556641,0.5897934436798096,0.7694162130355835,0.6923595070838928,0.7415783405303955,0.6401919722557068,0.5388777852058411,0.7194019556045532,0.7772358655929565,0.5213137865066528,0.73482346534729,0.9509043097496033,4
0.7024491429328918,0.5615445375442505,0.7979214191436768,0.720562219619751,0.7749185562133789,0.6613882184028625,0.666767418384552,0.6118218302726746,0.7605733275413513,0.7169305682182312,0.7020477652549744,0.5511465668678284,5
0.7152247428894043,0.5412367582321167,0.8164113759994507,0.7335157990455627,0.7942260503768921,0.6760612726211548,0.5363767147064209,0.8255200982093811,0.7828835248947144,0.5195117592811584,0.7328585386276245,0.9685500264167786,6
0.7263215184211731,0.5247772932052612,0.8306211233139038,0.7482750415802002,0.8071610331535339,0.6821106672286987,0.6009551286697388,0.6463208794593811,0.8170083165168762,0.5609008073806763,0.7767180800437927,0.9298027157783508,7
0.7359660267829895,0.5122194290161133,0.8415548801422119,0.7583273649215698,0.8172779083251953,0.6926847100257874,0.7101958394050598,0.5666294693946838,0.8154360055923462,0.8651328682899475,0.7750271558761597,0.49803051352500916,8
0.7478201985359192,0.5010055899620056,0.8491166830062866,0.7665439248085022,0.8268974423408508,0.7126975059509277,0.7065480351448059,0.5488401055335999,0.810849130153656,0.7601903676986694,0.7725136280059814,0.603464663028717,9
0.7655621767044067,0.47718143463134766,0.8676460385322571,0.786203920841217,0.8459407687187195,0.7295010685920715,0.638375461101532,0.8615383505821228,0.7952777147293091,0.9657957553863525,0.7407641410827637,0.2869117558002472,10
0.772007405757904,0.46537327766418457,0.8746377229690552,0.7958810925483704,0.8543425798416138,0.7316650152206421,0.6569308042526245,0.8072246313095093,0.8027812838554382,0.9759894609451294,0.7424958348274231,0.3217775523662567,11
0.7818009853363037,0.45265689492225647,0.8818150758743286,0.8057646155357361,0.8629475831985474,0.7426143884658813,0.686528205871582,0.537622332572937,0.8403000831604004,0.6697707772254944,0.7918315529823303,0.7358802556991577,12
0.7864245772361755,0.44439762830734253,0.8867568969726562,0.8075605630874634,0.8689083456993103,0.7520626783370972,0.6747325658798218,0.8996181488037109,0.7963557243347168,0.9315152764320374,0.7449947595596313,0.37719613313674927,13
0.7883206009864807,0.44178447127342224,0.889096736907959,0.813398003578186,0.8692294955253601,0.7483111023902893,0.5917229652404785,0.6977497339248657,0.8560588359832764,0.5528924465179443,0.8171261548995972,0.9587931632995605,14
0.7967917919158936,0.4268166422843933,0.8973053693771362,0.823136568069458,0.8801697492599487,0.7560281753540039,0.7002299427986145,0.5216200351715088,0.8410375118255615,0.687269389629364,0.8045682907104492,0.734832763671875,15
0.7970981001853943,0.4222964346408844,0.8983168601989746,0.8241921067237854,0.8829514384269714,0.7553110718727112,0.722419023513794,0.5910258293151855,0.8152939677238464,0.8462021946907043,0.7636415362358093,0.5436453819274902,16
0.8112221956253052,0.4063897132873535,0.9068579077720642,0.8361270427703857,0.8920832276344299,0.7741739153862,0.7342167496681213,0.6077452301979065,0.8399259448051453,0.9196265339851379,0.7937418818473816,0.5132941603660583,17
0.8198432326316833,0.3996722400188446,0.9110592603683472,0.8421393632888794,0.8961519002914429,0.7872613072395325,0.7190316915512085,0.6544935703277588,0.8576666116714478,0.9670900702476501,0.8252737522125244,0.4534955620765686,18
0.812260091304779,0.39946478605270386,0.910587728023529,0.8396416306495667,0.8960809707641602,0.7719513177871704,0.7030922174453735,0.8063070774078369,0.8439916372299194,0.9660487174987793,0.804064154624939,0.42097941040992737,19
0.8151305317878723,0.39341163635253906,0.9125230312347412,0.841742992401123,0.9004450440406799,0.7761949896812439,0.7275180816650391,0.5274206399917603,0.8542358875274658,0.7296841740608215,0.8158514499664307,0.722801685333252,20
0.8282452821731567,0.38526466488838196,0.9181154370307922,0.853320837020874,0.904884934425354,0.7927607297897339,0.743131697177887,0.5542171001434326,0.8544923067092896,0.8438318967819214,0.8187626600265503,0.5966935753822327,21
0.8264001607894897,0.3818976879119873,0.9183575510978699,0.8507433533668518,0.9061055779457092,0.7916978597640991,0.698157012462616,0.6931840181350708,0.8186161518096924,0.8839735388755798,0.7823507785797119,0.45619139075279236,22
0.828692615032196,0.3791368007659912,0.9202996492385864,0.8551360368728638,0.9079407453536987,0.7914623022079468,0.594429612159729,1.3357480764389038,0.8382782340049744,1.0,0.791147768497467,0.1888589859008789,23
