recall,precision,threshold
1.0,0.19672131147540983,0.08492945314251951
1.0,0.19834710743801653,0.10650222130458463
1.0,0.2,0.1627876995820794
1.0,0.20168067226890757,0.16706295303172536
1.0,0.2033898305084746,0.16803410927476806
1.0,0.20512820512820512,0.1723972273087411
1.0,0.20689655172413793,0.17705811684330305
1.0,0.20869565217391303,0.18057789278251155
1.0,0.21052631578947367,0.18600909953767605
1.0,0.21238938053097345,0.19113282365442225
1.0,0.21428571428571427,0.19984140247106552
1.0,0.21621621621621623,0.21609316593597805
1.0,0.21818181818181817,0.22289004349814995
1.0,0.22018348623853212,0.24420287710457267
1.0,0.2222222222222222,0.24507719211812531
1.0,0.22429906542056074,0.26366859665704945
1.0,0.22641509433962265,0.263734458386898
1.0,0.22857142857142856,0.2643784796819091
1.0,0.23076923076923078,0.26570097800521625
0.9583333333333334,0.22330097087378642,0.26732503168750554
0.9583333333333334,0.22549019607843138,0.26831875422171186
0.9583333333333334,0.22772277227722773,0.2702066242694855
0.9583333333333334,0.23,0.27469710947147435
0.9583333333333334,0.23232323232323232,0.27902279601742824
0.9583333333333334,0.23469387755102042,0.2796079605403874
0.9583333333333334,0.23711340206185566,0.2813421253647123
0.9583333333333334,0.23958333333333334,0.2826160252862979
0.9583333333333334,0.24210526315789474,0.2901618745000589
0.9583333333333334,0.24468085106382978,0.2935412971810861
0.9583333333333334,0.24731182795698925,0.29604511335492134
0.9583333333333334,0.25,0.29987798266940646
0.9583333333333334,0.25274725274725274,0.300257903834184
0.9583333333333334,0.25555555555555554,0.3033751611198698
0.9583333333333334,0.25842696629213485,0.3035744836642629
0.9166666666666666,0.25,0.3038161144902309
0.9166666666666666,0.25287356321839083,0.31024806358452356
0.9166666666666666,0.2558139534883721,0.31091425778965154
0.9166666666666666,0.25882352941176473,0.3122656103223562
0.875,0.25,0.31237197548629125
0.875,0.25301204819277107,0.3209889102727175
0.875,0.25609756097560976,0.3212894639282516
0.875,0.25925925925925924,0.32384218799157277
0.875,0.2625,0.3252577533821265
0.875,0.26582278481012656,0.3348644907219392
0.875,0.2692307692307692,0.34915549756064046
0.875,0.2727272727272727,0.35183397084474566
0.875,0.27631578947368424,0.36504919461107677
0.875,0.28,0.36507184403863824
0.875,0.28378378378378377,0.36523037563477245
0.875,0.2876712328767123,0.3659133400802983
0.8333333333333334,0.2777777777777778,0.37510121146601344
0.7916666666666666,0.2676056338028169,0.3756709750064395
0.7916666666666666,0.2714285714285714,0.37678979511203414
0.7916666666666666,0.2753623188405797,0.3781751277882447
0.7916666666666666,0.27941176470588236,0.37945756292901933
0.7916666666666666,0.2835820895522388,0.3802286464987057
0.7916666666666666,0.2878787878787879,0.38420560637407436
0.7916666666666666,0.2923076923076923,0.38583080306068646
0.7916666666666666,0.296875,0.39154709807851096
0.7916666666666666,0.30158730158730157,0.39173563787092763
0.7916666666666666,0.3064516129032258,0.40771184442564845
0.7916666666666666,0.3114754098360656,0.4094856551360516
0.7916666666666666,0.31666666666666665,0.4121032432830405
0.7916666666666666,0.3220338983050847,0.4215984394152959
0.7916666666666666,0.3275862068965517,0.4270750875510867
0.7916666666666666,0.3333333333333333,0.43465612677945975
0.7916666666666666,0.3392857142857143,0.4350209882748979
0.7916666666666666,0.34545454545454546,0.4467803740666973
0.7916666666666666,0.35185185185185186,0.44721136413780704
0.7916666666666666,0.3584905660377358,0.45089329575950454
0.7916666666666666,0.36538461538461536,0.45172765779901636
0.7916666666666666,0.37254901960784315,0.4530534808124815
0.7916666666666666,0.38,0.46323918799559277
0.7916666666666666,0.3877551020408163,0.4642453505234285
0.75,0.375,0.4653324596583843
0.75,0.3829787234042553,0.46610395850218606
0.75,0.391304347826087,0.4695381286243598
0.75,0.4,0.4816322705398003
0.75,0.4090909090909091,0.49210422219974653
0.75,0.4186046511627907,0.5096430602350405
0.75,0.42857142857142855,0.5103464856329891
0.75,0.43902439024390244,0.5176145161191622
0.75,0.45,0.520270322050367
0.75,0.46153846153846156,0.5269348472356796
0.75,0.47368421052631576,0.5361408516764641
0.75,0.4864864864864865,0.5487644478146518
0.75,0.5,0.5623439401388168
0.7083333333333334,0.4857142857142857,0.5628161299586683
0.7083333333333334,0.5,0.5674216766087782
0.7083333333333334,0.5151515151515151,0.5685870537534357
0.7083333333333334,0.53125,0.5753861982375383
0.7083333333333334,0.5483870967741935,0.581003869121725
0.7083333333333334,0.5666666666666667,0.5859757749721257
0.7083333333333334,0.5862068965517241,0.5999104777971903
0.7083333333333334,0.6071428571428571,0.6279660654564698
0.7083333333333334,0.6296296296296297,0.6326173054320472
0.7083333333333334,0.6538461538461539,0.6426916114158101
0.6666666666666666,0.64,0.6454462293874134
0.6666666666666666,0.6666666666666666,0.6457627065893676
0.625,0.6521739130434783,0.6504012644290924
0.5833333333333334,0.6363636363636364,0.6600881056416602
0.5833333333333334,0.6666666666666666,0.6729897552490914
0.5416666666666666,0.65,0.6753572949341365
0.5416666666666666,0.6842105263157895,0.6770798004956708
0.5416666666666666,0.7222222222222222,0.7052598731917934
0.5416666666666666,0.7647058823529411,0.7066524251476749
0.5,0.75,0.7378995311982703
0.5,0.8,0.748637700542098
0.4583333333333333,0.7857142857142857,0.7497741409710476
0.4166666666666667,0.7692307692307693,0.7723510818822044
0.4166666666666667,0.8333333333333334,0.7732829950524099
0.4166666666666667,0.9090909090909091,0.8298809230327606
0.375,0.9,0.8323706388473511
0.375,1.0,0.8536890867210569
0.3333333333333333,1.0,0.9415302500128746
0.2916666666666667,1.0,0.9468439280648123
0.25,1.0,0.9528584579626719
0.20833333333333334,1.0,0.9768856894256722
0.16666666666666666,1.0,0.9784684317619211
0.125,1.0,0.9918099403381347
0.08333333333333333,1.0,0.9967113187333115
0.041666666666666664,1.0,0.9985670546690623
0.0,1.0,
