false_positive_rate,true_positive_rate,threshold
0.0,0.0,inf
0.0,0.041666666666666664,0.9985670546690623
0.0,0.375,0.8536890867210569
0.01020408163265306,0.375,0.8323706388473511
0.01020408163265306,0.4166666666666667,0.8298809230327606
0.030612244897959183,0.4166666666666667,0.7723510818822044
0.030612244897959183,0.5,0.748637700542098
0.04081632653061224,0.5,0.7378995311982703
0.04081632653061224,0.5416666666666666,0.7066524251476749
0.07142857142857142,0.5416666666666666,0.6753572949341365
0.07142857142857142,0.5833333333333334,0.6729897552490914
0.08163265306122448,0.5833333333333334,0.6600881056416602
0.08163265306122448,0.6666666666666666,0.6457627065893676
0.09183673469387756,0.6666666666666666,0.6454462293874134
0.09183673469387756,0.7083333333333334,0.6426916114158101
0.1836734693877551,0.7083333333333334,0.5628161299586683
0.1836734693877551,0.75,0.5623439401388168
0.30612244897959184,0.75,0.4653324596583843
0.30612244897959184,0.7916666666666666,0.4642453505234285
0.5306122448979592,0.7916666666666666,0.3756709750064395
0.5306122448979592,0.875,0.3659133400802983
0.6428571428571429,0.875,0.31237197548629125
0.6428571428571429,0.9166666666666666,0.3122656103223562
0.673469387755102,0.9166666666666666,0.3038161144902309
0.673469387755102,0.9583333333333334,0.3035744836642629
0.8163265306122449,0.9583333333333334,0.26732503168750554
0.8163265306122449,1.0,0.26570097800521625
1.0,1.0,0.08492945314251951
