threshold,f1,recall_sensitivity,precision,specificity
0.04691109337462959,0.3287671232876712,1.0,0.19672131147540983,0.0
0.05520658501837816,0.3310344827586207,1.0,0.19834710743801653,0.01020408163265306
0.0746322256324458,0.3333333333333333,1.0,0.2,0.02040816326530612
0.09002344186107318,0.3356643356643357,1.0,0.20168067226890757,0.030612244897959183
0.09039231163582631,0.3380281690140845,1.0,0.2033898305084746,0.04081632653061224
0.09333098120004689,0.3404255319148936,1.0,0.20512820512820512,0.05102040816326531
0.10155193065293133,0.34285714285714286,1.0,0.20689655172413793,0.061224489795918366
0.11544771829087819,0.34532374100719426,1.0,0.20869565217391303,0.07142857142857142
0.11942405968721052,0.34782608695652173,1.0,0.21052631578947367,0.08163265306122448
0.11976980368074562,0.35036496350364965,1.0,0.21238938053097345,0.09183673469387756
0.12816742062568665,0.35294117647058826,1.0,0.21428571428571427,0.10204081632653061
0.12904608451229121,0.35555555555555557,1.0,0.21621621621621623,0.11224489795918367
0.12936483385662237,0.3582089552238806,1.0,0.21818181818181817,0.12244897959183673
0.13734073784541,0.3609022556390977,1.0,0.22018348623853212,0.1326530612244898
0.1416774216832386,0.36363636363636365,1.0,0.2222222222222222,0.14285714285714285
0.14596720800424615,0.366412213740458,1.0,0.22429906542056074,0.15306122448979592
0.15816648118197918,0.36923076923076925,1.0,0.22641509433962265,0.16326530612244897
0.16596141745325266,0.37209302325581395,1.0,0.22857142857142856,0.17346938775510204
0.1664353176123566,0.375,1.0,0.23076923076923078,0.1836734693877551
0.16831294695912588,0.3779527559055118,1.0,0.23300970873786409,0.19387755102040816
0.17464904504872503,0.38095238095238093,1.0,0.23529411764705882,0.20408163265306123
0.17716538228771905,0.368,0.9583333333333334,0.22772277227722773,0.20408163265306123
0.17954677513652398,0.3709677419354839,0.9583333333333334,0.23,0.21428571428571427
0.18223751652985812,0.37398373983739835,0.9583333333333334,0.23232323232323232,0.22448979591836735
0.18561425991356373,0.3770491803278688,0.9583333333333334,0.23469387755102042,0.23469387755102042
0.19176719503897408,0.38016528925619836,0.9583333333333334,0.23711340206185566,0.24489795918367346
0.19221822713457404,0.38333333333333336,0.9583333333333334,0.23958333333333334,0.25510204081632654
0.19438914029992052,0.3865546218487395,0.9583333333333334,0.24210526315789474,0.2653061224489796
0.19536090104116335,0.3898305084745763,0.9583333333333334,0.24468085106382978,0.2755102040816326
0.20200904719531537,0.39316239316239315,0.9583333333333334,0.24731182795698925,0.2857142857142857
0.20458896772729027,0.39655172413793105,0.9583333333333334,0.25,0.29591836734693877
0.20772527841230234,0.4,0.9583333333333334,0.25274725274725274,0.30612244897959184
0.20817297792958991,0.40350877192982454,0.9583333333333334,0.25555555555555554,0.3163265306122449
0.21558597761516768,0.40707964601769914,0.9583333333333334,0.25842696629213485,0.32653061224489793
0.22086514106697658,0.4107142857142857,0.9583333333333334,0.26136363636363635,0.336734693877551
0.2211600789534194,0.4144144144144144,0.9583333333333334,0.26436781609195403,0.3469387755102041
0.22252594915246873,0.41818181818181815,0.9583333333333334,0.26744186046511625,0.35714285714285715
0.22269439632919702,0.42201834862385323,0.9583333333333334,0.27058823529411763,0.3673469387755102
0.22421270554353084,0.42592592592592593,0.9583333333333334,0.27380952380952384,0.37755102040816324
0.22621560173880573,0.42990654205607476,0.9583333333333334,0.27710843373493976,0.3877551020408163
0.23003496312432817,0.4339622641509434,0.9583333333333334,0.2804878048780488,0.3979591836734694
0.23043399203258258,0.4380952380952381,0.9583333333333334,0.2839506172839506,0.40816326530612246
0.23665574328984257,0.4423076923076923,0.9583333333333334,0.2875,0.41836734693877553
0.2413184295594692,0.44660194174757284,0.9583333333333334,0.2911392405063291,0.42857142857142855
0.24296312350959617,0.45098039215686275,0.9583333333333334,0.2948717948717949,0.4387755102040816
0.24450028857046907,0.43564356435643564,0.9166666666666666,0.2857142857142857,0.4387755102040816
0.24631441379594918,0.44,0.9166666666666666,0.2894736842105263,0.4489795918367347
0.24660301180274197,0.4444444444444444,0.9166666666666666,0.29333333333333333,0.45918367346938777
0.2470978826195711,0.4489795918367347,0.9166666666666666,0.2972972972972973,0.46938775510204084
0.2524576550349593,0.4536082474226804,0.9166666666666666,0.3013698630136986,0.47959183673469385
0.25856398702377364,0.4583333333333333,0.9166666666666666,0.3055555555555556,0.4897959183673469
0.25889759644427723,0.4631578947368421,0.9166666666666666,0.30985915492957744,0.5
0.2597480453905605,0.46808510638297873,0.9166666666666666,0.3142857142857143,0.5102040816326531
0.27111346274614334,0.4731182795698925,0.9166666666666666,0.3188405797101449,0.5204081632653061
0.271480268121443,0.4782608695652174,0.9166666666666666,0.3235294117647059,0.5306122448979592
0.2787594124029725,0.4835164835164835,0.9166666666666666,0.3283582089552239,0.5408163265306123
0.2820800282171972,0.4888888888888889,0.9166666666666666,0.3333333333333333,0.5510204081632653
0.28584273667498067,0.4943820224719101,0.9166666666666666,0.3384615384615385,0.5612244897959183
0.2860153469789241,0.5,0.9166666666666666,0.34375,0.5714285714285714
0.29788571561997135,0.5057471264367817,0.9166666666666666,0.3492063492063492,0.5816326530612245
0.30009699199526085,0.5116279069767442,0.9166666666666666,0.3548387096774194,0.5918367346938775
0.30033252794634213,0.5176470588235295,0.9166666666666666,0.36065573770491804,0.6020408163265306
0.3060543836715321,0.5238095238095238,0.9166666666666666,0.36666666666666664,0.6122448979591837
0.30914311164191793,0.5301204819277109,0.9166666666666666,0.3728813559322034,0.6224489795918368
0.31011132026712096,0.5365853658536586,0.9166666666666666,0.3793103448275862,0.6326530612244898
0.3255762450751804,0.5432098765432098,0.9166666666666666,0.38596491228070173,0.6428571428571429
0.32732401555404067,0.55,0.9166666666666666,0.39285714285714285,0.6530612244897959
0.33197195674071,0.5569620253164557,0.9166666666666666,0.4,0.6632653061224489
0.33932945961979305,0.5641025641025641,0.9166666666666666,0.4074074074074074,0.673469387755102
0.33938094766603577,0.5714285714285714,0.9166666666666666,0.41509433962264153,0.6836734693877551
0.3426003012806177,0.5789473684210527,0.9166666666666666,0.4230769230769231,0.6938775510204082
0.35403724320765056,0.5866666666666667,0.9166666666666666,0.43137254901960786,0.7040816326530612
0.3573168460279703,0.5945945945945946,0.9166666666666666,0.44,0.7142857142857143
0.3589573669114283,0.5753424657534246,0.875,0.42857142857142855,0.7142857142857143
0.36250383307092954,0.5833333333333334,0.875,0.4375,0.7244897959183674
0.36618872452527285,0.5915492957746479,0.875,0.44680851063829785,0.7346938775510204
0.3696466373900572,0.5714285714285714,0.8333333333333334,0.43478260869565216,0.7346938775510204
0.37244993176706975,0.5797101449275363,0.8333333333333334,0.4444444444444444,0.7448979591836735
0.37258111890405415,0.5588235294117647,0.7916666666666666,0.4318181818181818,0.7448979591836735
0.3746316759329703,0.5671641791044776,0.7916666666666666,0.4418604651162791,0.7551020408163265
0.37770773679949343,0.5757575757575758,0.7916666666666666,0.4523809523809524,0.7653061224489796
0.3811431402961413,0.5846153846153846,0.7916666666666666,0.4634146341463415,0.7755102040816326
0.3853854826163678,0.59375,0.7916666666666666,0.475,0.7857142857142857
0.38867384966995033,0.6031746031746031,0.7916666666666666,0.48717948717948717,0.7959183673469388
0.40385789595366944,0.6129032258064516,0.7916666666666666,0.5,0.8061224489795918
0.4046174199320376,0.6229508196721312,0.7916666666666666,0.5135135135135135,0.8163265306122449
0.40735462861079164,0.6333333333333333,0.7916666666666666,0.5277777777777778,0.826530612244898
0.434453592946132,0.6440677966101694,0.7916666666666666,0.5428571428571428,0.8367346938775511
0.45184868592768906,0.6551724137931034,0.7916666666666666,0.5588235294117647,0.8469387755102041
0.4530007383741793,0.6666666666666666,0.7916666666666666,0.5757575757575758,0.8571428571428571
0.46049726618961856,0.6428571428571429,0.75,0.5625,0.8571428571428571
0.46447179404397804,0.6181818181818182,0.7083333333333334,0.5483870967741935,0.8571428571428571
0.46898560338313616,0.6296296296296297,0.7083333333333334,0.5666666666666667,0.8673469387755102
0.4704860851966909,0.6037735849056604,0.6666666666666666,0.5517241379310345,0.8673469387755102
0.47582190164597166,0.6153846153846154,0.6666666666666666,0.5714285714285714,0.8775510204081632
0.4835843244124027,0.6274509803921569,0.6666666666666666,0.5925925925925926,0.8877551020408163
0.49724369309842587,0.64,0.6666666666666666,0.6153846153846154,0.8979591836734694
0.5245623259494703,0.6530612244897959,0.6666666666666666,0.64,0.9081632653061225
0.5272918428693498,0.6666666666666666,0.6666666666666666,0.6666666666666666,0.9183673469387755
0.5307968597520482,0.6808510638297872,0.6666666666666666,0.6956521739130435,0.9285714285714286
0.5448710492679051,0.6521739130434783,0.625,0.6818181818181818,0.9285714285714286
0.5599089648330483,0.6666666666666666,0.625,0.7142857142857143,0.9387755102040817
0.577936371841601,0.6363636363636364,0.5833333333333334,0.7,0.9387755102040817
0.5795110153655211,0.6511627906976745,0.5833333333333334,0.7368421052631579,0.9489795918367347
0.5855298191308975,0.6666666666666666,0.5833333333333334,0.7777777777777778,0.9591836734693877
0.6494870611090899,0.6829268292682927,0.5833333333333334,0.8235294117647058,0.9693877551020408
0.701298635275591,0.7,0.5833333333333334,0.875,0.9795918367346939
0.7372923526122714,0.6666666666666666,0.5416666666666666,0.8666666666666667,0.9795918367346939
0.747557466973861,0.6842105263157895,0.5416666666666666,0.9285714285714286,0.9897959183673469
0.7643488795452175,0.6486486486486487,0.5,0.9230769230769231,0.9897959183673469
0.7654888885361808,0.6111111111111112,0.4583333333333333,0.9166666666666666,0.9897959183673469
0.8007886026586806,0.6285714285714286,0.4583333333333333,1.0,1.0
0.8071774065494537,0.5882352941176471,0.4166666666666667,1.0,1.0
0.8739606059023313,0.5454545454545454,0.375,1.0,1.0
0.91220512924095,0.5,0.3333333333333333,1.0,1.0
0.9200087135864629,0.45161290322580644,0.2916666666666667,1.0,1.0
0.9565206845835238,0.4,0.25,1.0,1.0
0.9631619858436095,0.3448275862068966,0.20833333333333334,1.0,1.0
0.9639150053262711,0.2857142857142857,0.16666666666666666,1.0,1.0
0.9921349957585335,0.2222222222222222,0.125,1.0,1.0
0.9927978873252868,0.15384615384615385,0.08333333333333333,1.0,1.0
0.9955406694853005,0.08,0.041666666666666664,1.0,1.0
