recording_id,participant_id,site,true_label,cross_fitted_score,segment_count,inner_fold,hard_negative,sample_weight
45843_MV,45843,MV,Present,0.9750952,7,1,False,1.0
45843_TV,45843,TV,Present,0.6748403,7,1,False,1.0
49729_AV,49729,AV,Absent,0.39925024,10,1,False,1.0
49729_MV,49729,MV,Absent,0.12358804,10,1,False,1.0
49729_PV,49729,PV,Absent,0.16948693,10,1,False,1.0
49729_TV,49729,TV,Absent,0.029080711,11,1,False,1.0
49821_AV,45843,AV,Present,0.5166005,10,1,False,1.0
49821_MV,45843,MV,Present,0.9573422,14,1,False,1.0
49821_PV,45843,PV,Present,0.9103848,10,1,False,1.0
49821_TV,45843,TV,Present,0.9069977,11,1,False,1.0
49853_AV,49853,AV,Absent,0.18645051,8,1,False,1.0
49853_MV,49853,MV,Absent,0.052114032,8,1,False,1.0
49853_PV,49853,PV,Absent,0.0099864835,7,1,False,1.0
49853_TV,49853,TV,Absent,0.021135282,7,1,False,1.0
49930_AV,49930,AV,Absent,0.46957806,11,1,True,2.0
49930_MV,49930,MV,Absent,0.1967498,10,1,False,1.0
49930_PV,49930,PV,Absent,0.13720585,11,1,False,1.0
49930_TV,49930,TV,Absent,0.11976126,12,1,False,1.0
50005_MV,50005,MV,Absent,0.6675213,8,1,True,2.0
50026_AV,50026,AV,Absent,0.40814468,12,1,False,1.0
50026_MV,50026,MV,Absent,0.3326955,7,1,False,1.0
50043_AV,50043,AV,Absent,0.41944262,9,1,False,1.0
50043_PV,50043,PV,Absent,0.3212943,8,1,False,1.0
50043_TV,50043,TV,Absent,0.31657475,14,1,False,1.0
50057_MV,50057,MV,Absent,0.32177085,8,1,False,1.0
50057_PV,50057,PV,Absent,0.17832981,5,1,False,1.0
50057_TV,50057,TV,Absent,0.44725594,7,1,False,1.0
50061_AV,50061,AV,Absent,0.16505384,11,1,False,1.0
50061_MV,50061,MV,Absent,0.21101713,12,1,False,1.0
50061_PV,50061,PV,Absent,0.28624374,11,1,False,1.0
50061_TV,50061,TV,Absent,0.27197286,12,1,False,1.0
50100_AV,50100,AV,Absent,0.19143285,12,1,False,1.0
50100_MV,50100,MV,Absent,0.07205705,14,1,False,1.0
50104_AV,50104,AV,Absent,0.11261276,10,1,False,1.0
50104_MV,50104,MV,Absent,0.14604959,10,1,False,1.0
50104_PV,50104,PV,Absent,0.09047486,10,1,False,1.0
50104_TV,50104,TV,Absent,0.105627395,10,1,False,1.0
50109_AV,50109,AV,Absent,0.284745,11,1,False,1.0
50109_MV,50109,MV,Absent,0.12208114,11,1,False,1.0
50109_PV,50109,PV,Absent,0.28138584,10,1,False,1.0
50109_TV,50109,TV,Absent,0.26926857,10,1,False,1.0
50117_MV,50117,MV,Absent,0.08105932,10,1,False,1.0
50117_PV,50117,PV,Absent,0.041252624,10,1,False,1.0
50117_TV,50117,TV,Absent,0.16200557,10,1,False,1.0
50129_AV,50129,AV,Present,0.3325462,5,1,False,1.0
50129_MV,50129,MV,Present,0.3017582,7,1,False,1.0
50129_PV,50129,PV,Present,0.2161161,7,1,False,1.0
50129_TV,50129,TV,Present,0.4381425,6,1,False,1.0
50174_AV,50174,AV,Absent,0.52078336,5,1,True,2.0
50174_MV,50174,MV,Absent,0.9061389,4,1,True,2.0
50174_PV,50174,PV,Absent,0.7760842,3,1,True,2.0
50174_TV,50174,TV,Absent,0.7474538,4,1,True,2.0
50222_PV,50222,PV,Absent,0.42315274,11,1,False,1.0
50222_TV,50222,TV,Absent,0.24211313,12,1,False,1.0
50247_AV,50247,AV,Absent,0.15318935,9,1,False,1.0
50247_MV,50247,MV,Absent,0.13863821,12,1,False,1.0
50247_PV,50247,PV,Absent,0.30220428,11,1,False,1.0
50285_MV,50285,MV,Present,0.874605,11,1,False,1.0
50318_AV,50318,AV,Absent,0.21922532,10,1,False,1.0
50318_MV,50318,MV,Absent,0.3420991,10,1,False,1.0
50318_PV,50318,PV,Absent,0.4942033,9,1,True,2.0
50318_TV,50318,TV,Absent,0.38094798,10,1,False,1.0
50321_AV_1,50321,AV,Absent,0.40462136,20,1,False,1.0
50321_AV_2,50321,AV,Absent,0.306521,11,1,False,1.0
50321_MV_1,50321,MV,Absent,0.5058322,1,1,True,2.0
50321_MV_2,50321,MV,Absent,0.59771866,13,1,True,2.0
50327_AV,50327,AV,Absent,0.110629216,10,1,False,1.0
50327_MV,50327,MV,Absent,0.2134623,12,1,False,1.0
50327_PV,50327,PV,Absent,0.16742638,5,1,False,1.0
50327_TV,50327,TV,Absent,0.1891398,10,1,False,1.0
50341_AV,50341,AV,Absent,0.55015004,7,1,True,2.0
50341_MV,50341,MV,Absent,0.7537983,12,1,True,2.0
50343_AV,50343,AV,Absent,0.20546341,10,1,False,1.0
50343_MV,50343,MV,Absent,0.10232148,10,1,False,1.0
50343_PV,50343,PV,Absent,0.29277408,11,1,False,1.0
50343_TV,50343,TV,Absent,0.0423358,13,1,False,1.0
50375_AV,50375,AV,Absent,0.38607627,10,1,False,1.0
50375_MV,50375,MV,Absent,0.32655257,11,1,False,1.0
50386_AV,50386,AV,Absent,0.3683248,13,1,False,1.0
50386_MV,50386,MV,Absent,0.28337318,11,1,False,1.0
50386_PV,50386,PV,Absent,0.1583253,11,1,False,1.0
50386_TV,50386,TV,Absent,0.07780146,11,1,False,1.0
50619_AV,50619,AV,Absent,0.27020955,11,1,False,1.0
50619_MV,50619,MV,Absent,0.16725937,10,1,False,1.0
50619_PV,50619,PV,Absent,0.5096329,11,1,True,2.0
50619_TV,50619,TV,Absent,0.20014013,11,1,False,1.0
50654_AV,50654,AV,Absent,0.19328557,10,1,False,1.0
50654_PV,50654,PV,Absent,0.11518797,9,1,False,1.0
50654_TV,50654,TV,Absent,0.15093659,10,1,False,1.0
50691_AV,50691,AV,Absent,0.18799515,10,1,False,1.0
50691_MV,50691,MV,Absent,0.1263486,12,1,False,1.0
50691_PV,50691,PV,Absent,0.1463363,12,1,False,1.0
50691_TV,50691,TV,Absent,0.07602735,10,1,False,1.0
50708_AV,50708,AV,Absent,0.46801853,11,1,True,2.0
50708_MV,50708,MV,Absent,0.21497135,11,1,False,1.0
50708_PV,50708,PV,Absent,0.10900276,11,1,False,1.0
50708_TV,50708,TV,Absent,0.3334229,12,1,False,1.0
50721_AV,50721,AV,Absent,0.13455969,11,1,False,1.0
50721_MV,50721,MV,Absent,0.21033287,12,1,False,1.0
50721_PV,50721,PV,Absent,0.11084231,10,1,False,1.0
50721_TV,50721,TV,Absent,0.04528373,11,1,False,1.0
50735_MV,50735,MV,Present,0.5342485,10,1,False,1.0
50735_PV,50735,PV,Present,0.38103098,7,1,False,1.0
50735_TV,50735,TV,Present,0.4478565,8,1,False,1.0
50770_AV,50770,AV,Absent,0.22813742,10,1,False,1.0
50770_MV,50770,MV,Absent,0.11616252,10,1,False,1.0
50770_PV,50770,PV,Absent,0.1545687,10,1,False,1.0
50770_TV,50770,TV,Absent,0.15897618,10,1,False,1.0
50784_AV,50784,AV,Absent,0.14947727,10,1,False,1.0
50784_MV,50784,MV,Absent,0.12384494,11,1,False,1.0
50784_PV,50784,PV,Absent,0.038913388,10,1,False,1.0
50784_TV,50784,TV,Absent,0.041843183,10,1,False,1.0
50787_MV,50787,MV,Absent,0.16873302,10,1,False,1.0
50788_AV,50788,AV,Absent,0.39294472,10,1,False,1.0
50788_MV,50788,MV,Absent,0.43251145,11,1,False,1.0
50788_PV,50788,PV,Absent,0.10645695,11,1,False,1.0
50788_TV,50788,TV,Absent,0.62990046,10,1,True,2.0
50798_AV,50798,AV,Absent,0.1475742,11,1,False,1.0
50798_MV,50798,MV,Absent,0.1108864,11,1,False,1.0
50798_PV,50798,PV,Absent,0.088856824,11,1,False,1.0
50798_TV,50798,TV,Absent,0.0767818,10,1,False,1.0
50800_AV,50800,AV,Absent,0.35442764,10,1,False,1.0
50800_MV,50800,MV,Absent,0.36020342,11,1,False,1.0
50800_PV,50800,PV,Absent,0.42351237,10,1,False,1.0
50800_TV,50800,TV,Absent,0.28090936,10,1,False,1.0
50826_AV,50826,AV,Absent,0.29935387,10,1,False,1.0
50826_MV,50826,MV,Absent,0.4255052,11,1,False,1.0
50826_PV,50826,PV,Absent,0.18456352,10,1,False,1.0
50826_TV,50826,TV,Absent,0.11300851,11,1,False,1.0
64715_MV,64715,MV,Absent,0.4148249,5,1,False,1.0
64715_PV,64715,PV,Absent,0.5868106,3,1,True,2.0
64715_TV,64715,TV,Absent,0.14989784,2,1,False,1.0
68419_AV,68419,AV,Absent,0.11040962,2,1,False,1.0
68419_MV,68419,MV,Absent,0.40087444,8,1,False,1.0
68419_PV,68419,PV,Absent,0.42182207,3,1,False,1.0
68419_TV,68419,TV,Absent,0.19518055,3,1,False,1.0
68423_MV,68423,MV,Present,0.93507683,5,1,False,1.0
68427_AV,68427,AV,Absent,0.026225239,5,1,False,1.0
68427_MV,68427,MV,Absent,0.094535775,7,1,False,1.0
68427_PV,68427,PV,Absent,0.04213093,6,1,False,1.0
68427_TV,68427,TV,Absent,0.086970046,5,1,False,1.0
68432_AV,68432,AV,Present,0.34683606,7,1,False,1.0
68432_MV,68432,MV,Present,0.3346223,8,1,False,1.0
68432_PV,68432,PV,Present,0.6927987,7,1,False,1.0
68432_TV,68432,TV,Present,0.40246215,10,1,False,1.0
68708_AV,68708,AV,Present,0.9939123,7,1,False,1.0
68708_MV,68708,MV,Present,0.99849784,7,1,False,1.0
68708_PV,68708,PV,Present,0.9819901,8,1,False,1.0
68708_TV,68708,TV,Present,0.99982136,7,1,False,1.0
68827_AV,68827,AV,Absent,0.15744208,8,1,False,1.0
68827_PV,68827,PV,Absent,0.22809637,10,1,False,1.0
68827_TV,68827,TV,Absent,0.21258524,8,1,False,1.0
68849_AV,50619,AV,Absent,0.53743935,4,1,True,2.0
68849_MV,50619,MV,Absent,0.2329262,6,1,False,1.0
68849_PV,50619,PV,Absent,0.2703633,6,1,False,1.0
68849_TV,50619,TV,Absent,0.28026307,6,1,False,1.0
68857_MV,50625,MV,Absent,0.2894736,10,1,False,1.0
69125_AV,49729,AV,Absent,0.29519013,7,1,False,1.0
69125_MV,49729,MV,Absent,0.11108301,7,1,False,1.0
69125_PV,49729,PV,Absent,0.12574363,8,1,False,1.0
69125_TV,49729,TV,Absent,0.110703,7,1,False,1.0
78592_AV,78592,AV,Absent,0.17951015,7,1,False,1.0
78592_MV,78592,MV,Absent,0.17769022,6,1,False,1.0
78592_PV,78592,PV,Absent,0.11970148,7,1,False,1.0
78592_TV,78592,TV,Absent,0.43291846,11,1,False,1.0
81297_AV,81297,AV,Absent,0.19116549,3,1,False,1.0
81297_MV,81297,MV,Absent,0.34269112,5,1,False,1.0
81297_PV,81297,PV,Absent,0.25342575,3,1,False,1.0
81297_TV,81297,TV,Absent,0.06258684,2,1,False,1.0
84692_AV,84692,AV,Present,0.9958544,5,1,False,1.0
84692_MV,84692,MV,Present,0.9556371,5,1,False,1.0
84692_PV,84692,PV,Present,0.9456905,5,1,False,1.0
84692_TV,84692,TV,Present,0.8899363,4,1,False,1.0
84702_MV,84702,MV,Present,0.5740865,5,1,False,1.0
84702_PV,84702,PV,Present,0.52705896,4,1,False,1.0
84702_TV,84702,TV,Present,0.8603112,4,1,False,1.0
84743_AV,84743,AV,Absent,0.25647,3,1,False,1.0
84743_MV,84743,MV,Absent,0.21151811,6,1,False,1.0
84743_PV,84743,PV,Absent,0.18201573,3,1,False,1.0
84743_TV,84743,TV,Absent,0.16968922,3,1,False,1.0
84760_MV,84760,MV,Absent,0.29399967,8,1,False,1.0
84760_PV,84760,PV,Absent,0.22172059,6,1,False,1.0
84760_TV,84760,TV,Absent,0.29562446,7,1,False,1.0
84762_AV,84762,AV,Absent,0.4848898,5,1,True,2.0
84762_MV,84762,MV,Absent,0.5111942,5,1,True,2.0
84762_PV,84762,PV,Absent,0.15236539,6,1,False,1.0
84762_TV,84762,TV,Absent,0.13623059,5,1,False,1.0
84764_AV,84764,AV,Absent,0.3521545,4,1,False,1.0
84764_MV,84764,MV,Absent,0.10455861,4,1,False,1.0
84764_PV,84764,PV,Absent,0.12807581,3,1,False,1.0
84764_TV,84764,TV,Absent,0.10498392,3,1,False,1.0
84796_AV,84796,AV,Absent,0.1397003,8,1,False,1.0
84796_MV,84796,MV,Absent,0.056070413,7,1,False,1.0
84802_AV,84802,AV,Present,0.6253112,6,1,False,1.0
84802_PV,84802,PV,Present,0.7817739,7,1,False,1.0
84815_AV,84815,AV,Absent,0.26758134,5,1,False,1.0
84815_MV,84815,MV,Absent,0.18882819,5,1,False,1.0
84815_PV,84815,PV,Absent,0.44953164,3,1,False,1.0
84815_TV,84815,TV,Absent,0.02948369,3,1,False,1.0
84853_TV,84853,TV,Present,0.5344147,1,1,False,1.0
84855_MV,84855,MV,Absent,0.36139265,6,1,False,1.0
84855_PV,84855,PV,Absent,0.26469305,7,1,False,1.0
84855_TV,84855,TV,Absent,0.11150789,11,1,False,1.0
84864_AV,84864,AV,Present,0.7756809,7,1,False,1.0
84864_MV,84864,MV,Present,0.92464894,7,1,False,1.0
84864_PV,84864,PV,Present,0.99316543,7,1,False,1.0
84864_TV,84864,TV,Present,0.8766338,10,1,False,1.0
84876_AV,84876,AV,Absent,0.44465578,9,1,True,2.0
84876_MV,84876,MV,Absent,0.5093273,5,1,True,2.0
84877_AV,84877,AV,Absent,0.25900167,8,1,False,1.0
84877_MV,84877,MV,Absent,0.08605863,8,1,False,1.0
84877_PV,84877,PV,Absent,0.18079345,5,1,False,1.0
84877_TV,84877,TV,Absent,0.060702145,5,1,False,1.0
84882_PV,84882,PV,Present,0.42236573,7,1,False,1.0
84882_TV,84882,TV,Present,0.23566519,7,1,False,1.0
84884_AV,84884,AV,Absent,0.23264766,7,1,False,1.0
84884_MV,84884,MV,Absent,0.10022416,6,1,False,1.0
84884_PV,84884,PV,Absent,0.110146,7,1,False,1.0
84884_TV,84884,TV,Absent,0.14973994,7,1,False,1.0
84885_AV,84885,AV,Present,0.9958189,5,1,False,1.0
84885_MV,84885,MV,Present,0.95497704,9,1,False,1.0
84957_AV,84957,AV,Absent,0.23944026,6,1,False,1.0
84957_MV,84957,MV,Absent,0.14286633,7,1,False,1.0
84957_PV,84957,PV,Absent,0.24890582,6,1,False,1.0
84957_TV,84957,TV,Absent,0.1523037,10,1,False,1.0
84961_AV,84961,AV,Absent,0.11516772,8,1,False,1.0
84961_MV,84961,MV,Absent,0.30015162,8,1,False,1.0
84961_PV,84961,PV,Absent,0.15528686,7,1,False,1.0
84961_TV,84961,TV,Absent,0.064594805,9,1,False,1.0
84969_MV,84969,MV,Absent,0.7646244,8,1,False,1.0
84977_AV,84977,AV,Absent,0.050494563,3,1,False,1.0
84977_MV,84977,MV,Absent,0.034571458,7,1,False,1.0
84977_PV,84977,PV,Absent,0.12940992,7,1,False,1.0
84977_TV,84977,TV,Absent,0.046564154,7,1,False,1.0
84982_AV,84982,AV,Absent,0.07326905,7,1,False,1.0
84982_MV,84982,MV,Absent,0.14576288,6,1,False,1.0
84982_PV,84982,PV,Absent,0.17412426,6,1,False,1.0
84982_TV,84982,TV,Absent,0.16707484,6,1,False,1.0
84990_AV,84990,AV,Absent,0.60765564,4,1,True,2.0
84990_MV,84990,MV,Absent,0.1491274,5,1,False,1.0
84990_PV,84990,PV,Absent,0.29439744,3,1,False,1.0
84990_TV,84990,TV,Absent,0.07926486,4,1,False,1.0
85023_AV,85023,AV,Absent,0.15823686,2,1,False,1.0
85023_MV,85023,MV,Absent,0.039407533,8,1,False,1.0
85023_PV,85023,PV,Absent,0.012336337,3,1,False,1.0
85023_TV,85023,TV,Absent,0.18567175,3,1,False,1.0
85027_AV,85027,AV,Absent,0.2905595,3,1,False,1.0
85027_MV,85027,MV,Absent,0.37919572,10,1,False,1.0
85027_PV,85027,PV,Absent,0.30772308,8,1,False,1.0
85027_TV,85027,TV,Absent,0.14551474,5,1,False,1.0
85042_PV,85042,PV,Present,0.3369464,7,1,False,1.0
85042_TV,85042,TV,Present,0.1377997,6,1,False,1.0
85044_AV,85044,AV,Absent,0.26288673,9,1,False,1.0
85044_PV,85044,PV,Absent,0.22493841,7,1,False,1.0
85062_AV,85062,AV,Absent,0.44272017,6,1,True,2.0
85062_MV,85062,MV,Absent,0.26607475,6,1,False,1.0
85062_PV,85062,PV,Absent,0.20110372,7,1,False,1.0
85062_TV,85062,TV,Absent,0.118730865,6,1,False,1.0
85075_AV,85075,AV,Absent,0.58018476,3,1,True,2.0
85075_MV,85075,MV,Absent,0.3884152,7,1,False,1.0
85075_PV,85075,PV,Absent,0.51431155,3,1,True,2.0
85075_TV,85075,TV,Absent,0.40826657,6,1,False,1.0
85084_AV,85084,AV,Absent,0.3954832,7,1,False,1.0
85084_PV,85084,PV,Absent,0.5074535,7,1,True,2.0
85084_TV,85084,TV,Absent,0.27299082,11,1,False,1.0
85094_AV,85094,AV,Absent,0.44705653,6,1,True,2.0
85094_MV,85094,MV,Absent,0.1575309,7,1,False,1.0
85094_PV,85094,PV,Absent,0.4566552,5,1,True,2.0
85094_TV,85094,TV,Absent,0.26748848,5,1,False,1.0
85100_AV,85100,AV,Absent,0.22111464,7,1,False,1.0
85100_PV,85100,PV,Absent,0.27082843,8,1,False,1.0
85122_AV,85122,AV,Absent,0.10004525,8,1,False,1.0
85122_MV,85122,MV,Absent,0.3467696,7,1,False,1.0
85122_PV,85122,PV,Absent,0.059096575,7,1,False,1.0
85122_TV,85122,TV,Absent,0.34046286,10,1,False,1.0
85135_TV,85135,TV,Present,0.07730985,11,1,False,1.0
85150_AV,85150,AV,Absent,0.12615938,7,1,False,1.0
85150_PV,85150,PV,Absent,0.14194205,10,1,False,1.0
85161_AV,85161,AV,Absent,0.23669505,5,1,False,1.0
85161_MV,85161,MV,Absent,0.39261407,5,1,False,1.0
85161_PV,85161,PV,Absent,0.30912605,9,1,False,1.0
85161_TV,85161,TV,Absent,0.24029346,5,1,False,1.0
85163_AV,85163,AV,Absent,0.16600826,3,1,False,1.0
85163_MV,85163,MV,Absent,0.24439359,13,1,False,1.0
85163_PV,85163,PV,Absent,0.14964919,5,1,False,1.0
85163_TV,85163,TV,Absent,0.21780187,6,1,False,1.0
85165_AV,85165,AV,Present,0.6394138,6,1,False,1.0
85165_MV,85165,MV,Present,0.9937357,8,1,False,1.0
85167_PV,85167,PV,Absent,0.15973601,7,1,False,1.0
85167_TV,85167,TV,Absent,0.22207937,8,1,False,1.0
85244_AV,85244,AV,Absent,0.32073802,5,1,False,1.0
85244_MV,85244,MV,Absent,0.19236915,5,1,False,1.0
85244_PV,85244,PV,Absent,0.266043,6,1,False,1.0
85244_TV,85244,TV,Absent,0.11108901,8,1,False,1.0
85276_MV,85276,MV,Present,0.3558352,7,1,False,1.0
85296_AV,85296,AV,Absent,0.34659418,3,1,False,1.0
85296_MV,85296,MV,Absent,0.2196528,11,1,False,1.0
85296_PV,85296,PV,Absent,0.15793811,4,1,False,1.0
85296_TV,85296,TV,Absent,0.1272546,4,1,False,1.0
85316_AV,85316,AV,Absent,0.10603168,6,1,False,1.0
85316_MV,85316,MV,Absent,0.27352563,7,1,False,1.0
85316_PV,85316,PV,Absent,0.20042858,7,1,False,1.0
85316_TV,85316,TV,Absent,0.12690917,7,1,False,1.0
33151_MV,33151,MV,Present,0.44424266,5,2,False,1.0
33151_TV,33151,TV,Present,0.46027187,6,2,False,1.0
39043_AV,39043,AV,Absent,0.48492157,3,2,True,2.0
39043_MV,39043,MV,Absent,0.35561222,8,2,False,1.0
39043_PV,39043,PV,Absent,0.38400534,4,2,False,1.0
39043_TV,39043,TV,Absent,0.34725526,3,2,False,1.0
39403_AV,39403,AV,Absent,0.37834358,3,2,False,1.0
39403_MV,39403,MV,Absent,0.37145665,6,2,False,1.0
39403_PV,39403,PV,Absent,0.40804085,6,2,False,1.0
39403_TV,39403,TV,Absent,0.43973923,3,2,True,2.0
40058_AV,40058,AV,Absent,0.42543662,3,2,False,1.0
40058_MV,40058,MV,Absent,0.3302712,11,2,False,1.0
40058_PV,40058,PV,Absent,0.44048956,4,2,True,2.0
40058_TV,40058,TV,Absent,0.34698984,6,2,False,1.0
46065_AV,46065,AV,Present,0.72524947,5,2,False,1.0
46065_MV,46065,MV,Present,0.40733626,6,2,False,1.0
46065_PV,46065,PV,Present,0.6357661,4,2,False,1.0
46065_TV,46065,TV,Present,0.7388832,4,2,False,1.0
49598_AV,49598,AV,Absent,0.43566522,10,2,True,2.0
49598_MV,49598,MV,Absent,0.4808767,12,2,True,2.0
49610_AV,49610,AV,Absent,0.45637375,13,2,True,2.0
49610_MV,49610,MV,Absent,0.44926214,11,2,True,2.0
49610_PV,49610,PV,Absent,0.38461,11,2,False,1.0
49610_TV,49610,TV,Absent,0.32406828,10,2,False,1.0
49678_AV,49678,AV,Absent,0.45439005,11,2,True,2.0
49678_MV,49678,MV,Absent,0.35735625,10,2,False,1.0
49678_PV,49678,PV,Absent,0.35432425,9,2,False,1.0
49678_TV,49678,TV,Absent,0.3371485,8,2,False,1.0
49712_AV,49712,AV,Present,0.55546314,8,2,False,1.0
49712_MV,49712,MV,Present,0.66985863,12,2,False,1.0
49712_PV,49712,PV,Present,0.7992652,13,2,False,1.0
49712_TV,49712,TV,Present,0.7864223,13,2,False,1.0
49751_MV,49751,MV,Present,0.4665121,12,2,False,1.0
49751_PV,49751,PV,Present,0.59543717,11,2,False,1.0
49751_TV,49751,TV,Present,0.4090041,13,2,False,1.0
49838_MV,49838,MV,Present,0.73994434,10,2,False,1.0
49896_AV,49896,AV,Absent,0.30240336,7,2,False,1.0
49896_MV,49896,MV,Absent,0.4139852,8,2,False,1.0
49896_PV,49896,PV,Absent,0.33075547,8,2,False,1.0
49896_TV,49896,TV,Absent,0.38113925,8,2,False,1.0
49946_MV,49946,MV,Absent,0.29887596,11,2,False,1.0
49946_PV,49946,PV,Absent,0.4091368,11,2,False,1.0
49946_TV,49946,TV,Absent,0.3428435,11,2,False,1.0
49990_AV,49990,AV,Absent,0.45773244,6,2,True,2.0
49990_MV,49990,MV,Absent,0.36745206,5,2,False,1.0
49990_PV,49990,PV,Absent,0.432318,7,2,False,1.0
49990_TV,49990,TV,Absent,0.5722678,6,2,True,2.0
49993_AV,49993,AV,Absent,0.41288167,10,2,False,1.0
49993_MV,49993,MV,Absent,0.42533934,4,2,False,1.0
49993_PV,49993,PV,Absent,0.5265701,7,2,True,2.0
49993_TV,49993,TV,Absent,0.45904922,5,2,True,2.0
50006_AV,50006,AV,Absent,0.60082716,12,2,True,2.0
50006_MV,50006,MV,Absent,0.5182048,11,2,True,2.0
50009_AV,50009,AV,Absent,0.3813251,6,2,False,1.0
50015_AV,50015,AV,Absent,0.38804752,11,2,False,1.0
50015_MV,50015,MV,Absent,0.27878794,10,2,False,1.0
50015_PV,50015,PV,Absent,0.408273,11,2,False,1.0
50015_TV,50015,TV,Absent,0.41712934,11,2,False,1.0
50029_AV,50029,AV,Absent,0.37667558,11,2,False,1.0
50029_MV,50029,MV,Absent,0.280772,13,2,False,1.0
50029_PV,50029,PV,Absent,0.28994757,11,2,False,1.0
50029_TV,50029,TV,Absent,0.25337532,11,2,False,1.0
50054_MV,50054,MV,Present,0.5569704,7,2,False,1.0
50054_PV,50054,PV,Present,0.6173344,7,2,False,1.0
50072_MV,50072,MV,Absent,0.45595798,11,2,True,2.0
50072_PV,50072,PV,Absent,0.4800844,12,2,True,2.0
50072_TV,50072,TV,Absent,0.40822947,11,2,False,1.0
50146_MV,50146,MV,Absent,0.61721593,14,2,True,2.0
50213_AV,50213,AV,Absent,0.43941143,11,2,True,2.0
50213_MV,50213,MV,Absent,0.39114326,10,2,False,1.0
50213_PV,50213,PV,Absent,0.48317987,10,2,True,2.0
50213_TV,50213,TV,Absent,0.41897875,10,2,False,1.0
50225_AV,50225,AV,Absent,0.28854865,12,2,False,1.0
50225_MV,50225,MV,Absent,0.3498409,11,2,False,1.0
50225_PV,50225,PV,Absent,0.35247487,10,2,False,1.0
50225_TV,50225,TV,Absent,0.34965938,14,2,False,1.0
50228_AV,50228,AV,Absent,0.6089614,11,2,True,2.0
50228_MV,50228,MV,Absent,0.46185568,14,2,True,2.0
50251_AV,50251,AV,Absent,0.40701658,11,2,False,1.0
50251_MV,50251,MV,Absent,0.46686628,9,2,True,2.0
50272_AV,50272,AV,Absent,0.3145402,10,2,False,1.0
50272_MV,50272,MV,Absent,0.3546635,11,2,False,1.0
50272_PV,50272,PV,Absent,0.3114389,11,2,False,1.0
50272_TV,50272,TV,Absent,0.3423677,10,2,False,1.0
50275_AV,50275,AV,Absent,0.40272924,9,2,False,1.0
50275_MV,50275,MV,Absent,0.40026194,10,2,False,1.0
50275_PV,50275,PV,Absent,0.42430788,10,2,False,1.0
50275_TV,50275,TV,Absent,0.40863162,10,2,False,1.0
50276_AV,50276,AV,Absent,0.55394167,10,2,True,2.0
50276_MV,50276,MV,Absent,0.39168492,10,2,False,1.0
50276_PV,50276,PV,Absent,0.44847718,10,2,True,2.0
50276_TV,50276,TV,Absent,0.36209628,10,2,False,1.0
50295_AV,50295,AV,Absent,0.27907172,10,2,False,1.0
50295_MV,50295,MV,Absent,0.41994858,14,2,False,1.0
50295_PV,50295,PV,Absent,0.37519372,11,2,False,1.0
50295_TV,50295,TV,Absent,0.2785038,14,2,False,1.0
50337_MV,50337,MV,Absent,0.30979756,10,2,False,1.0
50337_PV,50337,PV,Absent,0.38251427,10,2,False,1.0
50337_TV,50337,TV,Absent,0.31625873,10,2,False,1.0
50349_AV,50349,AV,Absent,0.26019216,11,2,False,1.0
50349_MV,50349,MV,Absent,0.3340561,11,2,False,1.0
50349_PV,50349,PV,Absent,0.4003633,12,2,False,1.0
50349_TV,50349,TV,Absent,0.26508602,11,2,False,1.0
50359_AV,50359,AV,Absent,0.36614037,11,2,False,1.0
50359_MV,50359,MV,Absent,0.3382235,12,2,False,1.0
50359_PV,50359,PV,Absent,0.47955552,11,2,False,1.0
50359_TV,50359,TV,Absent,0.32575476,12,2,False,1.0
50655_AV,50655,AV,Absent,0.329313,10,2,False,1.0
50655_MV,50655,MV,Absent,0.34405884,12,2,False,1.0
50671_MV,50671,MV,Absent,0.4463539,8,2,True,2.0
50688_AV,50688,AV,Absent,0.54042315,10,2,True,2.0
50688_MV,50688,MV,Absent,0.4616622,11,2,True,2.0
50688_PV,50688,PV,Absent,0.50265324,10,2,True,2.0
50688_TV,50688,TV,Absent,0.47089726,10,2,True,2.0
50693_AV,50693,AV,Absent,0.44506466,11,2,True,2.0
50693_MV,50693,MV,Absent,0.39525795,11,2,False,1.0
50693_PV,50693,PV,Absent,0.45777693,11,2,True,2.0
50693_TV,50693,TV,Absent,0.34503514,10,2,False,1.0
50713_AV,50713,AV,Absent,0.4084018,11,2,False,1.0
50713_MV,50713,MV,Absent,0.29364327,11,2,False,1.0
50713_PV,50713,PV,Absent,0.37039953,10,2,False,1.0
50713_TV,50713,TV,Absent,0.42433983,10,2,False,1.0
50720_AV,50720,AV,Absent,0.62798196,11,2,False,1.0
50720_MV,50720,MV,Absent,0.59386736,13,2,False,1.0
50757_MV,50757,MV,Present,0.32353598,10,2,False,1.0
50757_TV,50757,TV,Present,0.3644036,10,2,False,1.0
50758_AV,50758,AV,Absent,0.26771495,10,2,False,1.0
50758_MV,50758,MV,Absent,0.2955124,11,2,False,1.0
50758_PV,50758,PV,Absent,0.31809288,10,2,False,1.0
50758_TV,50758,TV,Absent,0.41088623,10,2,False,1.0
50796_MV,50796,MV,Absent,0.34074095,12,2,False,1.0
50796_PV,50796,PV,Absent,0.31604934,9,2,False,1.0
50796_TV,50796,TV,Absent,0.28488994,10,2,False,1.0
51064_MV,51064,MV,Present,0.2018493,7,2,False,1.0
68219_AV,49896,AV,Absent,0.349703,7,2,False,1.0
68219_MV,49896,MV,Absent,0.44096717,7,2,True,2.0
68219_PV,49896,PV,Absent,0.36322942,7,2,False,1.0
68219_TV,49896,TV,Absent,0.3392016,6,2,False,1.0
68303_AV,50054,AV,Present,0.5657545,4,2,False,1.0
68303_MV,50054,MV,Present,0.33752742,3,2,False,1.0
68303_PV,50054,PV,Present,0.584868,4,2,False,1.0
68303_TV,50054,TV,Present,0.3495639,2,2,False,1.0
68316_AV,68316,AV,Absent,0.41587237,2,2,False,1.0
68316_MV,68316,MV,Absent,0.2607196,5,2,False,1.0
68316_PV,68316,PV,Absent,0.39828423,2,2,False,1.0
68316_TV,68316,TV,Absent,0.27802995,2,2,False,1.0
68431_AV,68431,AV,Absent,0.56125873,6,2,True,2.0
68431_MV,68431,MV,Absent,0.5113317,8,2,True,2.0
68431_PV,68431,PV,Absent,0.6563657,7,2,True,2.0
68431_TV,68431,TV,Absent,0.5281338,7,2,True,2.0
68470_MV,50213,MV,Absent,0.44157803,2,2,True,2.0
68470_TV,50213,TV,Absent,0.33912843,1,2,False,1.0
68504_AV,68504,AV,Absent,0.4366263,7,2,True,2.0
68504_MV,68504,MV,Absent,0.49038172,10,2,True,2.0
68504_PV,68504,PV,Absent,0.5255403,7,2,True,2.0
68504_TV,68504,TV,Absent,0.49663347,7,2,True,2.0
68659_AV,68659,AV,Absent,0.6093728,6,2,False,1.0
68659_MV,68659,MV,Absent,0.43431786,6,2,False,1.0
68659_PV,68659,PV,Absent,0.6696786,8,2,False,1.0
68659_TV,68659,TV,Absent,0.39611593,6,2,False,1.0
68660_AV,68660,AV,Absent,0.67176485,2,2,True,2.0
68660_MV,68660,MV,Absent,0.48834315,5,2,True,2.0
68660_PV,68660,PV,Absent,0.5033707,4,2,True,2.0
68660_TV,68660,TV,Absent,0.36565372,7,2,False,1.0
68682_AV,68682,AV,Absent,0.26445034,4,2,False,1.0
68682_MV,68682,MV,Absent,0.3214654,5,2,False,1.0
68682_PV,68682,PV,Absent,0.2806619,3,2,False,1.0
68682_TV,68682,TV,Absent,0.3428533,4,2,False,1.0
68901_AV,50671,AV,Absent,0.35528442,6,2,False,1.0
68901_MV,50671,MV,Absent,0.2547166,7,2,False,1.0
68901_PV,50671,PV,Absent,0.3997893,8,2,False,1.0
68901_TV,50671,TV,Absent,0.25255412,6,2,False,1.0
69093_AV,69093,AV,Present,0.3869362,7,2,False,1.0
69093_MV,69093,MV,Present,0.51599896,7,2,False,1.0
69093_PV,69093,PV,Present,0.3805681,7,2,False,1.0
69093_TV,69093,TV,Present,0.6744208,10,2,False,1.0
69120_MV,49712,MV,Present,0.5929203,7,2,False,1.0
69120_PV,49712,PV,Present,0.7543725,5,2,False,1.0
69120_TV,49712,TV,Present,0.6916762,7,2,False,1.0
69155_MV,49838,MV,Present,0.57809776,7,2,False,1.0
69155_PV,49838,PV,Present,0.5289893,2,2,False,1.0
69155_TV,49838,TV,Present,0.7108253,2,2,False,1.0
69161_AV,69161,AV,Absent,0.40524015,6,2,False,1.0
69161_MV,69161,MV,Absent,0.42847824,7,2,False,1.0
69161_PV,69161,PV,Absent,0.42954922,7,2,False,1.0
69161_TV,69161,TV,Absent,0.3875122,7,2,False,1.0
73316_AV,73316,AV,Absent,0.47989717,5,2,False,1.0
73316_MV,73316,MV,Absent,0.7468645,5,2,False,1.0
73316_PV,73316,PV,Absent,0.6240776,4,2,False,1.0
73316_TV,73316,TV,Absent,0.41605356,4,2,False,1.0
84706_AV,84706,AV,Absent,0.4280043,4,2,False,1.0
84706_MV,84706,MV,Absent,0.4452137,6,2,True,2.0
84706_PV,84706,PV,Absent,0.29219922,5,2,False,1.0
84706_TV,84706,TV,Absent,0.39179555,5,2,False,1.0
84730_PV,84730,PV,Present,0.37950256,7,2,False,1.0
84730_TV,84730,TV,Present,0.3886131,10,2,False,1.0
84742_AV,84742,AV,Absent,0.37229106,7,2,False,1.0
84742_MV,84742,MV,Absent,0.3207357,6,2,False,1.0
84742_PV,84742,PV,Absent,0.37482357,7,2,False,1.0
84742_TV,84742,TV,Absent,0.37879348,7,2,False,1.0
84749_AV,84749,AV,Absent,0.36958084,7,2,False,1.0
84749_MV,84749,MV,Absent,0.25038362,8,2,False,1.0
84749_PV,84749,PV,Absent,0.47935122,7,2,True,2.0
84749_TV,84749,TV,Absent,0.31763688,7,2,False,1.0
84798_AV,84798,AV,Absent,0.34577248,5,2,False,1.0
84798_MV,84798,MV,Absent,0.29116175,5,2,False,1.0
84798_PV,84798,PV,Absent,0.47599614,2,2,False,1.0
84798_TV,84798,TV,Absent,0.33670443,2,2,False,1.0
84803_AV,84803,AV,Absent,0.36269835,7,2,False,1.0
84803_MV,84803,MV,Absent,0.18600631,7,2,False,1.0
84803_PV,84803,PV,Absent,0.3502999,7,2,False,1.0
84803_TV,84803,TV,Absent,0.27179354,7,2,False,1.0
84809_AV,84809,AV,Absent,0.4110619,6,2,False,1.0
84809_MV,84809,MV,Absent,0.2943511,7,2,False,1.0
84809_PV,84809,PV,Absent,0.3414591,7,2,False,1.0
84809_TV,84809,TV,Absent,0.3820381,7,2,False,1.0
84824_AV,84824,AV,Absent,0.40999237,7,2,False,1.0
84824_MV,84824,MV,Absent,0.65754765,7,2,True,2.0
84831_AV,84831,AV,Absent,0.57779634,6,2,True,2.0
84831_MV,84831,MV,Absent,0.37056255,7,2,False,1.0
84831_PV,84831,PV,Absent,0.46431702,7,2,True,2.0
84831_TV,84831,TV,Absent,0.41673428,7,2,False,1.0
84870_AV,84870,AV,Absent,0.34617153,7,2,False,1.0
84870_MV,84870,MV,Absent,0.29832357,7,2,False,1.0
84870_PV,84870,PV,Absent,0.28889984,7,2,False,1.0
84870_TV,84870,TV,Absent,0.28813657,7,2,False,1.0
84920_AV,84920,AV,Absent,0.46984246,3,2,True,2.0
84920_MV,84920,MV,Absent,0.36370158,4,2,False,1.0
84920_PV,84920,PV,Absent,0.41030133,4,2,False,1.0
84920_TV,84920,TV,Absent,0.32994196,5,2,False,1.0
84928_AV,84928,AV,Absent,0.45562452,2,2,True,2.0
84928_MV,84928,MV,Absent,0.23582907,5,2,False,1.0
84928_PV,84928,PV,Absent,0.44359395,1,2,True,2.0
84928_TV,84928,TV,Absent,0.3217159,2,2,False,1.0
84952_AV,84952,AV,Absent,0.31488004,7,2,False,1.0
84952_PV,84952,PV,Absent,0.2632142,7,2,False,1.0
84952_TV,84952,TV,Absent,0.22889581,11,2,False,1.0
84973_AV,84973,AV,Absent,0.33123326,8,2,False,1.0
84973_MV,84973,MV,Absent,0.33540455,7,2,False,1.0
84973_PV,84973,PV,Absent,0.3230113,7,2,False,1.0
84973_TV,84973,TV,Absent,0.32555878,8,2,False,1.0
85004_MV,85004,MV,Present,0.52431923,8,2,False,1.0
85024_AV,85024,AV,Present,0.43803477,7,2,False,1.0
85024_MV,85024,MV,Present,0.30818614,7,2,False,1.0
85024_PV,85024,PV,Present,0.60164016,7,2,False,1.0
85024_TV,85024,TV,Present,0.573198,7,2,False,1.0
85034_AV,85034,AV,Absent,0.4996068,7,2,True,2.0
85034_MV,85034,MV,Absent,0.4944994,4,2,True,2.0
85057_AV,85057,AV,Present,0.53302354,6,2,False,1.0
85057_MV,85057,MV,Present,0.41857648,7,2,False,1.0
85057_PV,85057,PV,Present,0.49484763,6,2,False,1.0
85057_TV,85057,TV,Present,0.48398885,6,2,False,1.0
85080_AV,85080,AV,Present,0.4238254,9,2,False,1.0
85080_MV,85080,MV,Present,0.37496975,7,2,False,1.0
85080_PV,85080,PV,Present,0.45315608,7,2,False,1.0
85080_TV,85080,TV,Present,0.40514168,12,2,False,1.0
85109_AV,85109,AV,Absent,0.5061192,7,2,False,1.0
85109_MV,85109,MV,Absent,0.42975986,6,2,False,1.0
85109_PV,85109,PV,Absent,0.5752195,9,2,False,1.0
85109_TV,85109,TV,Absent,0.39637658,7,2,False,1.0
85116_AV,85116,AV,Absent,0.50459135,3,2,False,1.0
85116_MV,85116,MV,Absent,0.4039109,8,2,False,1.0
85116_PV,85116,PV,Absent,0.3010085,5,2,False,1.0
85116_TV,85116,TV,Absent,0.26412162,4,2,False,1.0
85118_AV,85118,AV,Absent,0.42304906,8,2,False,1.0
85118_MV,85118,MV,Absent,0.2517846,7,2,False,1.0
85118_PV,85118,PV,Absent,0.42002144,8,2,False,1.0
85118_TV,85118,TV,Absent,0.33548987,10,2,False,1.0
85131_AV,85131,AV,Absent,0.5182561,3,2,True,2.0
85131_MV,85131,MV,Absent,0.35729715,7,2,False,1.0
85131_PV,85131,PV,Absent,0.47097245,5,2,True,2.0
85131_TV,85131,TV,Absent,0.5158437,2,2,True,2.0
85180_AV,85180,AV,Absent,0.36208078,7,2,False,1.0
85180_MV,85180,MV,Absent,0.47810343,7,2,True,2.0
85180_PV,85180,PV,Absent,0.3390409,7,2,False,1.0
85180_TV,85180,TV,Absent,0.3769536,11,2,False,1.0
85192_AV,85192,AV,Absent,0.28619435,6,2,False,1.0
85192_MV,85192,MV,Absent,0.38322,7,2,False,1.0
85192_PV,85192,PV,Absent,0.30292663,6,2,False,1.0
85192_TV,85192,TV,Absent,0.30713925,6,2,False,1.0
85217_AV,85217,AV,Absent,0.29976404,2,2,False,1.0
85217_MV,85217,MV,Absent,0.24506368,7,2,False,1.0
85217_PV,85217,PV,Absent,0.3287627,5,2,False,1.0
85217_TV,85217,TV,Absent,0.37116513,7,2,False,1.0
85234_AV,50688,AV,Absent,0.59317875,4,2,True,2.0
85234_MV,50688,MV,Absent,0.3732528,5,2,False,1.0
85234_PV,50688,PV,Absent,0.51785,2,2,True,2.0
85234_TV,50688,TV,Absent,0.39677116,3,2,False,1.0
85240_AV,85240,AV,Absent,0.22750871,6,2,False,1.0
85240_PV,85240,PV,Absent,0.3049294,6,2,False,1.0
85240_TV,85240,TV,Absent,0.33340093,6,2,False,1.0
85243_PV,85243,PV,Present,0.43420956,7,2,False,1.0
85245_AV,85245,AV,Absent,0.38743377,6,2,False,1.0
85245_PV,85245,PV,Absent,0.33672276,6,2,False,1.0
85245_TV,85245,TV,Absent,0.29701638,8,2,False,1.0
85247_AV,85247,AV,Absent,0.40373787,5,2,False,1.0
85247_MV,85247,MV,Absent,0.33602434,7,2,False,1.0
85247_PV,85247,PV,Absent,0.4740354,6,2,True,2.0
85247_TV,85247,TV,Absent,0.36884153,6,2,False,1.0
85252_AV,85252,AV,Absent,0.42162183,4,2,False,1.0
85252_MV,85252,MV,Absent,0.33451918,8,2,False,1.0
85252_PV,85252,PV,Absent,0.36406112,4,2,False,1.0
85252_TV,85252,TV,Absent,0.3483387,4,2,False,1.0
85261_AV,85261,AV,Present,0.80648535,6,2,False,1.0
85261_MV,85261,MV,Present,0.84541523,8,2,False,1.0
85261_PV,85261,PV,Present,0.9473018,4,2,False,1.0
85261_TV,85261,TV,Present,0.95489657,4,2,False,1.0
85264_MV,85264,MV,Absent,0.7337083,8,2,False,1.0
85321_PV,85321,PV,Absent,0.32373488,8,2,False,1.0
85321_TV,85321,TV,Absent,0.29484668,7,2,False,1.0
85332_AV,85332,AV,Absent,0.30603,6,2,False,1.0
85332_PV,85332,PV,Absent,0.294168,7,2,False,1.0
85336_AV,85336,AV,Absent,0.45701823,5,2,False,1.0
85336_MV,85336,MV,Absent,0.35101697,6,2,False,1.0
85338_AV,85338,AV,Absent,0.26636136,8,2,False,1.0
85338_MV,85338,MV,Absent,0.36483774,6,2,False,1.0
85338_PV,85338,PV,Absent,0.3048586,6,2,False,1.0
85338_TV,85338,TV,Absent,0.2876633,7,2,False,1.0
85343_MV,85343,MV,Present,0.48589107,6,2,False,1.0
85343_TV,85343,TV,Present,0.573523,6,2,False,1.0
9979_AV,9979,AV,Present,0.71178705,6,2,False,1.0
9979_MV,9979,MV,Present,0.80833304,7,2,False,1.0
9979_PV,9979,PV,Present,0.5003912,7,2,False,1.0
9979_TV,9979,TV,Present,0.74917513,8,2,False,1.0
14998_AV,14998,AV,Absent,0.5765222,7,3,True,2.0
14998_MV,14998,MV,Absent,0.5052767,8,3,True,2.0
14998_PV,14998,PV,Absent,0.5451894,7,3,True,2.0
14998_TV,14998,TV,Absent,0.49572414,9,3,True,2.0
2530_AV,2530,AV,Absent,0.37030616,8,3,False,1.0
2530_MV,2530,MV,Absent,0.3420077,9,3,False,1.0
2530_PV,2530,PV,Absent,0.28147376,4,3,False,1.0
2530_TV,2530,TV,Absent,0.21485753,4,3,False,1.0
49585_AV,49585,AV,Absent,0.34532374,10,3,False,1.0
49585_MV,49585,MV,Absent,0.30932647,11,3,False,1.0
49585_PV,49585,PV,Absent,0.41902623,10,3,False,1.0
49585_TV,49585,TV,Absent,0.29604813,10,3,False,1.0
49627_AV,49627,AV,Present,0.74563295,10,3,False,1.0
49627_MV,49627,MV,Present,0.82019,11,3,False,1.0
49627_PV,49627,PV,Present,0.7541948,11,3,False,1.0
49627_TV,49627,TV,Present,0.8601692,11,3,False,1.0
49628_AV,49628,AV,Present,0.6608136,11,3,False,1.0
49628_MV,49628,MV,Present,0.7336248,11,3,False,1.0
49628_PV,49628,PV,Present,0.7434844,10,3,False,1.0
49628_TV,49628,TV,Present,0.90906584,11,3,False,1.0
49691_AV,49691,AV,Present,0.3963618,11,3,False,1.0
49691_MV,49691,MV,Present,0.37591293,11,3,False,1.0
49691_PV,49691,PV,Present,0.5399,11,3,False,1.0
49691_TV,49691,TV,Present,0.37426138,11,3,False,1.0
49735_MV,49735,MV,Absent,0.6317146,11,3,True,2.0
49735_PV,49735,PV,Absent,0.38724917,11,3,False,1.0
49735_TV,49735,TV,Absent,0.44914392,11,3,True,2.0
49823_MV,49823,MV,Present,0.63530976,12,3,False,1.0
49823_PV,49823,PV,Present,0.82705194,8,3,False,1.0
49823_TV,49823,TV,Present,0.6837276,8,3,False,1.0
49839_AV,49839,AV,Absent,0.3630299,10,3,False,1.0
49839_MV,49839,MV,Absent,0.41549248,10,3,False,1.0
49839_PV,49839,PV,Absent,0.3642483,9,3,False,1.0
49839_TV,49839,TV,Absent,0.49317738,11,3,False,1.0
49876_AV,49876,AV,Absent,0.3648538,10,3,False,1.0
49876_MV,49876,MV,Absent,0.2789027,10,3,False,1.0
49876_PV,49876,PV,Absent,0.31900913,10,3,False,1.0
49876_TV,49876,TV,Absent,0.31596044,11,3,False,1.0
49959_AV,49959,AV,Absent,0.48419487,9,3,False,1.0
49959_MV,49959,MV,Absent,0.47532922,8,3,False,1.0
49980_AV,49980,AV,Absent,0.41444921,7,3,False,1.0
49980_MV,49980,MV,Absent,0.43961942,6,3,True,2.0
49980_PV,49980,PV,Absent,0.48471516,5,3,True,2.0
49980_TV,49980,TV,Absent,0.516088,5,3,True,2.0
49983_AV,49983,AV,Absent,0.3893508,5,3,False,1.0
49983_MV,49983,MV,Absent,0.51820767,6,3,True,2.0
49983_PV,49983,PV,Absent,0.3686038,4,3,False,1.0
49983_TV,49983,TV,Absent,0.45592684,4,3,True,2.0
50008_AV,50008,AV,Absent,0.34771526,11,3,False,1.0
50008_MV,50008,MV,Absent,0.40628242,10,3,False,1.0
50008_PV,50008,PV,Absent,0.39724502,11,3,False,1.0
50008_TV,50008,TV,Absent,0.45760933,10,3,True,2.0
50014_AV,50014,AV,Absent,0.4541614,6,3,True,2.0
50014_MV,50014,MV,Absent,0.5268205,3,3,True,2.0
50014_PV,50014,PV,Absent,0.4188799,3,3,False,1.0
50014_TV,50014,TV,Absent,0.3979433,4,3,False,1.0
50017_AV,50017,AV,Absent,0.28429642,12,3,False,1.0
50017_MV,50017,MV,Absent,0.439691,10,3,True,2.0
50017_PV,50017,PV,Absent,0.42503175,11,3,False,1.0
50017_TV,50017,TV,Absent,0.44485742,11,3,True,2.0
50076_AV,50076,AV,Absent,0.46318755,9,3,True,2.0
50076_MV,50076,MV,Absent,0.45166573,10,3,True,2.0
50076_PV,50076,PV,Absent,0.48602465,9,3,True,2.0
50076_TV,50076,TV,Absent,0.52588236,10,3,True,2.0
50077_MV,50077,MV,Absent,0.356993,9,3,False,1.0
50092_AV,50092,AV,Absent,0.39878446,10,3,False,1.0
50092_MV,50092,MV,Absent,0.36379105,10,3,False,1.0
50092_PV,50092,PV,Absent,0.32882148,9,3,False,1.0
50092_TV,50092,TV,Absent,0.38897288,10,3,False,1.0
50105_MV,50105,MV,Absent,0.35038286,10,3,False,1.0
50105_PV,50105,PV,Absent,0.43337885,6,3,False,1.0
50105_TV,50105,TV,Absent,0.5032884,10,3,True,2.0
50119_PV,50119,PV,Absent,0.5124698,11,3,True,2.0
50137_MV,50137,MV,Absent,0.30854914,10,3,False,1.0
50137_PV,50137,PV,Absent,0.29123807,10,3,False,1.0
50137_TV,50137,TV,Absent,0.35784283,10,3,False,1.0
50141_AV,50141,AV,Absent,0.48717645,11,3,False,1.0
50149_MV,50149,MV,Present,0.6449471,23,3,False,1.0
50159_MV,50159,MV,Present,0.29750964,10,3,False,1.0
50164_MV,50164,MV,Absent,0.4114772,11,3,False,1.0
50164_PV,50164,PV,Absent,0.4026355,10,3,False,1.0
50164_TV,50164,TV,Absent,0.38850227,12,3,False,1.0
50166_MV,50166,MV,Absent,0.6057903,15,3,True,2.0
50210_AV,50210,AV,Absent,0.52733666,11,3,True,2.0
50210_MV_1,50210,MV,Absent,0.42804423,5,3,False,1.0
50210_MV_2,50210,MV,Absent,0.3929369,10,3,False,1.0
50210_PV,50210,PV,Absent,0.42948493,11,3,False,1.0
50210_TV,50210,TV,Absent,0.40825868,10,3,False,1.0
50230_AV,50230,AV,Absent,0.4896614,10,3,True,2.0
50230_MV,50230,MV,Absent,0.51388496,15,3,True,2.0
50230_PV,50230,PV,Absent,0.36016124,10,3,False,1.0
50230_TV,50230,TV,Absent,0.48557252,10,3,True,2.0
50264_AV,50264,AV,Absent,0.5244992,10,3,True,2.0
50264_MV,50264,MV,Absent,0.59679097,10,3,True,2.0
50278_AV,50278,AV,Absent,0.25160187,10,3,False,1.0
50278_MV,50278,MV,Absent,0.38973492,11,3,False,1.0
50278_PV,50278,PV,Absent,0.2760065,10,3,False,1.0
50278_TV,50278,TV,Absent,0.21492179,9,3,False,1.0
50303_AV,50303,AV,Absent,0.45859012,8,3,True,2.0
50303_MV,50303,MV,Absent,0.6249998,8,3,True,2.0
50303_PV,50303,PV,Absent,0.5315002,3,3,True,2.0
50306_AV,50306,AV,Absent,0.24639186,10,3,False,1.0
50306_MV,50306,MV,Absent,0.28798914,10,3,False,1.0
50306_PV,50306,PV,Absent,0.32250896,10,3,False,1.0
50306_TV,50306,TV,Absent,0.26132753,10,3,False,1.0
50312_AV,50312,AV,Absent,0.41157264,11,3,False,1.0
50312_MV,50312,MV,Absent,0.34265456,6,3,False,1.0
50312_PV,50312,PV,Absent,0.34867096,11,3,False,1.0
50312_TV,50312,TV,Absent,0.3906281,12,3,False,1.0
50316_AV,50316,AV,Absent,0.4131229,12,3,False,1.0
50316_MV,50316,MV,Absent,0.42923203,11,3,False,1.0
50331_AV,50331,AV,Present,0.55646574,5,3,False,1.0
50331_MV,50331,MV,Present,0.614049,8,3,False,1.0
50331_PV,50331,PV,Present,0.8530486,9,3,False,1.0
50331_TV,50331,TV,Present,0.8567685,8,3,False,1.0
50723_AV,50723,AV,Absent,0.3017436,11,3,False,1.0
50723_MV,50723,MV,Absent,0.3076927,11,3,False,1.0
50723_PV,50723,PV,Absent,0.40678063,11,3,False,1.0
50723_TV,50723,TV,Absent,0.29827067,10,3,False,1.0
50729_AV,50729,AV,Absent,0.38316572,10,3,False,1.0
50729_MV,50729,MV,Absent,0.4260819,10,3,False,1.0
50731_MV,50731,MV,Absent,0.35373685,11,3,False,1.0
50731_PV,50731,PV,Absent,0.47766268,11,3,True,2.0
50731_TV,50731,TV,Absent,0.43239748,11,3,False,1.0
50732_AV,50732,AV,Absent,0.31585845,9,3,False,1.0
50732_MV,50732,MV,Absent,0.29996172,14,3,False,1.0
50732_PV,50732,PV,Absent,0.3341462,10,3,False,1.0
50732_TV,50732,TV,Absent,0.3427357,13,3,False,1.0
50734_AV,50734,AV,Present,0.42133263,24,3,False,1.0
50734_MV,50734,MV,Present,0.6939162,22,3,False,1.0
50734_PV,50734,PV,Present,0.6440996,23,3,False,1.0
50734_Phc,50734,Phc,Present,0.6373513,11,3,False,1.0
50734_TV,50734,TV,Present,0.5953191,22,3,False,1.0
50740_AV,50740,AV,Absent,0.28325704,11,3,False,1.0
50740_MV,50740,MV,Absent,0.37935513,11,3,False,1.0
50740_PV,50740,PV,Absent,0.31736168,10,3,False,1.0
50740_TV,50740,TV,Absent,0.21894921,11,3,False,1.0
50746_MV,50746,MV,Present,0.40114537,10,3,False,1.0
61117_TV,61117,TV,Present,0.35429507,2,3,False,1.0
68269_PV,68269,PV,Absent,0.3389738,1,3,False,1.0
68269_TV,68269,TV,Absent,0.35196143,1,3,False,1.0
68406_AV,50166,AV,Absent,0.31346893,5,3,False,1.0
68406_MV,50166,MV,Absent,0.29625246,6,3,False,1.0
68406_PV,50166,PV,Absent,0.28798357,6,3,False,1.0
68406_TV,50166,TV,Absent,0.28544787,6,3,False,1.0
68477_AV,50230,AV,Absent,0.30270952,7,3,False,1.0
68477_MV,50230,MV,Absent,0.31146693,7,3,False,1.0
68477_PV,50230,PV,Absent,0.35859856,7,3,False,1.0
68477_TV,50230,TV,Absent,0.29485494,7,3,False,1.0
68532_AV,50303,AV,Absent,0.36208177,3,3,False,1.0
68532_MV,50303,MV,Absent,0.3906342,6,3,False,1.0
68532_PV,50303,PV,Absent,0.4591004,7,3,True,2.0
68532_TV,50303,TV,Absent,0.34025154,7,3,False,1.0
68545_AV,50312,AV,Absent,0.3861188,7,3,False,1.0
68545_MV,50312,MV,Absent,0.41941372,7,3,False,1.0
68545_PV,50312,PV,Absent,0.44570735,8,3,False,1.0
68545_TV,50312,TV,Absent,0.43181,12,3,False,1.0
68740_MV,68740,MV,Present,0.3919248,2,3,False,1.0
68740_PV,68740,PV,Present,0.4554251,2,3,False,1.0
68740_TV,68740,TV,Present,0.30984545,2,3,False,1.0
68752_AV,68752,AV,Absent,0.48649338,7,3,True,2.0
68752_MV,68752,MV,Absent,0.6072264,6,3,True,2.0
68752_PV,68752,PV,Absent,0.5675061,7,3,True,2.0
68752_TV,68752,TV,Absent,0.40978745,11,3,False,1.0
68756_MV,68756,MV,Absent,0.3293836,10,3,False,1.0
68756_PV,68756,PV,Absent,0.19636042,4,3,False,1.0
68756_TV,68756,TV,Absent,0.26282027,8,3,False,1.0
69066_AV,69066,AV,Absent,0.39229217,6,3,False,1.0
69066_MV,69066,MV,Absent,0.2536951,6,3,False,1.0
69066_PV,69066,PV,Absent,0.38160378,7,3,False,1.0
69066_TV,69066,TV,Absent,0.3125341,7,3,False,1.0
69141_AV,69141,AV,Absent,0.29701474,7,3,False,1.0
69141_MV,69141,MV,Absent,0.28621408,6,3,False,1.0
69141_PV,69141,PV,Absent,0.27819377,7,3,False,1.0
69141_TV,69141,TV,Absent,0.2529669,6,3,False,1.0
69147_AV,49823,AV,Present,0.7312912,2,3,False,1.0
69147_MV,49823,MV,Present,0.31396312,7,3,False,1.0
69147_PV,49823,PV,Present,0.7402908,5,3,False,1.0
69147_TV,49823,TV,Present,0.49642134,3,3,False,1.0
69176_AV,49876,AV,Absent,0.3770165,7,3,False,1.0
69176_MV,49876,MV,Absent,0.36411765,7,3,False,1.0
69176_PV,49876,PV,Absent,0.27208558,7,3,False,1.0
69176_TV,49876,TV,Absent,0.3469568,7,3,False,1.0
78280_AV,78280,AV,Present,0.44344357,9,3,False,1.0
78280_MV,78280,MV,Present,0.50813985,6,3,False,1.0
80348_AV,80348,AV,Absent,0.47914192,7,3,True,2.0
80348_MV,80348,MV,Absent,0.35647964,6,3,False,1.0
80348_PV,80348,PV,Absent,0.41680828,10,3,False,1.0
80348_TV,80348,TV,Absent,0.2902893,10,3,False,1.0
84687_AV,84687,AV,Absent,0.50738573,7,3,True,2.0
84687_MV,84687,MV,Absent,0.4777749,7,3,True,2.0
84696_AV,84696,AV,Absent,0.33406386,2,3,False,1.0
84696_MV,84696,MV,Absent,0.32740134,4,3,False,1.0
84696_PV,84696,PV,Absent,0.27177024,3,3,False,1.0
84696_TV,84696,TV,Absent,0.36691737,3,3,False,1.0
84725_MV,84725,MV,Absent,0.4243297,5,3,False,1.0
84725_PV,84725,PV,Absent,0.34540343,5,3,False,1.0
84725_TV,84725,TV,Absent,0.4535061,6,3,True,2.0
84733_AV,84733,AV,Absent,0.33103412,6,3,False,1.0
84733_MV,84733,MV,Absent,0.35082328,6,3,False,1.0
84733_PV,84733,PV,Absent,0.36404592,5,3,False,1.0
84733_TV,84733,TV,Absent,0.38174087,5,3,False,1.0
84738_AV,84738,AV,Absent,0.40197152,4,3,False,1.0
84738_MV,84738,MV,Absent,0.38304794,5,3,False,1.0
84738_PV,84738,PV,Absent,0.43231034,5,3,False,1.0
84738_TV,84738,TV,Absent,0.33145705,4,3,False,1.0
84758_AV,84758,AV,Absent,0.5038286,8,3,True,2.0
84758_MV,84758,MV,Absent,0.6072932,7,3,True,2.0
84758_PV,84758,PV,Absent,0.6622291,6,3,True,2.0
84758_TV,84758,TV,Absent,0.43096867,11,3,False,1.0
84786_MV,84786,MV,Present,0.5397689,7,3,False,1.0
84786_PV,84786,PV,Present,0.5173052,6,3,False,1.0
84805_AV,84805,AV,Absent,0.38554278,5,3,False,1.0
84805_MV,84805,MV,Absent,0.3097077,6,3,False,1.0
84805_PV,84805,PV,Absent,0.29113743,6,3,False,1.0
84805_TV,84805,TV,Absent,0.3319408,6,3,False,1.0
84813_AV,84813,AV,Absent,0.54523766,2,3,True,2.0
84813_MV,84813,MV,Absent,0.4007073,4,3,False,1.0
84813_PV,84813,PV,Absent,0.4494195,2,3,True,2.0
84813_TV,84813,TV,Absent,0.4133222,2,3,False,1.0
84814_AV,84814,AV,Absent,0.29438242,6,3,False,1.0
84814_PV,84814,PV,Absent,0.2970634,7,3,False,1.0
84834_AV,84834,AV,Present,0.78389853,6,3,False,1.0
84834_MV,84834,MV,Present,0.66701627,6,3,False,1.0
84834_PV,84834,PV,Present,0.71550846,6,3,False,1.0
84834_TV,84834,TV,Present,0.96218365,6,3,False,1.0
84918_PV,84918,PV,Absent,0.32044128,7,3,False,1.0
84922_AV,84922,AV,Absent,0.23569585,3,3,False,1.0
84922_MV,84922,MV,Absent,0.39019743,5,3,False,1.0
84923_AV,84923,AV,Absent,0.27720428,2,3,False,1.0
84923_MV,84923,MV,Absent,0.27715802,7,3,False,1.0
84923_PV,84923,PV,Absent,0.3682971,2,3,False,1.0
84923_TV,84923,TV,Absent,0.32701832,2,3,False,1.0
84978_AV,84978,AV,Absent,0.48510662,7,3,True,2.0
84978_MV,84978,MV,Absent,0.3498037,7,3,False,1.0
84978_PV,84978,PV,Absent,0.40776148,7,3,False,1.0
84978_TV,84978,TV,Absent,0.34712997,10,3,False,1.0
84985_AV,84985,AV,Absent,0.2482724,2,3,False,1.0
84985_MV,84985,MV,Absent,0.35130548,3,3,False,1.0
84985_PV,84985,PV,Absent,0.2373352,2,3,False,1.0
84985_TV,84985,TV,Absent,0.3131736,1,3,False,1.0
84992_AV,84992,AV,Absent,0.2663071,7,3,False,1.0
84992_PV,84992,PV,Absent,0.36387393,7,3,False,1.0
84992_TV,84992,TV,Absent,0.31568772,7,3,False,1.0
85031_AV,85031,AV,Present,0.66553926,3,3,False,1.0
85031_MV,85031,MV,Present,0.6874199,5,3,False,1.0
85031_PV,85031,PV,Present,0.8325629,4,3,False,1.0
85031_TV,85031,TV,Present,0.91054696,3,3,False,1.0
85035_AV,85035,AV,Absent,0.27285486,3,3,False,1.0
85035_MV,85035,MV,Absent,0.3120211,8,3,False,1.0
85035_PV,85035,PV,Absent,0.31885588,2,3,False,1.0
85035_TV,85035,TV,Absent,0.24208617,2,3,False,1.0
85037_TV,85037,TV,Present,0.23740757,3,3,False,1.0
85099_AV,85099,AV,Absent,0.42103592,7,3,False,1.0
85099_MV,85099,MV,Absent,0.33819315,10,3,False,1.0
85099_PV,85099,PV,Absent,0.40111914,7,3,False,1.0
85099_TV,85099,TV,Absent,0.34123743,11,3,False,1.0
85121_AV,85121,AV,Absent,0.35285085,7,3,False,1.0
85121_MV,85121,MV,Absent,0.45746714,7,3,True,2.0
85121_PV,85121,PV,Absent,0.2673137,6,3,False,1.0
85121_TV,85121,TV,Absent,0.40861824,7,3,False,1.0
85132_PV,85132,PV,Present,0.41388023,8,3,False,1.0
85132_TV,85132,TV,Present,0.43546346,7,3,False,1.0
85134_AV,85134,AV,Absent,0.31226948,7,3,False,1.0
85134_MV,85134,MV,Absent,0.29376906,8,3,False,1.0
85134_PV,85134,PV,Absent,0.3024963,10,3,False,1.0
85134_TV,85134,TV,Absent,0.27437106,7,3,False,1.0
85151_AV,85151,AV,Absent,0.28556535,7,3,False,1.0
85151_MV,85151,MV,Absent,0.31938654,7,3,False,1.0
85151_PV,85151,PV,Absent,0.23712759,6,3,False,1.0
85151_TV,85151,TV,Absent,0.38753796,6,3,False,1.0
85166_AV,85166,AV,Absent,0.4110783,7,3,False,1.0
85166_MV,85166,MV,Absent,0.36745253,7,3,False,1.0
85166_PV,85166,PV,Absent,0.40558884,9,3,False,1.0
85166_TV,85166,TV,Absent,0.37861902,7,3,False,1.0
85176_AV,85176,AV,Absent,0.35245946,4,3,False,1.0
85176_MV,85176,MV,Absent,0.4050803,12,3,False,1.0
85176_PV,85176,PV,Absent,0.24696246,5,3,False,1.0
85176_TV,85176,TV,Absent,0.26706463,4,3,False,1.0
85213_AV,85213,AV,Absent,0.3750951,3,3,False,1.0
85213_MV,85213,MV,Absent,0.32863,7,3,False,1.0
85213_PV,85213,PV,Absent,0.31940717,7,3,False,1.0
85213_TV,85213,TV,Absent,0.28154805,7,3,False,1.0
85226_MV,85226,MV,Absent,0.37977502,7,3,False,1.0
85226_PV,85226,PV,Absent,0.42319196,5,3,False,1.0
85226_TV,85226,TV,Absent,0.34536037,4,3,False,1.0
85249_AV,85249,AV,Absent,0.37878057,7,3,False,1.0
85249_MV,85249,MV,Absent,0.56182605,8,3,True,2.0
85249_PV,85249,PV,Absent,0.5061666,8,3,True,2.0
85249_TV,85249,TV,Absent,0.4285237,10,3,False,1.0
85308_AV,85308,AV,Absent,0.38633934,6,3,False,1.0
85308_MV,85308,MV,Absent,0.34285,8,3,False,1.0
85308_PV,85308,PV,Absent,0.41389072,6,3,False,1.0
85308_TV,85308,TV,Absent,0.3309409,7,3,False,1.0
85312_AV,85312,AV,Absent,0.3236469,6,3,False,1.0
85312_MV,85312,MV,Absent,0.32012457,7,3,False,1.0
85312_PV,85312,PV,Absent,0.27905467,6,3,False,1.0
85312_TV,85312,TV,Absent,0.31437972,7,3,False,1.0
85315_AV,85315,AV,Absent,0.36641654,4,3,False,1.0
85315_MV,85315,MV,Absent,0.42239198,10,3,False,1.0
85315_PV,85315,PV,Absent,0.38563612,3,3,False,1.0
85315_TV,85315,TV,Absent,0.35236344,7,3,False,1.0
85327_AV,85327,AV,Absent,0.24028929,3,3,False,1.0
85327_MV,85327,MV,Absent,0.42578042,8,3,False,1.0
85327_PV,85327,PV,Absent,0.43755984,3,3,True,2.0
85327_TV,85327,TV,Absent,0.40341884,2,3,False,1.0
85328_AV,85328,AV,Absent,0.39032367,8,3,False,1.0
85328_MV,85328,MV,Absent,0.2910004,6,3,False,1.0
85328_PV,85328,PV,Absent,0.27310044,7,3,False,1.0
85328_TV,85328,TV,Absent,0.32738164,6,3,False,1.0
85335_AV,85335,AV,Absent,0.4351235,7,3,True,2.0
85335_PV,85335,PV,Absent,0.45141476,8,3,True,2.0
85335_TV,85335,TV,Absent,0.3933016,11,3,False,1.0
85339_MV,85339,MV,Present,0.33056143,7,3,False,1.0
85345_AV,85345,AV,Absent,0.2460509,4,3,False,1.0
85345_PV,85345,PV,Absent,0.3640859,6,3,False,1.0
85349_AV,85349,AV,Absent,0.3791102,6,3,False,1.0
85349_PV,85349,PV,Absent,0.39153826,6,3,False,1.0
85349_TV,85349,TV,Absent,0.2659115,6,3,False,1.0
24160_AV,24160,AV,Absent,0.13927573,4,4,False,1.0
24160_MV,24160,MV,Absent,0.33197245,8,4,False,1.0
24160_PV,24160,PV,Absent,0.37827635,3,4,False,1.0
24160_TV,24160,TV,Absent,0.34400862,4,4,False,1.0
46532_AV,46532,AV,Absent,0.4756231,7,4,False,1.0
49572_MV,49572,MV,Present,0.6715666,10,4,False,1.0
49572_PV,49572,PV,Present,0.5095128,10,4,False,1.0
49574_AV,49574,AV,Present,0.8245393,5,4,False,1.0
49574_MV,49574,MV,Present,0.5889027,8,4,False,1.0
49574_PV,49574,PV,Present,0.954136,5,4,False,1.0
49574_TV,49574,TV,Present,0.99111,8,4,False,1.0
49595_AV,49595,AV,Present,0.6008754,12,4,False,1.0
49595_MV,49595,MV,Present,0.42924082,11,4,False,1.0
49659_AV,49659,AV,Absent,0.29139975,11,4,False,1.0
49659_MV,49659,MV,Absent,0.2936613,11,4,False,1.0
49659_PV,49659,PV,Absent,0.36559916,11,4,False,1.0
49659_TV,49659,TV,Absent,0.3108001,11,4,False,1.0
49824_AV,49824,AV,Present,0.8580322,9,4,False,1.0
49824_MV,49824,MV,Present,0.8218407,7,4,False,1.0
49824_PV,49824,PV,Present,0.9288702,5,4,False,1.0
49854_AV,49854,AV,Absent,0.33034077,10,4,False,1.0
49854_MV,49854,MV,Absent,0.16209528,10,4,False,1.0
49854_PV,49854,PV,Absent,0.24766736,10,4,False,1.0
49854_TV,49854,TV,Absent,0.19260424,10,4,False,1.0
49968_MV,49968,MV,Absent,0.56985635,7,4,True,2.0
49968_PV,49968,PV,Absent,0.6298096,6,4,True,2.0
49968_TV,49968,TV,Absent,0.53408474,6,4,True,2.0
49986_AV,49986,AV,Absent,0.29258817,9,4,False,1.0
49986_MV,49986,MV,Absent,0.44333738,5,4,True,2.0
49989_PV,49989,PV,Present,0.9234108,2,4,False,1.0
50034_AV,50034,AV,Absent,0.3460551,14,4,False,1.0
50034_MV,50034,MV,Absent,0.25015017,14,4,False,1.0
50066_AV,50066,AV,Absent,0.18960223,11,4,False,1.0
50066_MV,50066,MV,Absent,0.11940193,12,4,False,1.0
50074_AV,50074,AV,Absent,0.2791823,10,4,False,1.0
50074_MV,50074,MV,Absent,0.26405436,11,4,False,1.0
50074_PV,50074,PV,Absent,0.31797564,10,4,False,1.0
50074_TV,50074,TV,Absent,0.2855696,10,4,False,1.0
50085_AV,50085,AV,Absent,0.26325378,5,4,False,1.0
50085_MV,50085,MV,Absent,0.23493494,8,4,False,1.0
50085_PV,50085,PV,Absent,0.26023868,6,4,False,1.0
50085_TV,50085,TV,Absent,0.2099723,6,4,False,1.0
50089_AV,50089,AV,Absent,0.2832141,8,4,False,1.0
50089_PV,50089,PV,Absent,0.18361987,9,4,False,1.0
50089_TV,50089,TV,Absent,0.26915577,10,4,False,1.0
50103_AV,50103,AV,Absent,0.21079627,10,4,False,1.0
50103_MV,50103,MV,Absent,0.25068918,10,4,False,1.0
50103_PV,50103,PV,Absent,0.16558439,9,4,False,1.0
50103_TV,50103,TV,Absent,0.15116824,9,4,False,1.0
50113_AV,50113,AV,Absent,0.38506082,6,4,False,1.0
50113_MV,50113,MV,Absent,0.31843695,11,4,False,1.0
50113_PV,50113,PV,Absent,0.27618533,8,4,False,1.0
50113_TV,50113,TV,Absent,0.2169122,10,4,False,1.0
50126_AV,50126,AV,Absent,0.23024264,10,4,False,1.0
50126_MV,50126,MV,Absent,0.40013018,10,4,False,1.0
50126_PV,50126,PV,Absent,0.43893868,7,4,True,2.0
50126_TV,50126,TV,Absent,0.27398896,8,4,False,1.0
50136_AV,50136,AV,Present,0.9764356,12,4,False,1.0
50136_MV,50136,MV,Present,0.965334,11,4,False,1.0
50160_MV,50160,MV,Absent,0.357583,9,4,False,1.0
50160_PV,50160,PV,Absent,0.43397522,6,4,False,1.0
50160_TV,50160,TV,Absent,0.5472562,9,4,False,1.0
50206_MV,50206,MV,Absent,0.1696133,6,4,False,1.0
50206_PV,50206,PV,Absent,0.23255058,8,4,False,1.0
50206_TV,50206,TV,Absent,0.27869076,7,4,False,1.0
50207_AV,50207,AV,Absent,0.38932088,10,4,False,1.0
50207_MV,50207,MV,Absent,0.45448184,10,4,True,2.0
50218_AV,50218,AV,Absent,0.22397076,8,4,False,1.0
50218_MV,50218,MV,Absent,0.2834968,8,4,False,1.0
50218_PV,50218,PV,Absent,0.21133015,5,4,False,1.0
50218_TV,50218,TV,Absent,0.25817344,5,4,False,1.0
50219_AV,50219,AV,Absent,0.51043594,13,4,False,1.0
50219_MV,50219,MV,Absent,0.4162474,11,4,False,1.0
50219_PV,50219,PV,Absent,0.44213533,5,4,False,1.0
50221_AV,50221,AV,Present,0.6562231,12,4,False,1.0
50221_MV,50221,MV,Present,0.5983211,13,4,False,1.0
50238_AV,50238,AV,Present,0.628081,5,4,False,1.0
50238_MV,50238,MV,Present,0.7322504,7,4,False,1.0
50238_PV,50238,PV,Present,0.6128816,6,4,False,1.0
50238_TV,50238,TV,Present,0.7179185,7,4,False,1.0
50239_AV,50239,AV,Absent,0.38189808,10,4,False,1.0
50239_MV,50239,MV,Absent,0.3506182,10,4,False,1.0
50239_PV,50239,PV,Absent,0.43638515,12,4,True,2.0
50239_TV,50239,TV,Absent,0.4161151,10,4,False,1.0
50250_AV,50250,AV,Absent,0.27340516,9,4,False,1.0
50250_MV,50250,MV,Absent,0.30110866,10,4,False,1.0
50250_PV,50250,PV,Absent,0.31957343,10,4,False,1.0
50250_TV_1,50250,TV,Absent,0.6216852,6,4,False,1.0
50250_TV_2,50250,TV,Absent,0.5019171,8,4,False,1.0
50296_AV,50296,AV,Absent,0.3510788,10,4,False,1.0
50296_MV,50296,MV,Absent,0.5160281,10,4,False,1.0
50296_PV,50296,PV,Absent,0.29771572,10,4,False,1.0
50296_TV,50296,TV,Absent,0.30290845,13,4,False,1.0
50317_AV,50317,AV,Absent,0.40745056,11,4,False,1.0
50317_PV,50317,PV,Absent,0.41444224,10,4,False,1.0
50317_TV,50317,TV,Absent,0.18544717,9,4,False,1.0
50393_AV,50393,AV,Absent,0.28983122,10,4,False,1.0
50393_MV,50393,MV,Absent,0.38559926,11,4,False,1.0
50393_PV,50393,PV,Absent,0.24716598,11,4,False,1.0
50393_TV,50393,TV,Absent,0.2868508,11,4,False,1.0
50635_AV,50635,AV,Absent,0.46269178,22,4,True,2.0
50635_MV,50635,MV,Absent,0.16452566,11,4,False,1.0
50635_PV,50635,PV,Absent,0.49142456,13,4,True,2.0
50635_TV,50635,TV,Absent,0.29565954,11,4,False,1.0
50645_AV,50645,AV,Absent,0.46225435,10,4,True,2.0
50645_MV,50645,MV,Absent,0.33455414,11,4,False,1.0
50645_PV,50645,PV,Absent,0.37041092,11,4,False,1.0
50645_TV,50645,TV,Absent,0.45247924,11,4,True,2.0
50652_AV,50652,AV,Absent,0.32261437,10,4,False,1.0
50652_MV,50652,MV,Absent,0.28847554,11,4,False,1.0
50657_AV,50657,AV,Absent,0.34675968,11,4,False,1.0
50657_MV,50657,MV,Absent,0.2252348,12,4,False,1.0
50657_PV,50657,PV,Absent,0.26982257,11,4,False,1.0
50657_TV,50657,TV,Absent,0.31174004,11,4,False,1.0
50659_AV,50659,AV,Absent,0.34023085,12,4,False,1.0
50659_MV,50659,MV,Absent,0.24132495,11,4,False,1.0
50659_PV,50659,PV,Absent,0.23860954,11,4,False,1.0
50659_TV,50659,TV,Absent,0.27760294,11,4,False,1.0
50673_AV,50673,AV,Absent,0.2718461,8,4,False,1.0
50673_MV,50673,MV,Absent,0.21788925,9,4,False,1.0
50673_PV,50673,PV,Absent,0.33881655,9,4,False,1.0
50673_TV,50673,TV,Absent,0.37136313,13,4,False,1.0
50699_AV,50699,AV,Absent,0.13523656,11,4,False,1.0
50699_MV,50699,MV,Absent,0.39004624,11,4,False,1.0
50699_PV,50699,PV,Absent,0.1528819,11,4,False,1.0
50699_TV,50699,TV,Absent,0.31174612,11,4,False,1.0
50715_AV,50715,AV,Absent,0.4127299,10,4,False,1.0
50715_MV,50715,MV,Absent,0.32190797,11,4,False,1.0
50715_PV,50715,PV,Absent,0.1744556,10,4,False,1.0
50715_TV,50715,TV,Absent,0.26814735,10,4,False,1.0
50737_MV,50737,MV,Absent,0.3250642,19,4,False,1.0
50737_PV,50737,PV,Absent,0.501037,7,4,True,2.0
50737_TV,50737,TV,Absent,0.4408116,11,4,True,2.0
50738_AV,50738,AV,Absent,0.26375154,11,4,False,1.0
50738_MV,50738,MV,Absent,0.16352388,11,4,False,1.0
50738_PV,50738,PV,Absent,0.23304895,10,4,False,1.0
50738_TV,50738,TV,Absent,0.15591379,11,4,False,1.0
50747_AV,50747,AV,Absent,0.20809238,10,4,False,1.0
50747_MV,50747,MV,Absent,0.18002614,10,4,False,1.0
50747_PV,50747,PV,Absent,0.22354999,11,4,False,1.0
50747_TV,50747,TV,Absent,0.2666237,11,4,False,1.0
50748_AV,50748,AV,Absent,0.5295541,10,4,True,2.0
50748_MV,50748,MV,Absent,0.5378023,12,4,True,2.0
50754_AV,50754,AV,Absent,0.3173924,10,4,False,1.0
50754_MV,50754,MV,Absent,0.15474087,11,4,False,1.0
50754_PV,50754,PV,Absent,0.26705408,10,4,False,1.0
50754_TV,50754,TV,Absent,0.341651,10,4,False,1.0
50756_AV,50756,AV,Absent,0.29968667,12,4,False,1.0
50756_MV,50756,MV,Absent,0.1513724,10,4,False,1.0
50756_PV,50756,PV,Absent,0.28790602,9,4,False,1.0
50756_TV,50756,TV,Absent,0.1864199,9,4,False,1.0
50763_AV,50763,AV,Absent,0.13523027,9,4,False,1.0
50763_MV,50763,MV,Absent,0.21407789,9,4,False,1.0
50763_PV,50763,PV,Absent,0.32654226,8,4,False,1.0
50763_TV,50763,TV,Absent,0.17781442,9,4,False,1.0
50772_AV,50772,AV,Absent,0.55664337,10,4,True,2.0
50772_MV,50772,MV,Absent,0.35456964,11,4,False,1.0
50772_PV,50772,PV,Absent,0.30465645,4,4,False,1.0
50782_AV_1,50782,AV,Absent,0.2734065,11,4,False,1.0
50782_AV_2,50782,AV,Absent,0.54994994,6,4,True,2.0
50782_MV_1,50782,MV,Absent,0.3465119,10,4,False,1.0
50782_MV_2,50782,MV,Absent,0.3701591,1,4,False,1.0
50782_PV,50782,PV,Absent,0.33346966,11,4,False,1.0
50782_TV,50782,TV,Absent,0.19457951,10,4,False,1.0
50797_AV,50797,AV,Absent,0.21215868,10,4,False,1.0
50797_MV,50797,MV,Absent,0.32104483,10,4,False,1.0
50797_PV,50797,PV,Absent,0.44059008,10,4,True,2.0
50797_TV,50797,TV,Absent,0.2426134,10,4,False,1.0
50803_AV,50803,AV,Absent,0.3069363,12,4,False,1.0
50803_MV,50803,MV,Absent,0.37911937,10,4,False,1.0
50803_PV,50803,PV,Absent,0.37129483,10,4,False,1.0
50803_TV,50803,TV,Absent,0.46036968,10,4,True,2.0
50829_AV,50829,AV,Absent,0.19613962,12,4,False,1.0
50829_MV,50829,MV,Absent,0.2087969,12,4,False,1.0
50829_PV,50829,PV,Absent,0.24101007,14,4,False,1.0
57700_PV,57700,PV,Present,0.37418243,8,4,False,1.0
57700_TV,57700,TV,Present,0.24170648,6,4,False,1.0
64256_MV,64256,MV,Present,0.71131766,4,4,False,1.0
64256_PV,64256,PV,Present,0.9823013,8,4,False,1.0
64256_TV,64256,TV,Present,0.94300777,7,4,False,1.0
68213_AV,49986,AV,Absent,0.100694,7,4,False,1.0
68213_MV,49986,MV,Absent,0.24443245,6,4,False,1.0
68213_PV,49986,PV,Absent,0.10207787,8,4,False,1.0
68213_TV,49986,TV,Absent,0.20730288,7,4,False,1.0
68412_AV,68412,AV,Absent,0.5130213,3,4,True,2.0
68412_MV,68412,MV,Absent,0.24480224,5,4,False,1.0
68412_PV,68412,PV,Absent,0.3936747,3,4,False,1.0
68412_TV,68412,TV,Absent,0.37133166,3,4,False,1.0
68436_AV,68436,AV,Absent,0.25411454,7,4,False,1.0
68436_MV,68436,MV,Absent,0.31940004,6,4,False,1.0
68436_PV,68436,PV,Absent,0.25398642,7,4,False,1.0
68436_TV,68436,TV,Absent,0.30048198,7,4,False,1.0
68449_AV,68449,AV,Absent,0.35212734,7,4,False,1.0
68449_PV,68449,PV,Absent,0.3291163,7,4,False,1.0
68449_TV,68449,TV,Absent,0.2146432,6,4,False,1.0
68460_AV,50218,AV,Absent,0.25707966,7,4,False,1.0
68460_MV,50218,MV,Absent,0.3604294,9,4,False,1.0
68460_PV,50218,PV,Absent,0.23242764,5,4,False,1.0
68460_TV,50218,TV,Absent,0.22156323,7,4,False,1.0
68646_AV,68646,AV,Absent,0.28016043,6,4,False,1.0
68646_MV,68646,MV,Absent,0.15941326,10,4,False,1.0
68646_PV,68646,PV,Absent,0.18190919,6,4,False,1.0
68646_TV,68646,TV,Absent,0.15530351,4,4,False,1.0
68861_AV,68861,AV,Absent,0.1592283,4,4,False,1.0
68861_MV,68861,MV,Absent,0.25753772,8,4,False,1.0
68861_PV,68861,PV,Absent,0.23706931,9,4,False,1.0
68861_TV,68861,TV,Absent,0.29567903,8,4,False,1.0
68886_AV,50659,AV,Absent,0.110447176,6,4,False,1.0
68886_MV,50659,MV,Absent,0.09830993,6,4,False,1.0
68886_PV,50659,PV,Absent,0.06090661,8,4,False,1.0
68886_TV,50659,TV,Absent,0.18013594,7,4,False,1.0
68888_AV,50652,AV,Absent,0.14333437,3,4,False,1.0
68888_MV,50652,MV,Absent,0.11772978,5,4,False,1.0
68888_PV,50652,PV,Absent,0.20999297,7,4,False,1.0
68888_TV,50652,TV,Absent,0.16720578,5,4,False,1.0
69068_AV,49574,AV,Present,0.514895,7,4,False,1.0
69068_MV,49574,MV,Present,0.445524,7,4,False,1.0
69068_PV,49574,PV,Present,0.7021244,7,4,False,1.0
69068_TV,49574,TV,Present,0.9767965,10,4,False,1.0
69079_AV,49595,AV,Present,0.53554505,7,4,False,1.0
69079_MV,49595,MV,Present,0.48875895,6,4,False,1.0
69079_PV,49595,PV,Present,0.4104144,7,4,False,1.0
69079_TV,49595,TV,Present,0.63561285,11,4,False,1.0
69096_AV,49638,AV,Present,0.39249948,2,4,False,1.0
69096_PV,49638,PV,Present,0.66721535,2,4,False,1.0
74417_AV,74417,AV,Absent,0.34653345,7,4,False,1.0
74417_MV,74417,MV,Absent,0.27870938,5,4,False,1.0
74417_PV,74417,PV,Absent,0.3348764,6,4,False,1.0
74417_TV,74417,TV,Absent,0.55180085,6,4,True,2.0
74420_AV,74420,AV,Absent,0.3561866,4,4,False,1.0
74420_MV,74420,MV,Absent,0.18739106,6,4,False,1.0
84721_AV,84721,AV,Absent,0.30424458,5,4,False,1.0
84721_MV,84721,MV,Absent,0.32959336,5,4,False,1.0
84721_PV,84721,PV,Absent,0.24979642,4,4,False,1.0
84721_TV,84721,TV,Absent,0.47426543,4,4,True,2.0
84768_PV,84768,PV,Absent,0.34241846,6,4,False,1.0
84768_TV,84768,TV,Absent,0.31680134,7,4,False,1.0
84779_AV,84779,AV,Absent,0.22491153,6,4,False,1.0
84779_MV,84779,MV,Absent,0.25959927,5,4,False,1.0
84779_PV,84779,PV,Absent,0.23303738,5,4,False,1.0
84779_TV,84779,TV,Absent,0.16727681,4,4,False,1.0
84784_AV,84784,AV,Absent,0.18639256,6,4,False,1.0
84784_MV,84784,MV,Absent,0.24873422,6,4,False,1.0
84793_AV,84793,AV,Absent,0.3570763,2,4,False,1.0
84793_MV,84793,MV,Absent,0.29846513,3,4,False,1.0
84793_PV,84793,PV,Absent,0.22711186,3,4,False,1.0
84793_TV,84793,TV,Absent,0.29656693,4,4,False,1.0
84839_AV,84839,AV,Absent,0.3009992,7,4,False,1.0
84839_MV,84839,MV,Absent,0.19975123,7,4,False,1.0
84839_PV,84839,PV,Absent,0.2587357,7,4,False,1.0
84839_TV,84839,TV,Absent,0.24376807,7,4,False,1.0
84861_AV,84861,AV,Absent,0.34933385,4,4,False,1.0
84861_MV,84861,MV,Absent,0.1311831,5,4,False,1.0
84861_PV,84861,PV,Absent,0.3560909,3,4,False,1.0
84861_TV,84861,TV,Absent,0.3301033,4,4,False,1.0
84935_AV,84935,AV,Absent,0.12330155,7,4,False,1.0
84935_MV,84935,MV,Absent,0.36164466,6,4,False,1.0
84935_PV,84935,PV,Absent,0.24278876,10,4,False,1.0
84935_TV,84935,TV,Absent,0.29911163,7,4,False,1.0
84946_AV,84946,AV,Absent,0.4221079,7,4,False,1.0
84946_MV,84946,MV,Absent,0.22212783,4,4,False,1.0
84946_PV,84946,PV,Absent,0.20516098,3,4,False,1.0
84946_TV,84946,TV,Absent,0.35364565,6,4,False,1.0
84947_AV,84947,AV,Absent,0.23628896,3,4,False,1.0
84947_MV,84947,MV,Absent,0.20859778,3,4,False,1.0
84947_PV,84947,PV,Absent,0.2490282,3,4,False,1.0
84947_TV,84947,TV,Absent,0.38229162,2,4,False,1.0
84966_AV,84966,AV,Absent,0.14604837,11,4,False,1.0
84966_PV,84966,PV,Absent,0.16486883,7,4,False,1.0
84970_AV,84970,AV,Absent,0.26901418,8,4,False,1.0
84970_MV,84970,MV,Absent,0.1107632,6,4,False,1.0
84991_AV,84991,AV,Absent,0.15246375,7,4,False,1.0
84991_MV,84991,MV,Absent,0.24989717,6,4,False,1.0
84991_PV,84991,PV,Absent,0.24140911,6,4,False,1.0
84991_TV,84991,TV,Absent,0.31303683,10,4,False,1.0
85018_AV,85018,AV,Absent,0.4779156,7,4,True,2.0
85018_MV,85018,MV,Absent,0.4702,7,4,True,2.0
85030_PV,85030,PV,Present,0.5886152,3,4,False,1.0
85030_TV,85030,TV,Present,0.6836825,4,4,False,1.0
85048_AV,85048,AV,Absent,0.37073526,7,4,False,1.0
85048_MV,85048,MV,Absent,0.42040136,7,4,False,1.0
85048_PV,85048,PV,Absent,0.27187583,7,4,False,1.0
85048_TV,85048,TV,Absent,0.19418114,11,4,False,1.0
85055_AV,85055,AV,Present,0.4242729,8,4,False,1.0
85055_PV,85055,PV,Present,0.6902051,7,4,False,1.0
85066_MV,85066,MV,Absent,0.5463549,7,4,True,2.0
85105_PV,85105,PV,Absent,0.2779242,7,4,False,1.0
85105_TV,85105,TV,Absent,0.3373884,11,4,False,1.0
85162_AV,85162,AV,Absent,0.16141887,7,4,False,1.0
85162_MV,85162,MV,Absent,0.14144656,8,4,False,1.0
85162_PV,85162,PV,Absent,0.15089993,7,4,False,1.0
85162_TV,85162,TV,Absent,0.18083122,10,4,False,1.0
85172_AV,85172,AV,Present,0.96402836,3,4,False,1.0
85172_MV,85172,MV,Present,0.56654906,9,4,False,1.0
85172_PV,85172,PV,Present,0.94200075,4,4,False,1.0
85172_TV,85172,TV,Present,0.8271269,4,4,False,1.0
85181_AV,85181,AV,Absent,0.3337983,8,4,False,1.0
85181_PV,85181,PV,Absent,0.13222894,7,4,False,1.0
85219_MV,85219,MV,Present,0.82350636,6,4,False,1.0
85219_PV,85219,PV,Present,0.7580434,7,4,False,1.0
85219_TV,85219,TV,Present,0.40054604,6,4,False,1.0
85236_AV,85236,AV,Absent,0.64894545,8,4,True,2.0
85236_MV,85236,MV,Absent,0.31896025,10,4,False,1.0
85236_PV,85236,PV,Absent,0.39506006,6,4,False,1.0
85236_TV,85236,TV,Absent,0.3565118,6,4,False,1.0
85239_AV,85239,AV,Absent,0.30002734,7,4,False,1.0
85239_MV,85239,MV,Absent,0.3329163,8,4,False,1.0
85239_PV,85239,PV,Absent,0.33561522,7,4,False,1.0
85239_TV,85239,TV,Absent,0.31072676,12,4,False,1.0
85259_AV,85259,AV,Present,0.9888833,6,4,False,1.0
85259_MV,85259,MV,Present,0.7390393,8,4,False,1.0
85286_AV,85286,AV,Absent,0.6472416,7,4,True,2.0
85286_MV,85286,MV,Absent,0.37217715,6,4,False,1.0
85286_PV,85286,PV,Absent,0.5555386,8,4,True,2.0
85286_TV,85286,TV,Absent,0.35123724,5,4,False,1.0
85293_AV,85293,AV,Absent,0.25980067,7,4,False,1.0
85293_MV,85293,MV,Absent,0.17848109,6,4,False,1.0
85293_PV,85293,PV,Absent,0.21261774,8,4,False,1.0
85293_TV,85293,TV,Absent,0.2734808,11,4,False,1.0
85306_AV,85306,AV,Present,0.3475183,7,4,False,1.0
85306_MV,85306,MV,Present,0.31043774,7,4,False,1.0
14241_AV,14241,AV,Present,0.71386874,7,5,False,1.0
14241_MV,14241,MV,Present,0.34392452,7,5,False,1.0
14241_PV,14241,PV,Present,0.9211909,7,5,False,1.0
14241_TV,14241,TV,Present,0.836762,12,5,False,1.0
29045_AV,29045,AV,Present,0.27312794,8,5,False,1.0
29045_MV,29045,MV,Present,0.49798012,7,5,False,1.0
29045_PV,29045,PV,Present,0.69886655,7,5,False,1.0
29045_TV,29045,TV,Present,0.9754268,8,5,False,1.0
38337_AV,38337,AV,Absent,0.72707826,4,5,True,2.0
38337_MV,38337,MV,Absent,0.7436891,6,5,True,2.0
43852_AV,43852,AV,Absent,0.21021302,7,5,False,1.0
43852_MV,43852,MV,Absent,0.38357237,7,5,False,1.0
43852_PV,43852,PV,Absent,0.23724006,6,5,False,1.0
43852_TV,43852,TV,Absent,0.21539152,7,5,False,1.0
44514_AV,44514,AV,Present,0.70685023,7,5,False,1.0
44514_MV,44514,MV,Present,0.9523281,7,5,False,1.0
44514_PV,44514,PV,Present,0.9064775,7,5,False,1.0
44514_TV,44514,TV,Present,0.5918247,7,5,False,1.0
49561_AV,49561,AV,Absent,0.31981933,11,5,False,1.0
49561_MV,49561,MV,Absent,0.28252128,11,5,False,1.0
49561_PV,49561,PV,Absent,0.23011735,10,5,False,1.0
49561_TV,49561,TV,Absent,0.26703617,11,5,False,1.0
49622_AV,38337,AV,Absent,0.4697728,11,5,True,2.0
49622_MV,38337,MV,Absent,0.88121265,11,5,True,2.0
49661_AV,49661,AV,Absent,0.565429,11,5,False,1.0
49661_MV,49661,MV,Absent,0.24699801,11,5,False,1.0
49969_MV,49969,MV,Absent,0.2229325,9,5,False,1.0
49995_AV,49995,AV,Absent,0.26552415,13,5,False,1.0
49995_MV,49995,MV,Absent,0.08547693,11,5,False,1.0
49995_PV,49995,PV,Absent,0.24562436,11,5,False,1.0
49995_TV,49995,TV,Absent,0.18848552,12,5,False,1.0
50004_MV,50004,MV,Absent,0.20981628,11,5,False,1.0
50004_PV,50004,PV,Absent,0.45458218,11,5,False,1.0
50004_TV,50004,TV,Absent,0.30976236,11,5,False,1.0
50018_AV,50018,AV,Absent,0.38836554,6,5,False,1.0
50018_MV,50018,MV,Absent,0.1507523,8,5,False,1.0
50023_AV,50023,AV,Absent,0.5523827,10,5,True,2.0
50023_MV,50023,MV,Absent,0.38342106,11,5,False,1.0
50023_PV,50023,PV,Absent,0.2056049,11,5,False,1.0
50023_TV,50023,TV,Absent,0.26055267,11,5,False,1.0
50037_AV,50037,AV,Absent,0.43046257,11,5,False,1.0
50037_MV,50037,MV,Absent,0.2675957,11,5,False,1.0
50049_AV,50049,AV,Absent,0.42713466,7,5,False,1.0
50049_MV,50049,MV,Absent,0.14400336,10,5,False,1.0
50049_PV,50049,PV,Absent,0.34913352,8,5,False,1.0
50049_TV,50049,TV,Absent,0.38986412,9,5,False,1.0
50070_AV,50070,AV,Absent,0.14287335,11,5,False,1.0
50070_MV,50070,MV,Absent,0.32752952,11,5,False,1.0
50070_PV,50070,PV,Absent,0.27215242,10,5,False,1.0
50070_TV,50070,TV,Absent,0.32290024,11,5,False,1.0
50122_MV,50122,MV,Absent,0.42615542,10,5,False,1.0
50122_PV,50122,PV,Absent,0.1337379,10,5,False,1.0
50122_TV,50122,TV,Absent,0.19933371,10,5,False,1.0
50150_AV,50150,AV,Present,0.8304361,10,5,False,1.0
50150_PV,50150,PV,Present,0.980399,9,5,False,1.0
50150_TV,50150,TV,Present,0.882062,11,5,False,1.0
50161_MV,50161,MV,Present,0.11775778,10,5,False,1.0
50161_PV,50161,PV,Present,0.57254684,10,5,False,1.0
50161_TV,50161,TV,Present,0.19577302,9,5,False,1.0
50216_AV,50216,AV,Absent,0.18137941,11,5,False,1.0
50216_MV,50216,MV,Absent,0.10820575,11,5,False,1.0
50216_PV,50216,PV,Absent,0.11381472,11,5,False,1.0
50216_Phc_1,50216,Phc,Absent,0.26221454,1,5,False,1.0
50216_Phc_2,50216,Phc,Absent,0.21371444,9,5,False,1.0
50241_MV,50241,MV,Absent,0.72665673,11,5,True,2.0
50256_AV,50256,AV,Present,0.18067893,10,5,False,1.0
50256_PV,50256,PV,Present,0.5855786,10,5,False,1.0
50256_TV,50256,TV,Present,0.22572684,10,5,False,1.0
50263_AV,50263,AV,Absent,0.71067446,6,5,True,2.0
50263_MV,50263,MV,Absent,0.5541621,7,5,True,2.0
50263_PV,50263,PV,Absent,0.6934019,6,5,True,2.0
50263_TV_1,50263,TV,Absent,0.33669952,2,5,False,1.0
50263_TV_2,50263,TV,Absent,0.19738987,5,5,False,1.0
50289_AV,50289,AV,Present,0.76337445,10,5,False,1.0
50289_PV,50289,PV,Present,0.9263973,9,5,False,1.0
50289_TV,50289,TV,Present,0.7090666,11,5,False,1.0
50335_AV,50335,AV,Absent,0.29948956,10,5,False,1.0
50335_MV,50335,MV,Absent,0.08858598,11,5,False,1.0
50354_AV,50354,AV,Absent,0.2591629,10,5,False,1.0
50354_MV,50354,MV,Absent,0.36918914,10,5,False,1.0
50354_PV,50354,PV,Absent,0.25895703,11,5,False,1.0
50354_TV,50354,TV,Absent,0.44442213,11,5,True,2.0
50388_AV,50388,AV,Absent,0.1677951,10,5,False,1.0
50388_MV,50388,MV,Absent,0.47478038,11,5,False,1.0
50388_PV,50388,PV,Absent,0.049019508,10,5,False,1.0
50388_TV,50388,TV,Absent,0.06855401,10,5,False,1.0
50391_MV,50391,MV,Absent,0.22874804,10,5,False,1.0
50391_PV,50391,PV,Absent,0.5684462,9,5,False,1.0
50391_TV,50391,TV,Absent,0.120341875,10,5,False,1.0
50620_PV,50620,PV,Absent,0.653536,16,5,False,1.0
50620_TV,50620,TV,Absent,0.6120217,11,5,False,1.0
50665_PV,50665,PV,Absent,0.4534235,11,5,False,1.0
50665_TV,50665,TV,Absent,0.28564233,12,5,False,1.0
50667_AV,50667,AV,Absent,0.41091835,11,5,False,1.0
50667_MV,50667,MV,Absent,0.24139576,11,5,False,1.0
50667_PV,50667,PV,Absent,0.36212695,11,5,False,1.0
50667_TV,50667,TV,Absent,0.43657836,11,5,True,2.0
50687_AV,50687,AV,Absent,0.13715301,11,5,False,1.0
50687_MV,50687,MV,Absent,0.06475126,11,5,False,1.0
50687_PV,50687,PV,Absent,0.076021865,10,5,False,1.0
50687_TV,50687,TV,Absent,0.05582428,11,5,False,1.0
50725_AV,50725,AV,Absent,0.40170792,14,5,False,1.0
50725_MV,50725,MV,Absent,0.20602739,12,5,False,1.0
50725_PV,50725,PV,Absent,0.27823654,14,5,False,1.0
50725_TV,50725,TV,Absent,0.20277205,11,5,False,1.0
50727_AV,50727,AV,Absent,0.23865218,10,5,False,1.0
50727_MV,50727,MV,Absent,0.196176,10,5,False,1.0
50773_AV,50773,AV,Absent,0.4705189,11,5,True,2.0
50773_MV,50773,MV,Absent,0.19760242,10,5,False,1.0
50773_PV,50773,PV,Absent,0.18871865,11,5,False,1.0
50773_TV,50773,TV,Absent,0.11234626,11,5,False,1.0
50776_PV,50776,PV,Absent,0.1191905,10,5,False,1.0
50790_AV,50790,AV,Present,0.9401967,10,5,False,1.0
50790_MV,50790,MV,Present,0.9936808,10,5,False,1.0
50802_AV,50802,AV,Absent,0.15394995,10,5,False,1.0
50802_MV,50802,MV,Absent,0.374068,10,5,False,1.0
50802_PV,50802,PV,Absent,0.6340757,10,5,False,1.0
50802_TV_1,50802,TV,Absent,0.18350515,2,5,False,1.0
50802_TV_2,50802,TV,Absent,0.18300763,10,5,False,1.0
50805_MV,50805,MV,Absent,0.6627604,11,5,True,2.0
50805_PV,50805,PV,Absent,0.5222835,10,5,True,2.0
50805_TV,50805,TV,Absent,0.34362805,11,5,False,1.0
50807_AV,50807,AV,Absent,0.29854718,10,5,False,1.0
50807_MV,50807,MV,Absent,0.22261548,11,5,False,1.0
50807_PV,50807,PV,Absent,0.14761133,11,5,False,1.0
50807_TV,50807,TV,Absent,0.024830941,10,5,False,1.0
50819_AV,50819,AV,Absent,0.2837017,10,5,False,1.0
50819_MV,50819,MV,Absent,0.16014476,10,5,False,1.0
50819_PV,50819,PV,Absent,0.5635481,10,5,True,2.0
50819_TV,50819,TV,Absent,0.14722654,10,5,False,1.0
51331_AV,51331,AV,Absent,0.23696958,7,5,False,1.0
51331_MV,51331,MV,Absent,0.29438466,5,5,False,1.0
51331_PV,51331,PV,Absent,0.24631561,7,5,False,1.0
51331_TV,51331,TV,Absent,0.25147966,7,5,False,1.0
68260_AV,50023,AV,Absent,0.37812176,3,5,False,1.0
68260_MV,50023,MV,Absent,0.38194948,5,5,False,1.0
68260_PV,50023,PV,Absent,0.18041115,3,5,False,1.0
68260_TV,50023,TV,Absent,0.0808142,2,5,False,1.0
68327_AV,68327,AV,Absent,0.3929056,5,5,False,1.0
68327_MV,68327,MV,Absent,0.26272526,5,5,False,1.0
68327_PV,68327,PV,Absent,0.52385056,5,5,True,2.0
68327_TV,68327,TV,Absent,0.24591188,7,5,False,1.0
68425_AV,50150,AV,Present,0.9288324,5,5,False,1.0
68425_MV,50150,MV,Present,0.6028062,6,5,False,1.0
68425_PV,50150,PV,Present,0.9653021,7,5,False,1.0
68425_TV,50150,TV,Present,0.16012786,6,5,False,1.0
68465_AV,50216,AV,Absent,0.6861519,3,5,True,2.0
68465_MV,50216,MV,Absent,0.20321831,5,5,False,1.0
68465_PV,50216,PV,Absent,0.1240551,1,5,False,1.0
68465_TV,50216,TV,Absent,0.33505997,1,5,False,1.0
68478_AV,68478,AV,Absent,0.5522304,7,5,True,2.0
68478_MV,68478,MV,Absent,0.33506182,4,5,False,1.0
68478_PV,68478,PV,Absent,0.4954579,5,5,True,2.0
68478_TV,68478,TV,Absent,0.4826921,4,5,True,2.0
68624_AV,68624,AV,Absent,0.37531096,7,5,False,1.0
68624_MV,68624,MV,Absent,0.37748355,7,5,False,1.0
68624_PV,68624,PV,Absent,0.46588925,7,5,True,2.0
68624_TV,68624,TV,Absent,0.22227742,6,5,False,1.0
68702_AV,68702,AV,Absent,0.2569298,7,5,False,1.0
68702_MV,68702,MV,Absent,0.4307208,7,5,False,1.0
68702_PV,68702,PV,Absent,0.25098497,7,5,False,1.0
68702_TV,68702,TV,Absent,0.57956916,10,5,True,2.0
68737_AV,68737,AV,Absent,0.35519147,6,5,False,1.0
68737_MV,68737,MV,Absent,0.06217827,6,5,False,1.0
68737_PV,68737,PV,Absent,0.05529486,6,5,False,1.0
68737_TV,68737,TV,Absent,0.051293433,7,5,False,1.0
68887_AV,68887,AV,Absent,0.58327466,4,5,True,2.0
68887_MV,68887,MV,Absent,0.49884814,8,5,True,2.0
68887_TV,68887,TV,Absent,0.42613447,6,5,False,1.0
68952_AV,50727,AV,Absent,0.40027985,6,5,False,1.0
68952_MV,50727,MV,Absent,0.10729077,6,5,False,1.0
68952_PV,50727,PV,Absent,0.17251132,6,5,False,1.0
68952_TV,50727,TV,Absent,0.20639734,6,5,False,1.0
69106_AV,69106,AV,Absent,0.16986361,7,5,False,1.0
69106_MV,69106,MV,Absent,0.1787699,7,5,False,1.0
69106_PV,69106,PV,Absent,0.21174315,7,5,False,1.0
69106_TV,69106,TV,Absent,0.08759693,8,5,False,1.0
69129_AV,69129,AV,Absent,0.872884,4,5,True,2.0
69129_MV,69129,MV,Absent,0.7634538,3,5,True,2.0
69129_PV,69129,PV,Absent,0.34650832,4,5,False,1.0
69129_TV,69129,TV,Absent,0.6373212,4,5,True,2.0
69144_AV,69144,AV,Absent,0.38969383,9,5,False,1.0
69144_MV,69144,MV,Absent,0.17426024,7,5,False,1.0
69144_PV,69144,PV,Absent,0.10623865,8,5,False,1.0
69144_TV,69144,TV,Absent,0.26693183,8,5,False,1.0
69174_AV,69174,AV,Absent,0.5266415,7,5,True,2.0
69174_MV,69174,MV,Absent,0.28409365,8,5,False,1.0
69174_PV,69174,PV,Absent,0.20587145,7,5,False,1.0
69174_TV,69174,TV,Absent,0.20246038,7,5,False,1.0
70280_AV,70280,AV,Absent,0.41773865,6,5,False,1.0
70280_MV,70280,MV,Absent,0.37189075,9,5,False,1.0
77373_MV,77373,MV,Present,0.6784719,8,5,False,1.0
77373_TV,77373,TV,Present,0.6723354,5,5,False,1.0
84704_PV,84704,PV,Absent,0.5198029,5,5,True,2.0
84708_AV,84708,AV,Absent,0.42666313,8,5,False,1.0
84708_MV,84708,MV,Absent,0.17208686,10,5,False,1.0
84732_MV,84732,MV,Present,0.3329759,6,5,False,1.0
84754_AV,84754,AV,Absent,0.4051802,6,5,False,1.0
84754_MV,84754,MV,Absent,0.13850299,7,5,False,1.0
84754_TV,84754,TV,Absent,0.31815407,8,5,False,1.0
84776_AV,84776,AV,Absent,0.5607596,5,5,True,2.0
84776_MV,84776,MV,Absent,0.46048868,6,5,True,2.0
84776_PV,84776,PV,Absent,0.24775264,5,5,False,1.0
84776_TV,84776,TV,Absent,0.5827207,6,5,True,2.0
84799_AV,84799,AV,Absent,0.32279262,5,5,False,1.0
84799_MV,84799,MV,Absent,0.3807056,6,5,False,1.0
84799_PV,84799,PV,Absent,0.3961067,6,5,False,1.0
84799_TV,84799,TV,Absent,0.034709632,6,5,False,1.0
84822_AV,84822,AV,Absent,0.17540698,6,5,False,1.0
84822_MV,84822,MV,Absent,0.14246862,5,5,False,1.0
84822_PV,84822,PV,Absent,0.21690418,6,5,False,1.0
84822_TV,84822,TV,Absent,0.61305994,6,5,True,2.0
84854_AV,84854,AV,Present,0.9994825,7,5,False,1.0
84854_MV,84854,MV,Present,0.9716619,7,5,False,1.0
84854_PV,84854,PV,Present,0.9917814,8,5,False,1.0
84854_TV,84854,TV,Present,0.99977314,7,5,False,1.0
84863_AV,84863,AV,Present,0.9023083,6,5,False,1.0
84863_MV,84863,MV,Present,0.67713743,6,5,False,1.0
84863_PV,84863,PV,Present,0.77493364,6,5,False,1.0
84863_TV,84863,TV,Present,0.9759467,6,5,False,1.0
84866_AV,84866,AV,Absent,0.62471664,5,5,True,2.0
84866_MV,84866,MV,Absent,0.32889155,6,5,False,1.0
84866_PV,84866,PV,Absent,0.3672208,3,5,False,1.0
84866_TV,84866,TV,Absent,0.06706651,3,5,False,1.0
84874_AV,84874,AV,Absent,0.7784913,3,5,True,2.0
84874_MV,84874,MV,Absent,0.4586608,8,5,True,2.0
84874_PV,84874,PV,Absent,0.6932575,3,5,True,2.0
84874_TV,84874,TV,Absent,0.18797301,2,5,False,1.0
84917_AV,84917,AV,Absent,0.26989782,6,5,False,1.0
84917_MV,84917,MV,Absent,0.15866376,8,5,False,1.0
84917_PV,84917,PV,Absent,0.2327186,7,5,False,1.0
84917_TV,84917,TV,Absent,0.2626874,7,5,False,1.0
84930_AV,84930,AV,Absent,0.12921612,7,5,False,1.0
84930_MV,84930,MV,Absent,0.3838449,7,5,False,1.0
84930_PV,84930,PV,Absent,0.21999756,7,5,False,1.0
84930_TV,84930,TV,Absent,0.04001999,7,5,False,1.0
85002_AV,85002,AV,Present,0.978528,7,5,False,1.0
85002_MV,85002,MV,Present,0.9987998,8,5,False,1.0
85002_PV,85002,PV,Present,0.99179375,7,5,False,1.0
85002_TV,85002,TV,Present,0.9995838,6,5,False,1.0
85026_AV,85026,AV,Absent,0.43027836,7,5,False,1.0
85026_MV,85026,MV,Absent,0.16673777,8,5,False,1.0
85076_MV,85076,MV,Absent,0.6016909,11,5,True,2.0
85076_PV,85076,PV,Absent,0.5693313,6,5,True,2.0
85096_AV,85096,AV,Absent,0.2809126,7,5,False,1.0
85096_MV,85096,MV,Absent,0.25958803,7,5,False,1.0
85096_PV,85096,PV,Absent,0.36274388,7,5,False,1.0
85096_TV,85096,TV,Absent,0.22814052,7,5,False,1.0
85108_TV,85108,TV,Present,0.08308002,4,5,False,1.0
85154_AV,85154,AV,Absent,0.5308432,7,5,True,2.0
85154_MV,85154,MV,Absent,0.6051316,6,5,True,2.0
85154_PV,85154,PV,Absent,0.63867843,7,5,True,2.0
85154_TV,85154,TV,Absent,0.296051,6,5,False,1.0
85199_PV,85199,PV,Present,0.7244076,7,5,False,1.0
85207_AV,85207,AV,Present,0.95520025,6,5,False,1.0
85207_MV,85207,MV,Present,0.9913109,6,5,False,1.0
85207_PV,85207,PV,Present,0.98915786,6,5,False,1.0
85207_TV,85207,TV,Present,0.99761224,6,5,False,1.0
85210_AV,85210,AV,Absent,0.07620495,7,5,False,1.0
85210_MV,85210,MV,Absent,0.09048201,7,5,False,1.0
85210_PV,85210,PV,Absent,0.05414262,7,5,False,1.0
85210_TV,85210,TV,Absent,0.07762694,11,5,False,1.0
85216_AV,85216,AV,Absent,0.16991329,6,5,False,1.0
85216_MV,85216,MV,Absent,0.21613765,6,5,False,1.0
85216_PV,85216,PV,Absent,0.4831659,8,5,True,2.0
85216_TV,85216,TV,Absent,0.37341607,6,5,False,1.0
85230_AV,85230,AV,Absent,0.120551385,6,5,False,1.0
85230_MV,85230,MV,Absent,0.09552161,6,5,False,1.0
85230_PV,85230,PV,Absent,0.08515286,7,5,False,1.0
85230_TV,85230,TV,Absent,0.072566725,8,5,False,1.0
85246_AV,85246,AV,Absent,0.1829745,6,5,False,1.0
85246_MV,85246,MV,Absent,0.06280977,6,5,False,1.0
85246_PV,85246,PV,Absent,0.22507304,6,5,False,1.0
85246_TV,85246,TV,Absent,0.112922385,7,5,False,1.0
85253_AV,85253,AV,Absent,0.25737336,7,5,False,1.0
85253_MV,85253,MV,Absent,0.4883316,7,5,True,2.0
85253_PV,85253,PV,Absent,0.1998652,7,5,False,1.0
85253_TV,85253,TV,Absent,0.6229977,7,5,True,2.0
85265_AV,85265,AV,Absent,0.40893587,8,5,False,1.0
85265_MV,85265,MV,Absent,0.33081543,6,5,False,1.0
85265_PV,85265,PV,Absent,0.27897087,7,5,False,1.0
85265_TV,85265,TV,Absent,0.38280842,9,5,False,1.0
85269_PV,85269,PV,Present,0.31128278,6,5,False,1.0
85270_AV,85270,AV,Absent,0.21767622,6,5,False,1.0
85270_MV,85270,MV,Absent,0.07910579,6,5,False,1.0
85270_PV,85270,PV,Absent,0.06099841,6,5,False,1.0
85270_TV,85270,TV,Absent,0.092033975,6,5,False,1.0
85277_AV,85277,AV,Absent,0.13302854,7,5,False,1.0
85277_MV,85277,MV,Absent,0.115322955,6,5,False,1.0
85277_PV,85277,PV,Absent,0.42120624,7,5,False,1.0
85277_TV,85277,TV,Absent,0.15238857,6,5,False,1.0
85278_AV,85278,AV,Absent,0.33646291,4,5,False,1.0
85278_MV,85278,MV,Absent,0.15924554,9,5,False,1.0
85278_PV,85278,PV,Absent,0.54855657,4,5,False,1.0
85278_TV,85278,TV,Absent,0.3057295,6,5,False,1.0
85282_AV,85282,AV,Absent,0.13818364,2,5,False,1.0
85282_MV,85282,MV,Absent,0.25180724,7,5,False,1.0
85282_PV,85282,PV,Absent,0.32503855,4,5,False,1.0
85282_TV,85282,TV,Absent,0.16748388,5,5,False,1.0
85288_AV,85288,AV,Absent,0.17607802,6,5,False,1.0
85288_MV,85288,MV,Absent,0.1364653,6,5,False,1.0
85288_PV,85288,PV,Absent,0.24808192,6,5,False,1.0
85288_TV,85288,TV,Absent,0.35630545,7,5,False,1.0
85299_AV,85299,AV,Absent,0.8293846,3,5,True,2.0
85299_MV,85299,MV,Absent,0.43305632,7,5,False,1.0
85299_PV,85299,PV,Absent,0.24106365,6,5,False,1.0
85299_TV,85299,TV,Absent,0.22319813,6,5,False,1.0
85326_AV,85326,AV,Absent,0.15902448,7,5,False,1.0
85326_MV,85326,MV,Absent,0.17253838,7,5,False,1.0
85326_PV,85326,PV,Absent,0.04182273,7,5,False,1.0
85326_TV,85326,TV,Absent,0.05041579,10,5,False,1.0
85329_AV,85329,AV,Absent,0.21004078,7,5,False,1.0
85329_MV,85329,MV,Absent,0.24979122,6,5,False,1.0
85329_PV,85329,PV,Absent,0.106227584,7,5,False,1.0
85329_TV,85329,TV,Absent,0.31901023,10,5,False,1.0
85340_AV,85340,AV,Absent,0.15122055,6,5,False,1.0
85340_MV,85340,MV,Absent,0.21890017,7,5,False,1.0
85340_PV,85340,PV,Absent,0.14048819,7,5,False,1.0
85340_TV,85340,TV,Absent,0.17685258,6,5,False,1.0
