C,threshold,accuracy,precision,sensitivity,specificity,f1,balanced_accuracy,tn,fp,fn,tp,outer_fold,selected
0.01,0.3672342215873844,0.9118942731277532,0.7142857142857143,0.9090909090909092,0.912568306010929,0.8,0.910829607550919,334,32,8,80,1,False
0.1,0.3480208703342672,0.920704845814978,0.7407407407407407,0.9090909090909092,0.9234972677595628,0.8163265306122449,0.916294088425236,338,28,8,80,1,True
1.0,0.2380599832179018,0.8832599118942731,0.64,0.9090909090909092,0.8770491803278688,0.7511737089201878,0.8930700447093889,321,45,8,80,1,False
10.0,0.2032151520052036,0.8920704845814978,0.6611570247933884,0.9090909090909092,0.8879781420765027,0.7655502392344498,0.8985345255837058,325,41,8,80,1,False
0.01,0.3325737768783751,0.8303964757709251,0.5359477124183006,0.9318181818181818,0.8060109289617486,0.6804979253112033,0.8689145553899652,295,71,6,82,2,False
0.1,0.3140958024583951,0.8414096916299559,0.5547945205479452,0.9204545454545454,0.8224043715846995,0.6923076923076923,0.8714294585196225,301,65,7,81,2,False
1.0,0.259361333372285,0.8568281938325991,0.5827338129496403,0.9204545454545454,0.8415300546448088,0.7136563876651982,0.8809923000496771,308,58,7,81,2,True
10.0,0.2088711818414584,0.8458149779735683,0.5633802816901409,0.9090909090909092,0.8306010928961749,0.6956521739130435,0.869846000993542,304,62,8,80,2,False
0.01,0.2894657609917687,0.76431718061674,0.448087431693989,0.9318181818181818,0.7240437158469946,0.6051660516605166,0.8279309488325881,265,101,6,82,3,False
0.1,0.2429029344413367,0.7731277533039648,0.4571428571428571,0.9090909090909092,0.7404371584699454,0.6083650190114068,0.8247640337804272,271,95,8,80,3,True
1.0,0.1573488417556256,0.73568281938326,0.4175257731958763,0.9204545454545454,0.6912568306010929,0.574468085106383,0.8058556880278192,253,113,7,81,3,False
10.0,0.0678658171561629,0.6541850220264317,0.3493449781659388,0.9090909090909092,0.592896174863388,0.5047318611987381,0.7509935419771485,217,149,8,80,3,False
0.01,0.4207416025694216,0.90989010989011,0.7079646017699115,0.9090909090909092,0.9100817438692098,0.7960199004975125,0.9095863264800594,334,33,8,80,4,False
0.1,0.4049947125995688,0.90989010989011,0.7043478260869566,0.9204545454545454,0.9073569482288828,0.7980295566502463,0.913905746841714,333,34,7,81,4,True
1.0,0.4008281225659743,0.9076923076923076,0.7017543859649122,0.9090909090909092,0.9073569482288828,0.7920792079207921,0.908223928659896,333,34,8,80,4,False
10.0,0.2762900048240745,0.8989010989010989,0.6779661016949152,0.9090909090909092,0.896457765667575,0.7766990291262136,0.902774337379242,329,38,8,80,4,False
0.01,0.3316946620493037,0.9054945054945056,0.6923076923076923,0.9204545454545454,0.9019073569482288,0.7902439024390244,0.9111809512013872,331,36,7,81,5,False
0.1,0.28141808793904,0.90989010989011,0.6974789915966386,0.9431818181818182,0.9019073569482288,0.8019323671497585,0.9225445875650236,331,36,5,83,5,False
1.0,0.3491184591864713,0.9208791208791208,0.7407407407407407,0.9090909090909092,0.9237057220708448,0.8163265306122449,0.9163983155808768,339,28,8,80,5,True
10.0,0.1675039568149312,0.8725274725274725,0.6153846153846154,0.9090909090909092,0.8637602179836512,0.7339449541284404,0.8864255635372802,317,50,8,80,5,False
