participant_id,fold,label,probability
24160,1,Absent,0.03748687826514141
29045,1,Present,0.6628456054469122
33151,1,Present,0.018336610660002143
49561,1,Absent,0.09663439942464422
49595,1,Present,0.9687815784826649
49638,1,Present,0.8840158987511141
49712,1,Present,0.9999967413170183
49839,1,Absent,0.21808600774001285
49896,1,Absent,0.12281973971506825
49930,1,Absent,0.039760075169948825
49946,1,Absent,0.15152616948036288
49959,1,Absent,0.08201286317890814
49968,1,Absent,0.8449732599565657
49969,1,Absent,0.001391568156566469
49989,1,Present,0.9999918225892145
49993,1,Absent,0.12195118718462897
49995,1,Absent,0.07485878140106932
50006,1,Absent,0.020351196353735224
50008,1,Absent,0.004863473272306317
50009,1,Absent,0.12095317639410569
50014,1,Absent,0.07093633426748916
50015,1,Absent,0.03917477314014286
50029,1,Absent,0.006193990623746629
50049,1,Absent,0.3282038790422676
50070,1,Absent,0.046767538913800526
50074,1,Absent,0.024235871029816235
50089,1,Absent,0.20551590480905152
50103,1,Absent,0.0030232505066677046
50104,1,Absent,0.013210493351634033
50137,1,Absent,0.13672910210038286
50149,1,Present,0.01069227998752131
50164,1,Absent,0.037775612018887975
50207,1,Absent,0.1635579820936881
50213,1,Absent,0.014098720114678427
50218,1,Absent,0.10303889373284096
50221,1,Present,0.9978003256529056
50225,1,Absent,0.0357718438846268
50239,1,Absent,0.7819050855097626
50250,1,Absent,0.22164021165558637
50263,1,Absent,0.9200728042925356
50272,1,Absent,0.0070468541632085656
50285,1,Present,0.9630071832636726
50296,1,Absent,0.09175623247640753
50303,1,Absent,0.013543593105068086
50327,1,Absent,0.05988268096746072
50337,1,Absent,0.006676636441961854
50619,1,Absent,0.04441527699871344
50665,1,Absent,0.4573071042277949
50687,1,Absent,0.0011957876112096064
50688,1,Absent,0.052913981913696395
50693,1,Absent,0.005791384403447988
50721,1,Absent,0.2505382031545735
50725,1,Absent,0.1419315477948564
50732,1,Absent,0.12249082736743312
50734,1,Present,0.9999553223810154
50757,1,Present,0.25695948355672293
50763,1,Absent,0.03779496043946981
50776,1,Absent,0.0004290001378045727
50784,1,Absent,0.007976204213110969
50787,1,Absent,0.09835248687633988
50796,1,Absent,0.015351380269954765
50826,1,Absent,0.04819041728108787
57700,1,Present,0.3420003085148697
68269,1,Absent,0.2537853122445507
68316,1,Absent,0.0056108540532971
68423,1,Present,0.966228397373107
68431,1,Absent,0.30383737856918597
68436,1,Absent,0.11124186976264429
68504,1,Absent,0.17143513721550152
68659,1,Absent,0.8528392084793996
68740,1,Present,0.5498023941851133
68756,1,Absent,0.016571990089855857
68827,1,Absent,0.1280913117125042
69066,1,Absent,0.12065028880691649
69106,1,Absent,0.05097582674232688
69129,1,Absent,0.02548325368456583
69144,1,Absent,0.07196727410920226
69174,1,Absent,0.14472073687748332
77373,1,Present,0.644186108499626
78280,1,Present,0.7444959210460614
78592,1,Absent,0.41910192886329656
84702,1,Present,0.9971744242836178
84725,1,Absent,0.10667015936554612
84762,1,Absent,0.521419932820962
84768,1,Absent,0.3225072793582996
84784,1,Absent,0.014322740572532284
84809,1,Absent,0.02258701067190039
84930,1,Absent,0.004670388110564893
84957,1,Absent,0.26130990759234607
84966,1,Absent,0.02912298470555979
84973,1,Absent,0.05182589293095095
85108,1,Present,0.027497520110706757
85122,1,Absent,0.013072171741237643
85135,1,Present,0.11765655652755973
85151,1,Absent,0.11953188787617734
85154,1,Absent,0.07769623945775889
85162,1,Absent,0.0014367959176645648
85165,1,Present,0.9996093249199285
85176,1,Absent,0.030925039022842698
85180,1,Absent,0.019762968045064246
85181,1,Absent,0.01808259969387966
85226,1,Absent,0.004861643394563988
85240,1,Absent,0.01178730151202149
85245,1,Absent,0.08252736201285242
85247,1,Absent,0.16790279661801627
85261,1,Present,0.9999995521164281
85278,1,Absent,0.004420091311056204
85293,1,Absent,0.06470526541103948
85306,1,Present,0.7903966216860824
85315,1,Absent,0.18101824362058117
85321,1,Absent,0.05878925967834637
85326,1,Absent,0.060037622800717366
85335,1,Absent,0.04419575153340576
85336,1,Absent,0.008494803907353334
40798,2,Absent,0.06538185752889028
47002,2,Present,0.21898926584853168
49577,2,Absent,0.025349144170750657
49631,2,Absent,0.0011123601308066257
49683,2,Absent,0.02453452798007418
49687,2,Absent,0.1866157365587093
49719,2,Absent,0.05511539102082676
49745,2,Absent,0.0025057105664107763
49808,2,Absent,0.03038685649869077
49842,2,Absent,0.6400833521990285
49931,2,Present,0.3216858643388915
49952,2,Absent,0.717615664010766
49970,2,Absent,0.06696341581373912
49987,2,Absent,0.009735861477674976
49994,2,Present,0.9999944407663961
49999,2,Absent,0.3274698297390677
50007,2,Absent,1.2604441956605371e-05
50027,2,Absent,0.11529922859452389
50047,2,Absent,0.38293319031003
50099,2,Present,0.9999957029828651
50118,2,Present,0.5314143527073092
50121,2,Absent,0.014732112864015566
50125,2,Absent,0.2936607920923757
50127,2,Present,0.41127234854654293
50128,2,Absent,0.7565854118313984
50142,2,Absent,0.347211062767873
50145,2,Absent,0.7740498417586196
50155,2,Absent,0.029253274745860654
50214,2,Absent,0.17796273157814735
50233,2,Present,0.9999994807420628
50244,2,Absent,0.17471657567364662
50258,2,Present,0.6204594178339964
50260,2,Present,0.9524069856955336
50297,2,Absent,0.10078764436841402
50298,2,Absent,0.06853309288682288
50299,2,Absent,0.007144653524303753
50314,2,Absent,0.4337691613341912
50332,2,Present,0.9865427673835532
50339,2,Absent,0.0028993322122331153
50342,2,Absent,0.4363825419761234
50348,2,Absent,0.06588104167770581
50621,2,Absent,0.29024672991614536
50641,2,Absent,0.2549136964038498
50644,2,Absent,0.17493358611943804
50649,2,Absent,0.1409516980142432
50656,2,Present,0.11235910341971488
50668,2,Absent,0.029529243994827824
50669,2,Absent,0.04457582083859532
50690,2,Absent,0.09717085544247657
50736,2,Present,0.342256605356014
50751,2,Absent,0.11579789530196152
50752,2,Absent,0.09182130636708094
50762,2,Absent,0.04117736364096357
50768,2,Absent,0.04853465034510997
50771,2,Absent,0.479724975016408
50781,2,Present,0.7043963170885322
50812,2,Absent,0.004208093908578701
50815,2,Absent,0.015108857338141303
50822,2,Absent,0.034804010442110025
55945,2,Present,0.9995005814414247
68255,2,Present,0.9999994351462989
68292,2,Absent,0.045717834729592455
68711,2,Absent,0.1661685401035472
69112,2,Absent,0.012774062682593089
69152,2,Absent,0.08577785341456955
69188,2,Absent,0.5532194115302482
73497,2,Present,0.9999879235157628
81035,2,Absent,0.0003623221236887167
81501,2,Absent,0.06048904815807455
84688,2,Absent,0.024583814206480082
84690,2,Present,0.9999999991898265
84709,2,Absent,0.015351965897482972
84734,2,Absent,0.06786859844710479
84735,2,Absent,0.028921363933698967
84775,2,Absent,0.14310730274858743
84785,2,Absent,0.2589796987541258
84804,2,Absent,0.014607823155343152
84807,2,Absent,0.31628566676526254
84823,2,Absent,0.11700221806734729
84829,2,Absent,0.13673151841055925
84852,2,Absent,0.21799229653849017
84856,2,Absent,0.3468888917567145
84859,2,Absent,0.100104097738723
84868,2,Absent,0.373043125965547
84878,2,Absent,0.36198013204110224
84883,2,Absent,0.39978830294359685
84945,2,Absent,0.42559785444398424
84949,2,Present,0.9999999020534618
84965,2,Absent,0.09619177501980498
84994,2,Absent,0.07558193865152818
85010,2,Absent,0.08888529154690518
85028,2,Absent,0.2705042126983496
85036,2,Present,0.9997846273607764
85053,2,Absent,0.06171364294593956
85063,2,Absent,0.07117831239328393
85069,2,Present,0.9926678178343156
85079,2,Present,0.9508451375530939
85091,2,Absent,0.24207277002350375
85093,2,Absent,0.06043849608831734
85113,2,Absent,0.021285126351534157
85128,2,Absent,0.058711639902079116
85143,2,Absent,0.5120129606921204
85152,2,Absent,0.13585530099211574
85168,2,Absent,0.08781792659013778
85169,2,Present,0.2386659713888091
85184,2,Absent,0.09978663468725235
85186,2,Absent,0.259107340868116
85225,2,Absent,0.47685567800341605
85242,2,Absent,0.011807807477696526
85285,2,Absent,0.09714580186336509
85287,2,Absent,0.0044661819133490115
85301,2,Absent,0.20850292640550783
85305,2,Absent,0.02958486587603056
85334,2,Absent,0.00897214429763882
14998,3,Absent,0.04793972545204801
2530,3,Absent,0.03950832150451768
39043,3,Absent,0.04085059811228294
40058,3,Absent,0.04833061138690056
45843,3,Present,0.9876630669720428
46532,3,Absent,0.6930471222655962
49572,3,Present,0.6886584500525512
49585,3,Absent,0.024490363202613448
49598,3,Absent,0.21126666127287277
49678,3,Absent,0.09372017823456337
49729,3,Absent,0.031322407202923334
49735,3,Absent,0.7140338233862931
49823,3,Present,0.9999916204228406
49853,3,Absent,0.017948502377097768
49854,3,Absent,0.13313345495299492
49876,3,Absent,0.01931964577158477
49980,3,Absent,0.20286091212601315
50017,3,Absent,0.052496373339409735
50026,3,Absent,0.19208187450905134
50037,3,Absent,0.06910870351647959
50054,3,Present,0.9949079808069105
50066,3,Absent,0.011729104061913825
50085,3,Absent,0.026558730615037038
50092,3,Absent,0.3268448560273656
50109,3,Absent,0.37721352390578683
50113,3,Absent,0.10060571010021907
50119,3,Absent,0.4323777363872061
50129,3,Present,0.2528813655172226
50146,3,Absent,0.04588009306490056
50150,3,Present,0.9856504153286012
50160,3,Absent,0.5302156237752227
50206,3,Absent,0.06961756998701024
50222,3,Absent,0.17045017392149425
50228,3,Absent,0.02946981103393709
50238,3,Present,0.9877555579007257
50247,3,Absent,0.047063333651146594
50276,3,Absent,0.20996685624837616
50289,3,Present,0.9857103456363291
50331,3,Present,0.9998400762419113
50335,3,Absent,0.023525537361400423
50343,3,Absent,0.015844333449470605
50386,3,Absent,0.06699750476775233
50391,3,Absent,0.037239709279759774
50635,3,Absent,0.6193320852449923
50654,3,Absent,0.4765931696678699
50655,3,Absent,0.08853073987994466
50720,3,Absent,0.4012039170287678
50740,3,Absent,0.059387725605593154
50747,3,Absent,0.02245301118044815
50754,3,Absent,0.04437923634644444
50770,3,Absent,0.10025216565133334
50788,3,Absent,0.3298473824370061
50797,3,Absent,0.1102576482521066
50800,3,Absent,0.3090168940581782
50802,3,Absent,0.021852330373249417
50805,3,Absent,0.3083251182298995
50807,3,Absent,0.028835779887298508
64715,3,Absent,0.13483988381378934
68327,3,Absent,0.0497756473131316
68412,3,Absent,0.2014017928989449
68449,3,Absent,0.12835266800814418
68660,3,Absent,0.33519659358237575
68702,3,Absent,0.09303039770571034
68708,3,Present,0.9999993666647325
68861,3,Absent,0.2622238132736352
69141,3,Absent,0.044797436609581714
69161,3,Absent,0.19323858109528366
74417,3,Absent,0.13937592304502647
84687,3,Absent,0.3740728775091504
84749,3,Absent,0.540346988975055
84776,3,Absent,0.24438560880313734
84798,3,Absent,0.041482315211794234
84802,3,Present,0.3111015300453537
84805,3,Absent,0.03617237249388182
84815,3,Absent,0.30417330841167417
84824,3,Absent,0.9795820759412031
84834,3,Present,0.9986827235983773
84854,3,Present,0.9999999470384692
84861,3,Absent,0.09271372320261435
84864,3,Present,0.9997772502148004
84884,3,Absent,0.1941765021704246
84918,3,Absent,0.11523704265930053
84947,3,Absent,0.008393176783160846
84961,3,Absent,0.02571059080769765
85002,3,Present,0.999996696581811
85004,3,Present,0.9470207680033976
85030,3,Present,0.9759316233549721
85035,3,Absent,0.09450359556395119
85042,3,Present,0.4046966890820265
85055,3,Present,0.732271760680647
85066,3,Absent,0.8063060047639969
85076,3,Absent,0.10596250108993727
85084,3,Absent,0.3974544457576274
85099,3,Absent,0.13451761125918554
85100,3,Absent,0.05405372745414757
85132,3,Present,0.36539400903356634
85163,3,Absent,0.08617700977091727
85166,3,Absent,0.12979889685369866
85192,3,Absent,0.160302279521932
85216,3,Absent,0.2667508878173492
85230,3,Absent,0.0063023708900070705
85249,3,Absent,0.16817928296926926
85269,3,Present,0.011211098110600667
85270,3,Absent,0.0063005480922669835
85277,3,Absent,0.018829521934834142
85282,3,Absent,0.012286115412475752
85288,3,Absent,0.12988798730596082
85296,3,Absent,0.07457419722478652
85312,3,Absent,0.020242951785928692
85328,3,Absent,0.01122528215336573
85332,3,Absent,0.05232977573081485
85338,3,Absent,0.22184404432406346
85340,3,Absent,0.05109308218286943
85343,3,Present,0.9124142250135386
14241,4,Present,0.9948314974408194
38337,4,Absent,0.9122574891828031
39403,4,Absent,0.3388396141395485
44514,4,Present,0.9998681939709967
46065,4,Present,0.9999993201316567
49627,4,Present,0.9999999995416402
49628,4,Present,0.9999999999905194
49659,4,Absent,0.5477746076246401
49691,4,Present,0.999739262303986
49751,4,Present,0.9983493916192852
49824,4,Present,0.9999981345926553
49983,4,Absent,0.06328702435405102
49986,4,Absent,0.025504530408586315
49990,4,Absent,0.15391448834367935
50004,4,Absent,0.16679700711265366
50018,4,Absent,0.05523352559380368
50034,4,Absent,0.05105203953646981
50043,4,Absent,0.3198554154408553
50061,4,Absent,0.0774391500584285
50072,4,Absent,0.0862659696028239
50100,4,Absent,0.10708349414318297
50126,4,Absent,0.3835788366548568
50136,4,Present,0.9999999988003059
50174,4,Absent,0.9330221777815896
50210,4,Absent,0.6888449702424932
50219,4,Absent,0.9784196278594126
50230,4,Absent,0.08771261876986916
50241,4,Absent,0.766764007562626
50251,4,Absent,0.7074002546376689
50256,4,Present,0.22366518531618163
50264,4,Absent,0.6506281747453704
50295,4,Absent,0.07063875832390426
50316,4,Absent,0.027113529507475247
50321,4,Absent,0.4130935959535751
50341,4,Absent,0.39362498390859313
50375,4,Absent,0.18008061598297337
50625,4,Absent,0.0005160145889216712
50659,4,Absent,0.004772299303790099
50671,4,Absent,0.008145175014930194
50699,4,Absent,0.00677689057673939
50708,4,Absent,0.2665585911644307
50723,4,Absent,0.08501523940441222
50729,4,Absent,0.01193985889168053
50731,4,Absent,0.8853584985106283
50746,4,Present,0.6276080937919841
50748,4,Absent,0.7781610074926563
50756,4,Absent,0.03812156053260148
50772,4,Absent,0.26780836999402136
50782,4,Absent,0.18666379778755696
50790,4,Present,0.9999999284853736
50803,4,Absent,0.33686748136296585
51064,4,Present,0.07956993860399318
51331,4,Absent,0.03160558739921592
68419,4,Absent,0.07115080793133187
68427,4,Absent,0.0013754416555201115
68682,4,Absent,0.011777297307150842
68752,4,Absent,0.08415755457326853
68887,4,Absent,0.8296253706600697
69093,4,Present,0.9978064245190172
73316,4,Absent,0.10503895185971796
81297,4,Absent,0.025548335750911092
84692,4,Present,0.9999874593411117
84696,4,Absent,0.26571323820859916
84704,4,Absent,0.030031744820921052
84708,4,Absent,0.01979220286436855
84738,4,Absent,0.008234505717223665
84742,4,Absent,0.049426836139827894
84754,4,Absent,0.12182029012592141
84758,4,Absent,0.17473190137230263
84764,4,Absent,0.004139131392754027
84779,4,Absent,0.006000325587288368
84793,4,Absent,0.014404320693074487
84796,4,Absent,0.008691571869962637
84803,4,Absent,0.06831798363481667
84814,4,Absent,0.01755124099922892
84822,4,Absent,0.029686539870510804
84839,4,Absent,0.004390231050838964
84863,4,Present,0.9994389577866724
84866,4,Absent,0.05537419325372175
84870,4,Absent,0.07505319024017676
84874,4,Absent,0.006806272063563836
84876,4,Absent,0.7818661988201159
84917,4,Absent,0.0838427719045757
84922,4,Absent,0.0004439739179064117
84928,4,Absent,0.0007643183886067203
84952,4,Absent,0.09223334864333411
84969,4,Absent,0.9995221552622032
84977,4,Absent,0.005562224419052271
84982,4,Absent,0.13405009172164367
84985,4,Absent,0.0008586289339284095
85027,4,Absent,0.345657645043049
85031,4,Present,0.9999995287127764
85044,4,Absent,0.24668147622234796
85062,4,Absent,0.04166612456433251
85109,4,Absent,0.03001889915212099
85116,4,Absent,0.1227113530098991
85118,4,Absent,0.02644263739690805
85121,4,Absent,0.35428285338754395
85161,4,Absent,0.1101817678426858
85167,4,Absent,0.17059067116392307
85172,4,Present,0.9999985451006057
85207,4,Present,0.9999999980343608
85219,4,Present,0.9997136718130277
85239,4,Absent,0.0830641820552447
85243,4,Present,0.9983387212449597
85246,4,Absent,0.00241195875165219
85253,4,Absent,0.3525513246172012
85264,4,Absent,0.6882206372213804
85276,4,Present,0.9249497745255798
85299,4,Absent,0.5322118882289805
85308,4,Absent,0.00578744812376997
85329,4,Absent,0.2505883634709037
85349,4,Absent,0.06624894850428344
43852,5,Absent,0.08665316053904416
49574,5,Present,0.999999856435388
49610,5,Absent,0.047768908442570784
49661,5,Absent,0.0015259771665224204
49838,5,Present,0.9999994224724107
50005,5,Absent,0.14395761559758508
50023,5,Absent,0.028289006331700596
50057,5,Absent,0.8139610213951736
50076,5,Absent,0.05099911691930827
50077,5,Absent,6.27803417249989e-06
50105,5,Absent,0.8196052434709296
50117,5,Absent,0.06623709440597121
50122,5,Absent,0.07232741480267478
50141,5,Absent,0.07820595171704497
50159,5,Present,0.0062151058800708125
50161,5,Present,0.044867902651429085
50166,5,Absent,0.2269444059588165
50216,5,Absent,0.061219360786852986
50275,5,Absent,0.043418987707365894
50278,5,Absent,0.02281533184691632
50306,5,Absent,0.0015017725198822939
50312,5,Absent,0.3114906304074983
50317,5,Absent,0.08262105461146756
50318,5,Absent,0.41459957146363113
50349,5,Absent,0.1442481138647896
50354,5,Absent,0.65695844023943
50359,5,Absent,0.10114493030406042
50388,5,Absent,0.006826763835259374
50393,5,Absent,0.0045550575209848294
50620,5,Absent,0.9177256560245206
50645,5,Absent,0.042659842102981044
50652,5,Absent,0.020750394389295847
50657,5,Absent,0.0052750706704198895
50667,5,Absent,0.05010883069316416
50673,5,Absent,0.2754641957920622
50691,5,Absent,0.02687294598419447
50713,5,Absent,0.007216450485243064
50715,5,Absent,0.02528134848132962
50727,5,Absent,0.005608946575222029
50735,5,Present,0.8857515382869343
50737,5,Absent,0.2343527015703469
50738,5,Absent,0.014124036285439885
50758,5,Absent,0.007395576346110623
50773,5,Absent,0.01567795534226179
50798,5,Absent,0.014901654571511677
50819,5,Absent,0.001954101244821443
50829,5,Absent,0.004661316096285695
61117,5,Present,0.985349677295547
64256,5,Present,0.9999999999947067
68432,5,Present,0.9448399928097563
68478,5,Absent,0.0110328279048716
68624,5,Absent,0.09626198526625279
68646,5,Absent,0.0072163039694938536
68737,5,Absent,0.00022825902367253154
70280,5,Absent,0.015703037996678382
74420,5,Absent,0.06254597419379426
80348,5,Absent,0.009397829534323644
84706,5,Absent,0.004689690054798336
84721,5,Absent,0.043965156664598305
84730,5,Present,0.19225345646277395
84732,5,Present,0.0010726096383927445
84733,5,Absent,0.03312900013214495
84743,5,Absent,0.05219896954944862
84760,5,Absent,0.13768413273842994
84786,5,Present,0.05976856587896756
84799,5,Absent,0.008330332320742718
84813,5,Absent,0.050112166276202415
84831,5,Absent,0.17381170971289084
84853,5,Present,0.9096150421314458
84855,5,Absent,0.16442161456136187
84877,5,Absent,0.006937066439783716
84882,5,Present,0.6225150897896541
84885,5,Present,0.999995558584527
84920,5,Absent,0.003474806270980772
84923,5,Absent,0.09208710183658003
84935,5,Absent,0.1291542856343668
84946,5,Absent,0.00991337881756376
84970,5,Absent,0.00383058336432893
84978,5,Absent,0.2968903431745218
84990,5,Absent,0.0013762294499443835
84991,5,Absent,0.04028929747472642
84992,5,Absent,0.0054666385342148315
85018,5,Absent,0.5546672500454212
85023,5,Absent,0.002256828344976545
85024,5,Present,0.9999478791439145
85026,5,Absent,0.21750600257248384
85034,5,Absent,0.0032013230705733083
85037,5,Present,0.6583058558068601
85048,5,Absent,0.061435950708233246
85057,5,Present,0.9999976863960303
85075,5,Absent,0.7901974757895251
85080,5,Present,0.9881017604453072
85094,5,Absent,0.02718758855807493
85096,5,Absent,0.22138197153498002
85105,5,Absent,0.09990060431925808
85131,5,Absent,0.12872236172827622
85134,5,Absent,0.03199165592294453
85150,5,Absent,0.03648816703657946
85199,5,Present,0.6082289345554935
85210,5,Absent,0.003420106919669485
85213,5,Absent,0.0009123354362277034
85217,5,Absent,0.001569655892958729
85236,5,Absent,0.07165981525760975
85244,5,Absent,0.026683874722894914
85252,5,Absent,0.01228367968633051
85259,5,Present,0.9999999731246935
85265,5,Absent,0.02808494678135198
85286,5,Absent,0.5021652366774416
85316,5,Absent,0.00661454959202505
85327,5,Absent,0.0038194867356926955
85339,5,Present,0.9999569792134515
85345,5,Absent,0.010911311277139037
9979,5,Present,0.9999999587679277
