threshold,accuracy,precision,sensitivity,specificity,f1,balanced_accuracy,tn,fp,fn,tp
6.27803417249989e-06,0.1936619718309859,0.1936619718309859,1.0,0.0,0.32448377581120946,0.5,0,458,0,110
1.2604441956605371e-05,0.1954225352112676,0.19400352733686066,1.0,0.002183406113537118,0.3249630723781389,0.5010917030567685,1,457,0,110
0.00022825902367253154,0.19718309859154928,0.19434628975265017,1.0,0.004366812227074236,0.3254437869822485,0.5021834061135371,2,456,0,110
0.0003623221236887167,0.198943661971831,0.19469026548672566,1.0,0.006550218340611353,0.32592592592592595,0.5032751091703057,3,455,0,110
0.0004290001378045727,0.2007042253521127,0.1950354609929078,1.0,0.008733624454148471,0.3264094955489614,0.5043668122270742,4,454,0,110
0.0004439739179064117,0.20246478873239437,0.19538188277087035,1.0,0.010917030567685589,0.32689450222882616,0.5054585152838428,5,453,0,110
0.0005160145889216712,0.20422535211267606,0.19572953736654805,1.0,0.013100436681222707,0.3273809523809524,0.5065502183406113,6,452,0,110
0.0007643183886067203,0.20598591549295775,0.19607843137254902,1.0,0.015283842794759825,0.32786885245901637,0.50764192139738,7,451,0,110
0.0008586289339284095,0.20774647887323944,0.19642857142857142,1.0,0.017467248908296942,0.3283582089552239,0.5087336244541485,8,450,0,110
0.0009123354362277034,0.20950704225352113,0.1967799642218247,1.0,0.019650655021834062,0.32884902840059793,0.509825327510917,9,449,0,110
0.0010726096383927445,0.2112676056338028,0.1971326164874552,1.0,0.021834061135371178,0.32934131736526945,0.5109170305676856,10,448,0,110
0.0011123601308066257,0.20950704225352113,0.19569120287253142,0.990909090909091,0.021834061135371178,0.3268365817091454,0.506371576022231,10,448,1,109
0.0011957876112096064,0.2112676056338028,0.1960431654676259,0.990909090909091,0.024017467248908297,0.32732732732732733,0.5074632790789997,11,447,1,109
0.0013754416555201115,0.2130281690140845,0.1963963963963964,0.990909090909091,0.026200873362445413,0.32781954887218046,0.5085549821357682,12,446,1,109
0.0013762294499443835,0.2147887323943662,0.1967509025270758,0.990909090909091,0.028384279475982533,0.32831325301204817,0.5096466851925368,13,445,1,109
0.001391568156566469,0.21654929577464788,0.19710669077757687,0.990909090909091,0.03056768558951965,0.3288084464555053,0.5107383882493053,14,444,1,109
0.0014367959176645648,0.21830985915492956,0.19746376811594202,0.990909090909091,0.03275109170305677,0.3293051359516616,0.5118300913060738,15,443,1,109
0.0015017725198822939,0.22007042253521128,0.19782214156079855,0.990909090909091,0.034934497816593885,0.329803328290469,0.5129217943628425,16,442,1,109
0.0015259771665224204,0.22183098591549297,0.19818181818181818,0.990909090909091,0.03711790393013101,0.3303030303030303,0.514013497419611,17,441,1,109
0.001569655892958729,0.22359154929577466,0.19854280510018216,0.990909090909091,0.039301310043668124,0.330804248861912,0.5151052004763795,18,440,1,109
0.001954101244821443,0.22535211267605634,0.1989051094890511,0.990909090909091,0.04148471615720524,0.331306990881459,0.5161969035331481,19,439,1,109
0.002256828344976545,0.22711267605633803,0.19926873857404023,0.990909090909091,0.043668122270742356,0.3318112633181126,0.5172886065899167,20,438,1,109
0.00241195875165219,0.22887323943661972,0.19963369963369965,0.990909090909091,0.04585152838427948,0.3323170731707317,0.5183803096466852,21,437,1,109
0.0025057105664107763,0.2306338028169014,0.2,0.990909090909091,0.048034934497816595,0.332824427480916,0.5194720127034538,22,436,1,109
0.0028993322122331153,0.2323943661971831,0.20036764705882354,0.990909090909091,0.05021834061135371,0.3333333333333333,0.5205637157602223,23,435,1,109
0.0030232505066677046,0.23415492957746478,0.2007366482504604,0.990909090909091,0.05240174672489083,0.333843797856049,0.5216554188169908,24,434,1,109
0.0032013230705733083,0.23591549295774647,0.2011070110701107,0.990909090909091,0.05458515283842795,0.3343558282208589,0.5227471218737595,25,433,1,109
0.003420106919669485,0.23767605633802816,0.20147874306839186,0.990909090909091,0.056768558951965066,0.3348694316436252,0.523838824930528,26,432,1,109
0.003474806270980772,0.23943661971830985,0.20185185185185187,0.990909090909091,0.05895196506550218,0.3353846153846154,0.5249305279872966,27,431,1,109
0.0038194867356926955,0.24119718309859156,0.20222634508348794,0.990909090909091,0.0611353711790393,0.3359013867488444,0.5260222310440651,28,430,1,109
0.00383058336432893,0.24295774647887325,0.20260223048327136,0.990909090909091,0.06331877729257641,0.33641975308641975,0.5271139341008337,29,429,1,109
0.004139131392754027,0.24471830985915494,0.20297951582867785,0.990909090909091,0.06550218340611354,0.3369397217928903,0.5282056371576023,30,428,1,109
0.004208093908578701,0.24647887323943662,0.20335820895522388,0.990909090909091,0.06768558951965066,0.33746130030959753,0.5292973402143708,31,427,1,109
0.004390231050838964,0.2482394366197183,0.20373831775700935,0.990909090909091,0.06986899563318777,0.33798449612403103,0.5303890432711393,32,426,1,109
0.004420091311056204,0.25,0.20411985018726592,0.990909090909091,0.07205240174672489,0.3385093167701863,0.5314807463279079,33,425,1,109
0.0044661819133490115,0.2517605633802817,0.2045028142589118,0.990909090909091,0.07423580786026202,0.3390357698289269,0.5325724493846765,34,424,1,109
0.0045550575209848294,0.2535211267605634,0.20488721804511278,0.990909090909091,0.07641921397379912,0.3395638629283489,0.533664152441445,35,423,1,109
0.004661316096285695,0.25528169014084506,0.20527306967984935,0.990909090909091,0.07860262008733625,0.34009360374414976,0.5347558554982136,36,422,1,109
0.004670388110564893,0.25704225352112675,0.20566037735849058,0.990909090909091,0.08078602620087336,0.340625,0.5358475585549821,37,421,1,109
0.004689690054798336,0.25880281690140844,0.2060491493383743,0.990909090909091,0.08296943231441048,0.3411580594679186,0.5369392616117508,38,420,1,109
0.004772299303790099,0.2605633802816901,0.20643939393939395,0.990909090909091,0.0851528384279476,0.34169278996865204,0.5380309646685193,39,419,1,109
0.004861643394563988,0.2623239436619718,0.20683111954459202,0.990909090909091,0.08733624454148471,0.34222919937205654,0.5391226677252878,40,418,1,109
0.004863473272306317,0.2640845070422535,0.20722433460076045,0.990909090909091,0.08951965065502183,0.34276729559748426,0.5402143707820564,41,417,1,109
0.0052750706704198895,0.2658450704225352,0.20761904761904762,0.990909090909091,0.09170305676855896,0.34330708661417325,0.541306073838825,42,416,1,109
0.0054666385342148315,0.2676056338028169,0.20801526717557253,0.990909090909091,0.09388646288209607,0.3438485804416404,0.5423977768955935,43,415,1,109
0.005562224419052271,0.26936619718309857,0.2084130019120459,0.990909090909091,0.09606986899563319,0.344391785150079,0.5434894799523621,44,414,1,109
0.005608946575222029,0.2711267605633803,0.20881226053639848,0.990909090909091,0.0982532751091703,0.3449367088607595,0.5445811830091306,45,413,1,109
0.0056108540532971,0.272887323943662,0.2092130518234165,0.990909090909091,0.10043668122270742,0.34548335974643424,0.5456728860658991,46,412,1,109
0.00578744812376997,0.2746478873239437,0.20961538461538462,0.990909090909091,0.10262008733624454,0.346031746031746,0.5467645891226678,47,411,1,109
0.005791384403447988,0.2764084507042254,0.21001926782273603,0.990909090909091,0.10480349344978165,0.3465818759936407,0.5478562921794363,48,410,1,109
0.006000325587288368,0.27816901408450706,0.21042471042471042,0.990909090909091,0.10698689956331878,0.3471337579617834,0.5489479952362049,49,409,1,109
0.006193990623746629,0.27992957746478875,0.21083172147001933,0.990909090909091,0.1091703056768559,0.34768740031897927,0.5500396982929734,50,408,1,109
0.0062151058800708125,0.28169014084507044,0.21124031007751937,0.990909090909091,0.11135371179039301,0.34824281150159747,0.551131401349742,51,407,1,109
0.0063005480922669835,0.27992957746478875,0.20970873786407768,0.9818181818181818,0.11135371179039301,0.3456,0.5465859468042874,51,407,2,108
0.0063023708900070705,0.28169014084507044,0.21011673151750973,0.9818181818181818,0.11353711790393013,0.34615384615384615,0.5476776498610559,52,406,2,108
0.00661454959202505,0.2834507042253521,0.21052631578947367,0.9818181818181818,0.11572052401746726,0.3467094703049759,0.5487693529178246,53,405,2,108
0.006676636441961854,0.2852112676056338,0.2109375,0.9818181818181818,0.11790393013100436,0.34726688102893893,0.5498610559745931,54,404,2,108
0.00677689057673939,0.2869718309859155,0.21135029354207435,0.9818181818181818,0.12008733624454149,0.34782608695652173,0.5509527590313616,55,403,2,108
0.006806272063563836,0.2887323943661972,0.21176470588235294,0.9818181818181818,0.1222707423580786,0.34838709677419355,0.5520444620881302,56,402,2,108
0.006826763835259374,0.2904929577464789,0.21218074656188604,0.9818181818181818,0.12445414847161572,0.34894991922455576,0.5531361651448987,57,401,2,108
0.006937066439783716,0.29225352112676056,0.2125984251968504,0.9818181818181818,0.12663755458515283,0.34951456310679613,0.5542278682016674,58,400,2,108
0.0070468541632085656,0.29401408450704225,0.21301775147928995,0.9818181818181818,0.12882096069868995,0.3500810372771475,0.5553195712584359,59,399,2,108
0.007144653524303753,0.29577464788732394,0.2134387351778656,0.9818181818181818,0.13100436681222707,0.35064935064935066,0.5564112743152044,60,398,2,108
0.0072163039694938536,0.2975352112676056,0.21386138613861386,0.9818181818181818,0.1331877729257642,0.35121951219512193,0.557502977371973,61,397,2,108
0.007216450485243064,0.2992957746478873,0.21428571428571427,0.9818181818181818,0.13537117903930132,0.3517915309446254,0.5585946804287416,62,396,2,108
0.007395576346110623,0.301056338028169,0.2147117296222664,0.9818181818181818,0.13755458515283842,0.3523654159869494,0.5596863834855101,63,395,2,108
0.007976204213110969,0.3028169014084507,0.2151394422310757,0.9818181818181818,0.13973799126637554,0.35294117647058826,0.5607780865422787,64,394,2,108
0.008145175014930194,0.3045774647887324,0.2155688622754491,0.9818181818181818,0.14192139737991266,0.353518821603928,0.5618697895990472,65,393,2,108
0.008234505717223665,0.30633802816901406,0.216,0.9818181818181818,0.14410480349344978,0.3540983606557377,0.5629614926558157,66,392,2,108
0.008330332320742718,0.30809859154929575,0.21643286573146292,0.9818181818181818,0.1462882096069869,0.35467980295566504,0.5640531957125844,67,391,2,108
0.008393176783160846,0.30985915492957744,0.21686746987951808,0.9818181818181818,0.14847161572052403,0.35526315789473684,0.5651448987693529,68,390,2,108
0.008494803907353334,0.31161971830985913,0.21730382293762576,0.9818181818181818,0.15065502183406113,0.35584843492586493,0.5662366018261215,69,389,2,108
0.008691571869962637,0.31338028169014087,0.21774193548387097,0.9818181818181818,0.15283842794759825,0.3564356435643564,0.56732830488289,70,388,2,108
0.00897214429763882,0.31514084507042256,0.21818181818181817,0.9818181818181818,0.15502183406113537,0.35702479338842974,0.5684200079396586,71,387,2,108
0.009397829534323644,0.31690140845070425,0.21862348178137653,0.9818181818181818,0.1572052401746725,0.3576158940397351,0.5695117109964272,72,386,2,108
0.009735861477674976,0.31866197183098594,0.21906693711967545,0.9818181818181818,0.15938864628820962,0.3582089552238806,0.5706034140531957,73,385,2,108
0.00991337881756376,0.3204225352112676,0.21951219512195122,0.9818181818181818,0.1615720524017467,0.3588039867109635,0.5716951171099642,74,384,2,108
0.01069227998752131,0.3221830985915493,0.219959266802444,0.9818181818181818,0.16375545851528384,0.3594009983361065,0.5727868201667328,75,383,2,108
0.010911311277139037,0.3204225352112676,0.21836734693877552,0.9727272727272728,0.16375545851528384,0.3566666666666667,0.5682413656212784,75,383,3,107
0.0110328279048716,0.3221830985915493,0.21881390593047034,0.9727272727272728,0.16593886462882096,0.3572621035058431,0.5693330686780469,76,382,3,107
0.011211098110600667,0.323943661971831,0.2192622950819672,0.9727272727272728,0.16812227074235808,0.35785953177257523,0.5704247717348154,77,381,3,107
0.01122528215336573,0.3221830985915493,0.21765913757700206,0.9636363636363636,0.16812227074235808,0.35510887772194305,0.5658793171893608,77,381,4,106
0.011729104061913825,0.323943661971831,0.21810699588477367,0.9636363636363636,0.1703056768558952,0.35570469798657717,0.5669710202461294,78,380,4,106
0.011777297307150842,0.3257042253521127,0.21855670103092784,0.9636363636363636,0.17248908296943233,0.3563025210084034,0.568062723302898,79,379,4,106
0.01178730151202149,0.3274647887323944,0.2190082644628099,0.9636363636363636,0.17467248908296942,0.3569023569023569,0.5691544263596665,80,378,4,106
0.011807807477696526,0.32922535211267606,0.2194616977225673,0.9636363636363636,0.17685589519650655,0.357504215851602,0.570246129416435,81,377,4,106
0.01193985889168053,0.33098591549295775,0.21991701244813278,0.9636363636363636,0.17903930131004367,0.3581081081081081,0.5713378324732037,82,376,4,106
0.01228367968633051,0.33274647887323944,0.2203742203742204,0.9636363636363636,0.1812227074235808,0.3587140439932318,0.5724295355299722,83,375,4,106
0.012286115412475752,0.3345070422535211,0.22083333333333333,0.9636363636363636,0.18340611353711792,0.3593220338983051,0.5735212385867408,84,374,4,106
0.012774062682593089,0.3362676056338028,0.22129436325678498,0.9636363636363636,0.185589519650655,0.3599320882852292,0.5746129416435093,85,373,4,106
0.013072171741237643,0.3380281690140845,0.2217573221757322,0.9636363636363636,0.18777292576419213,0.36054421768707484,0.5757046447002778,86,372,4,106
0.013210493351634033,0.3397887323943662,0.2222222222222222,0.9636363636363636,0.18995633187772926,0.36115843270868825,0.5767963477570465,87,371,4,106
0.013543593105068086,0.3415492957746479,0.22268907563025211,0.9636363636363636,0.19213973799126638,0.36177474402730375,0.577888050813815,88,370,4,106
0.014098720114678427,0.34330985915492956,0.2231578947368421,0.9636363636363636,0.1943231441048035,0.3623931623931624,0.5789797538705835,89,369,4,106
0.014124036285439885,0.34507042253521125,0.22362869198312235,0.9636363636363636,0.1965065502183406,0.363013698630137,0.5800714569273521,90,368,4,106
0.014322740572532284,0.34683098591549294,0.22410147991543342,0.9636363636363636,0.19868995633187772,0.36363636363636365,0.5811631599841207,91,367,4,106
0.014404320693074487,0.3485915492957746,0.2245762711864407,0.9636363636363636,0.20087336244541484,0.3642611683848797,0.5822548630408892,92,366,4,106
0.014607823155343152,0.3503521126760563,0.22505307855626328,0.9636363636363636,0.20305676855895197,0.3648881239242685,0.5833465660976578,93,365,4,106
0.014732112864015566,0.352112676056338,0.225531914893617,0.9636363636363636,0.2052401746724891,0.36551724137931035,0.5844382691544263,94,364,4,106
0.014901654571511677,0.3538732394366197,0.2260127931769723,0.9636363636363636,0.2074235807860262,0.36614853195164077,0.585529972211195,95,363,4,106
0.015108857338141303,0.35563380281690143,0.2264957264957265,0.9636363636363636,0.2096069868995633,0.36678200692041524,0.5866216752679635,96,362,4,106
0.015351380269954765,0.3573943661971831,0.22698072805139186,0.9636363636363636,0.21179039301310043,0.36741767764298094,0.587713378324732,97,361,4,106
0.015351965897482972,0.3591549295774648,0.22746781115879827,0.9636363636363636,0.21397379912663755,0.3680555555555556,0.5888050813815006,98,360,4,106
0.01567795534226179,0.3609154929577465,0.22795698924731184,0.9636363636363636,0.21615720524017468,0.36869565217391304,0.5898967844382692,99,359,4,106
0.015703037996678382,0.3626760563380282,0.22844827586206898,0.9636363636363636,0.2183406113537118,0.3693379790940767,0.5909884874950377,100,358,4,106
0.015844333449470605,0.3644366197183099,0.22894168466522677,0.9636363636363636,0.2205240174672489,0.3699825479930192,0.5920801905518063,101,357,4,106
0.016571990089855857,0.36619718309859156,0.22943722943722944,0.9636363636363636,0.22270742358078602,0.3706293706293706,0.5931718936085748,102,356,4,106
0.01755124099922892,0.36795774647887325,0.2299349240780911,0.9636363636363636,0.22489082969432314,0.3712784588441331,0.5942635966653433,103,355,4,106
0.017948502377097768,0.36971830985915494,0.23043478260869565,0.9636363636363636,0.22707423580786026,0.3719298245614035,0.595355299722112,104,354,4,106
0.01808259969387966,0.3714788732394366,0.23093681917211328,0.9636363636363636,0.2292576419213974,0.37258347978910367,0.5964470027788805,105,353,4,106
0.018336610660002143,0.3732394366197183,0.2314410480349345,0.9636363636363636,0.2314410480349345,0.3732394366197183,0.597538705835649,106,352,4,106
0.018829521934834142,0.3714788732394366,0.22975929978118162,0.9545454545454546,0.2314410480349345,0.37037037037037035,0.5929932512901945,106,352,5,105
0.01931964577158477,0.3732394366197183,0.23026315789473684,0.9545454545454546,0.2336244541484716,0.3710247349823322,0.5940849543469631,107,351,5,105
0.019762968045064246,0.375,0.23076923076923078,0.9545454545454546,0.23580786026200873,0.37168141592920356,0.5951766574037316,108,350,5,105
0.01979220286436855,0.3767605633802817,0.23127753303964757,0.9545454545454546,0.23799126637554585,0.3723404255319149,0.5962683604605002,109,349,5,105
0.020242951785928692,0.3785211267605634,0.23178807947019867,0.9545454545454546,0.24017467248908297,0.37300177619893427,0.5973600635172688,110,348,5,105
0.020351196353735224,0.38028169014084506,0.2323008849557522,0.9545454545454546,0.2423580786026201,0.3736654804270463,0.5984517665740373,111,347,5,105
0.020750394389295847,0.38204225352112675,0.2328159645232816,0.9545454545454546,0.2445414847161572,0.37433155080213903,0.5995434696308058,112,346,5,105
0.021285126351534157,0.38380281690140844,0.23333333333333334,0.9545454545454546,0.24672489082969432,0.375,0.6006351726875745,113,345,5,105
0.021852330373249417,0.3855633802816901,0.23385300668151449,0.9545454545454546,0.24890829694323144,0.3756708407871199,0.601726875744343,114,344,5,105
0.02245301118044815,0.3873239436619718,0.234375,0.9545454545454546,0.25109170305676853,0.3763440860215054,0.6028185788011116,115,343,5,105
0.02258701067190039,0.3890845070422535,0.2348993288590604,0.9545454545454546,0.25327510917030566,0.3770197486535009,0.6039102818578801,116,342,5,105
0.02281533184691632,0.3908450704225352,0.23542600896860988,0.9545454545454546,0.2554585152838428,0.3776978417266187,0.6050019849146486,117,341,5,105
0.023525537361400423,0.3926056338028169,0.23595505617977527,0.9545454545454546,0.2576419213973799,0.3783783783783784,0.6060936879714173,118,340,5,105
0.024235871029816235,0.39436619718309857,0.23648648648648649,0.9545454545454546,0.259825327510917,0.37906137184115524,0.6071853910281858,119,339,5,105
0.024490363202613448,0.3961267605633803,0.23702031602708803,0.9545454545454546,0.26200873362445415,0.379746835443038,0.6082770940849543,120,338,5,105
0.02453452798007418,0.397887323943662,0.23755656108597284,0.9545454545454546,0.26419213973799127,0.3804347826086957,0.609368797141723,121,337,5,105
0.024583814206480082,0.3996478873239437,0.23809523809523808,0.9545454545454546,0.2663755458515284,0.3811252268602541,0.6104605001984915,122,336,5,105
0.02528134848132962,0.4014084507042254,0.23863636363636365,0.9545454545454546,0.2685589519650655,0.38181818181818183,0.61155220325526,123,335,5,105
0.025349144170750657,0.40316901408450706,0.23917995444191345,0.9545454545454546,0.27074235807860264,0.3825136612021858,0.6126439063120286,124,334,5,105
0.02548325368456583,0.40492957746478875,0.23972602739726026,0.9545454545454546,0.27292576419213976,0.38321167883211676,0.6137356093687971,125,333,5,105
0.025504530408586315,0.40669014084507044,0.2402745995423341,0.9545454545454546,0.27510917030567683,0.38391224862888484,0.6148273124255657,126,332,5,105
0.025548335750911092,0.4084507042253521,0.2408256880733945,0.9545454545454546,0.27729257641921395,0.38461538461538464,0.6159190154823343,127,331,5,105
0.02571059080769765,0.4102112676056338,0.2413793103448276,0.9545454545454546,0.2794759825327511,0.3853211009174312,0.6170107185391028,128,330,5,105
0.02644263739690805,0.4119718309859155,0.24193548387096775,0.9545454545454546,0.2816593886462882,0.3860294117647059,0.6181024215958714,129,329,5,105
0.026558730615037038,0.4137323943661972,0.24249422632794457,0.9545454545454546,0.2838427947598253,0.3867403314917127,0.61919412465264,130,328,5,105
0.026683874722894914,0.4154929577464789,0.24305555555555555,0.9545454545454546,0.28602620087336245,0.3874538745387454,0.6202858277094085,131,327,5,105
0.02687294598419447,0.41725352112676056,0.24361948955916474,0.9545454545454546,0.28820960698689957,0.38817005545286504,0.6213775307661771,132,326,5,105
0.027113529507475247,0.41901408450704225,0.2441860465116279,0.9545454545454546,0.2903930131004367,0.3888888888888889,0.6224692338229456,133,325,5,105
0.02718758855807493,0.42077464788732394,0.24475524475524477,0.9545454545454546,0.2925764192139738,0.38961038961038963,0.6235609368797141,134,324,5,105
0.027497520110706757,0.4225352112676056,0.24532710280373832,0.9545454545454546,0.29475982532751094,0.3903345724907063,0.6246526399364828,135,323,5,105
0.02808494678135198,0.42077464788732394,0.24355971896955503,0.9454545454545454,0.29475982532751094,0.38733705772811916,0.6201071853910282,135,323,6,104
0.028289006331700596,0.4225352112676056,0.24413145539906103,0.9454545454545454,0.29694323144104806,0.3880597014925373,0.6211988884477968,136,322,6,104
0.028835779887298508,0.4242957746478873,0.2447058823529412,0.9454545454545454,0.29912663755458513,0.38878504672897196,0.6222905915045653,137,321,6,104
0.028921363933698967,0.426056338028169,0.24528301886792453,0.9454545454545454,0.30131004366812225,0.3895131086142322,0.6233822945613339,138,320,6,104
0.02912298470555979,0.4278169014084507,0.2458628841607565,0.9454545454545454,0.3034934497816594,0.3902439024390244,0.6244739976181024,139,319,6,104
0.029253274745860654,0.4295774647887324,0.24644549763033174,0.9454545454545454,0.3056768558951965,0.39097744360902253,0.6255657006748709,140,318,6,104
0.02946981103393709,0.43133802816901406,0.24703087885985747,0.9454545454545454,0.3078602620087336,0.391713747645951,0.6266574037316395,141,317,6,104
0.029529243994827824,0.43309859154929575,0.24761904761904763,0.9454545454545454,0.31004366812227074,0.39245283018867927,0.6277491067884081,142,316,6,104
0.02958486587603056,0.43485915492957744,0.24821002386634844,0.9454545454545454,0.31222707423580787,0.3931947069943289,0.6288408098451767,143,315,6,104
0.029686539870510804,0.43661971830985913,0.24880382775119617,0.9454545454545454,0.314410480349345,0.3939393939393939,0.6299325129019452,144,314,6,104
0.03001889915212099,0.43838028169014087,0.24940047961630696,0.9454545454545454,0.3165938864628821,0.3946869070208729,0.6310242159587138,145,313,6,104
0.030031744820921052,0.44014084507042256,0.25,0.9454545454545454,0.31877729257641924,0.39543726235741444,0.6321159190154824,146,312,6,104
0.03038685649869077,0.44190140845070425,0.25060240963855424,0.9454545454545454,0.32096069868995636,0.3961904761904762,0.6332076220722509,147,311,6,104
0.030925039022842698,0.44366197183098594,0.25120772946859904,0.9454545454545454,0.3231441048034934,0.3969465648854962,0.6342993251290194,148,310,6,104
0.031322407202923334,0.4454225352112676,0.25181598062953997,0.9454545454545454,0.32532751091703055,0.3977055449330784,0.635391028185788,149,309,6,104
0.03160558739921592,0.4471830985915493,0.2524271844660194,0.9454545454545454,0.32751091703056767,0.39846743295019155,0.6364827312425565,150,308,6,104
0.03199165592294453,0.448943661971831,0.25304136253041365,0.9454545454545454,0.3296943231441048,0.39923224568138194,0.6375744342993251,151,307,6,104
0.03312900013214495,0.4507042253521127,0.25365853658536586,0.9454545454545454,0.3318777292576419,0.4,0.6386661373560937,152,306,6,104
0.034804010442110025,0.4524647887323944,0.254278728606357,0.9454545454545454,0.33406113537117904,0.4007707129094412,0.6397578404128622,153,305,6,104
0.0357718438846268,0.45422535211267606,0.2549019607843137,0.9454545454545454,0.33624454148471616,0.4015444015444015,0.6408495434696309,154,304,6,104
0.03617237249388182,0.45598591549295775,0.25552825552825553,0.9454545454545454,0.3384279475982533,0.402321083172147,0.6419412465263994,155,303,6,104
0.03648816703657946,0.45774647887323944,0.2561576354679803,0.9454545454545454,0.3406113537117904,0.40310077519379844,0.6430329495831679,156,302,6,104
0.037239709279759774,0.4595070422535211,0.25679012345679014,0.9454545454545454,0.34279475982532753,0.40388349514563104,0.6441246526399365,157,301,6,104
0.03748687826514141,0.4612676056338028,0.25742574257425743,0.9454545454545454,0.34497816593886466,0.4046692607003891,0.645216355696705,158,300,6,104
0.037775612018887975,0.4630281690140845,0.25806451612903225,0.9454545454545454,0.3471615720524017,0.40545808966861596,0.6463080587534735,159,299,6,104
0.03779496043946981,0.4647887323943662,0.25870646766169153,0.9454545454545454,0.34934497816593885,0.40625,0.6473997618102422,160,298,6,104
0.03812156053260148,0.4665492957746479,0.2593516209476309,0.9454545454545454,0.35152838427947597,0.4070450097847358,0.6484914648670107,161,297,6,104
0.03917477314014286,0.46830985915492956,0.26,0.9454545454545454,0.3537117903930131,0.40784313725490196,0.6495831679237792,162,296,6,104
0.03950832150451768,0.47007042253521125,0.2606516290726817,0.9454545454545454,0.3558951965065502,0.4086444007858546,0.6506748709805479,163,295,6,104
0.039760075169948825,0.47183098591549294,0.2613065326633166,0.9454545454545454,0.35807860262008734,0.4094488188976378,0.6517665740373164,164,294,6,104
0.04028929747472642,0.4735915492957746,0.2619647355163728,0.9454545454545454,0.36026200873362446,0.41025641025641024,0.652858277094085,165,293,6,104
0.04085059811228294,0.4753521126760563,0.26262626262626265,0.9454545454545454,0.3624454148471616,0.41106719367588934,0.6539499801508535,166,292,6,104
0.04117736364096357,0.477112676056338,0.26329113924050634,0.9454545454545454,0.3646288209606987,0.41188118811881186,0.655041683207622,167,291,6,104
0.041482315211794234,0.4788732394366197,0.2639593908629442,0.9454545454545454,0.36681222707423583,0.4126984126984127,0.6561333862643907,168,290,6,104
0.04166612456433251,0.48063380281690143,0.26463104325699743,0.9454545454545454,0.36899563318777295,0.4135188866799205,0.6572250893211592,169,289,6,104
0.042659842102981044,0.4823943661971831,0.2653061224489796,0.9454545454545454,0.37117903930131,0.41434262948207173,0.6583167923779277,170,288,6,104
0.043418987707365894,0.4841549295774648,0.2659846547314578,0.9454545454545454,0.37336244541484714,0.4151696606786427,0.6594084954346963,171,287,6,104
0.043965156664598305,0.4859154929577465,0.26666666666666666,0.9454545454545454,0.37554585152838427,0.416,0.6605001984914649,172,286,6,104
0.04419575153340576,0.4876760563380282,0.26735218508997427,0.9454545454545454,0.3777292576419214,0.4168336673346693,0.6615919015482334,173,285,6,104
0.04437923634644444,0.4894366197183099,0.26804123711340205,0.9454545454545454,0.3799126637554585,0.41767068273092367,0.662683604605002,174,284,6,104
0.04441527699871344,0.49119718309859156,0.268733850129199,0.9454545454545454,0.38209606986899564,0.41851106639839036,0.6637753076617705,175,283,6,104
0.04457582083859532,0.49295774647887325,0.2694300518134715,0.9454545454545454,0.38427947598253276,0.41935483870967744,0.664867010718539,176,282,6,104
0.044797436609581714,0.49471830985915494,0.2701298701298701,0.9454545454545454,0.3864628820960699,0.4202020202020202,0.6659587137753077,177,281,6,104
0.044867902651429085,0.4964788732394366,0.2708333333333333,0.9454545454545454,0.388646288209607,0.42105263157894735,0.6670504168320762,178,280,6,104
0.045717834729592455,0.49471830985915494,0.2689295039164491,0.9363636363636364,0.388646288209607,0.4178498985801217,0.6625049622866217,178,280,7,103
0.04588009306490056,0.4964788732394366,0.2696335078534031,0.9363636363636364,0.39082969432314413,0.4186991869918699,0.6635966653433902,179,279,7,103
0.046767538913800526,0.4982394366197183,0.27034120734908135,0.9363636363636364,0.3930131004366812,0.4195519348268839,0.6646883684001588,180,278,7,103
0.047063333651146594,0.5,0.2710526315789474,0.9363636363636364,0.3951965065502183,0.4204081632653061,0.6657800714569273,181,277,7,103
0.047768908442570784,0.5017605633802817,0.2717678100263852,0.9363636363636364,0.39737991266375544,0.4212678936605317,0.666871774513696,182,276,7,103
0.04793972545204801,0.5035211267605634,0.2724867724867725,0.9363636363636364,0.39956331877729256,0.42213114754098363,0.6679634775704645,183,275,7,103
0.04819041728108787,0.5052816901408451,0.27320954907161804,0.9363636363636364,0.4017467248908297,0.42299794661190965,0.669055180627233,184,274,7,103
0.04833061138690056,0.5070422535211268,0.27393617021276595,0.9363636363636364,0.4039301310043668,0.42386831275720166,0.6701468836840017,185,273,7,103
0.04853465034510997,0.5088028169014085,0.27466666666666667,0.9363636363636364,0.40611353711790393,0.4247422680412371,0.6712385867407702,186,272,7,103
0.049426836139827894,0.5105633802816901,0.27540106951871657,0.9363636363636364,0.40829694323144106,0.4256198347107438,0.6723302897975387,187,271,7,103
0.0497756473131316,0.5123239436619719,0.2761394101876676,0.9363636363636364,0.4104803493449782,0.42650103519668736,0.6734219928543073,188,270,7,103
0.05010883069316416,0.5140845070422535,0.2768817204301075,0.9363636363636364,0.4126637554585153,0.42738589211618255,0.6745136959110758,189,269,7,103
0.050112166276202415,0.5158450704225352,0.2776280323450135,0.9363636363636364,0.4148471615720524,0.4282744282744283,0.6756053989678444,190,268,7,103
0.05097582674232688,0.5176056338028169,0.27837837837837837,0.9363636363636364,0.4170305676855895,0.42916666666666664,0.676697102024613,191,267,7,103
0.05099911691930827,0.5193661971830986,0.2791327913279133,0.9363636363636364,0.4192139737991266,0.430062630480167,0.6777888050813815,192,266,7,103
0.05105203953646981,0.5211267605633803,0.2798913043478261,0.9363636363636364,0.42139737991266374,0.4309623430962343,0.67888050813815,193,265,7,103
0.05109308218286943,0.522887323943662,0.28065395095367845,0.9363636363636364,0.42358078602620086,0.43186582809224316,0.6799722111949187,194,264,7,103
0.05182589293095095,0.5246478873239436,0.2814207650273224,0.9363636363636364,0.425764192139738,0.4327731092436975,0.6810639142516872,195,263,7,103
0.05219896954944862,0.5264084507042254,0.2821917808219178,0.9363636363636364,0.4279475982532751,0.4336842105263158,0.6821556173084558,196,262,7,103
0.05232977573081485,0.528169014084507,0.28296703296703296,0.9363636363636364,0.43013100436681223,0.4345991561181435,0.6832473203652243,197,261,7,103
0.052496373339409735,0.5299295774647887,0.2837465564738292,0.9363636363636364,0.43231441048034935,0.4355179704016913,0.6843390234219928,198,260,7,103
0.052913981913696395,0.5316901408450704,0.2845303867403315,0.9363636363636364,0.4344978165938865,0.4364406779661017,0.6854307264787615,199,259,7,103
0.05405372745414757,0.5334507042253521,0.2853185595567867,0.9363636363636364,0.4366812227074236,0.43736730360934184,0.68652242953553,200,258,7,103
0.05511539102082676,0.5352112676056338,0.2861111111111111,0.9363636363636364,0.4388646288209607,0.43829787234042555,0.6876141325922985,201,257,7,103
0.05523352559380368,0.5369718309859155,0.28690807799442897,0.9363636363636364,0.4410480349344978,0.43923240938166314,0.6887058356490671,202,256,7,103
0.05537419325372175,0.5387323943661971,0.2877094972067039,0.9363636363636364,0.4432314410480349,0.44017094017094016,0.6897975387058357,203,255,7,103
0.058711639902079116,0.5404929577464789,0.28851540616246496,0.9363636363636364,0.44541484716157204,0.4411134903640257,0.6908892417626042,204,254,7,103
0.05878925967834637,0.5422535211267606,0.2893258426966292,0.9363636363636364,0.44759825327510916,0.44206008583690987,0.6919809448193728,205,253,7,103
0.059387725605593154,0.5440140845070423,0.29014084507042254,0.9363636363636364,0.4497816593886463,0.443010752688172,0.6930726478761413,206,252,7,103
0.05976856587896756,0.545774647887324,0.2909604519774011,0.9363636363636364,0.4519650655021834,0.44396551724137934,0.6941643509329098,207,251,7,103
0.05988268096746072,0.5440140845070423,0.28895184135977336,0.9272727272727272,0.4519650655021834,0.4406047516198704,0.6896188963874553,207,251,8,102
0.060037622800717366,0.545774647887324,0.2897727272727273,0.9272727272727272,0.45414847161572053,0.44155844155844154,0.6907105994442239,208,250,8,102
0.06043849608831734,0.5475352112676056,0.2905982905982906,0.9272727272727272,0.45633187772925765,0.44251626898047725,0.6918023025009925,209,249,8,102
0.06048904815807455,0.5492957746478874,0.2914285714285714,0.9272727272727272,0.4585152838427948,0.4434782608695652,0.692894005557761,210,248,8,102
0.061219360786852986,0.551056338028169,0.2922636103151863,0.9272727272727272,0.4606986899563319,0.4444444444444444,0.6939857086145296,211,247,8,102
0.061435950708233246,0.5528169014084507,0.29310344827586204,0.9272727272727272,0.462882096069869,0.44541484716157204,0.6950774116712981,212,246,8,102
0.06171364294593956,0.5545774647887324,0.29394812680115273,0.9272727272727272,0.4650655021834061,0.44638949671772427,0.6961691147280666,213,245,8,102
0.06254597419379426,0.5563380281690141,0.2947976878612717,0.9272727272727272,0.4672489082969432,0.4473684210526316,0.6972608177848352,214,244,8,102
0.06328702435405102,0.5580985915492958,0.2956521739130435,0.9272727272727272,0.46943231441048033,0.44835164835164837,0.6983525208416038,215,243,8,102
0.06470526541103948,0.5598591549295775,0.29651162790697677,0.9272727272727272,0.47161572052401746,0.44933920704845814,0.6994442238983724,216,242,8,102
0.06538185752889028,0.5616197183098591,0.29737609329446063,0.9272727272727272,0.4737991266375546,0.4503311258278146,0.7005359269551409,217,241,8,102
0.06588104167770581,0.5633802816901409,0.2982456140350877,0.9272727272727272,0.4759825327510917,0.45132743362831856,0.7016276300119095,218,240,8,102
0.06623709440597121,0.5651408450704225,0.2991202346041056,0.9272727272727272,0.4781659388646288,0.4523281596452328,0.7027193330686781,219,239,8,102
0.06624894850428344,0.5669014084507042,0.3,0.9272727272727272,0.48034934497816595,0.4533333333333333,0.7038110361254466,220,238,8,102
0.06696341581373912,0.5686619718309859,0.3008849557522124,0.9272727272727272,0.48253275109170307,0.45434298440979953,0.7049027391822151,221,237,8,102
0.06699750476775233,0.5704225352112676,0.30177514792899407,0.9272727272727272,0.4847161572052402,0.45535714285714285,0.7059944422389837,222,236,8,102
0.06786859844710479,0.5721830985915493,0.3026706231454006,0.9272727272727272,0.4868995633187773,0.4563758389261745,0.7070861452957523,223,235,8,102
0.06831798363481667,0.573943661971831,0.30357142857142855,0.9272727272727272,0.4890829694323144,0.45739910313901344,0.7081778483525208,224,234,8,102
0.06853309288682288,0.5757042253521126,0.3044776119402985,0.9272727272727272,0.4912663755458515,0.4584269662921348,0.7092695514092894,225,233,8,102
0.06910870351647959,0.5774647887323944,0.30538922155688625,0.9272727272727272,0.49344978165938863,0.4594594594594595,0.7103612544660579,226,232,8,102
0.06961756998701024,0.579225352112676,0.3063063063063063,0.9272727272727272,0.49563318777292575,0.4604966139954853,0.7114529575228266,227,231,8,102
0.07063875832390426,0.5809859154929577,0.3072289156626506,0.9272727272727272,0.4978165938864629,0.46153846153846156,0.7125446605795951,228,230,8,102
0.07093633426748916,0.5827464788732394,0.3081570996978852,0.9272727272727272,0.5,0.46258503401360546,0.7136363636363636,229,229,8,102
0.07115080793133187,0.5845070422535211,0.3090909090909091,0.9272727272727272,0.5021834061135371,0.4636363636363636,0.7147280666931322,230,228,8,102
0.07117831239328393,0.5862676056338029,0.3100303951367781,0.9272727272727272,0.5043668122270742,0.4646924829157175,0.7158197697499007,231,227,8,102
0.07165981525760975,0.5880281690140845,0.31097560975609756,0.9272727272727272,0.5065502183406113,0.4657534246575342,0.7169114728066692,232,226,8,102
0.07196727410920226,0.5897887323943662,0.3119266055045872,0.9272727272727272,0.5087336244541485,0.4668192219679634,0.7180031758634379,233,225,8,102
0.07232741480267478,0.5915492957746479,0.3128834355828221,0.9272727272727272,0.5109170305676856,0.46788990825688076,0.7190948789202064,234,224,8,102
0.07457419722478652,0.5933098591549296,0.31384615384615383,0.9272727272727272,0.5131004366812227,0.4689655172413793,0.720186581976975,235,223,8,102
0.07485878140106932,0.5950704225352113,0.3148148148148148,0.9272727272727272,0.5152838427947598,0.4700460829493088,0.7212782850337436,236,222,8,102
0.07505319024017676,0.596830985915493,0.3157894736842105,0.9272727272727272,0.517467248908297,0.47113163972286376,0.7223699880905121,237,221,8,102
0.07558193865152818,0.5985915492957746,0.3167701863354037,0.9272727272727272,0.519650655021834,0.4722222222222222,0.7234616911472806,238,220,8,102
0.0774391500584285,0.6003521126760564,0.3177570093457944,0.9272727272727272,0.5218340611353712,0.4733178654292343,0.7245533942040492,239,219,8,102
0.07769623945775889,0.602112676056338,0.31875,0.9272727272727272,0.5240174672489083,0.4744186046511628,0.7256450972608177,240,218,8,102
0.07820595171704497,0.6038732394366197,0.31974921630094044,0.9272727272727272,0.5262008733624454,0.4755244755244755,0.7267368003175863,241,217,8,102
0.07956993860399318,0.6056338028169014,0.32075471698113206,0.9272727272727272,0.5283842794759825,0.4766355140186916,0.7278285033743549,242,216,8,102
0.08201286317890814,0.6038732394366197,0.3186119873817035,0.9181818181818182,0.5283842794759825,0.47306791569086654,0.7232830488289004,242,216,9,101
0.08252736201285242,0.6056338028169014,0.31962025316455694,0.9181818181818182,0.5305676855895196,0.47417840375586856,0.7243747518856689,243,215,9,101
0.08262105461146756,0.6073943661971831,0.32063492063492066,0.9181818181818182,0.5327510917030568,0.4752941176470588,0.7254664549424374,244,214,9,101
0.0830641820552447,0.6091549295774648,0.321656050955414,0.9181818181818182,0.5349344978165939,0.47641509433962265,0.726558157999206,245,213,9,101
0.0838427719045757,0.6109154929577465,0.3226837060702875,0.9181818181818182,0.537117903930131,0.47754137115839246,0.7276498610559746,246,212,9,101
0.08415755457326853,0.6126760563380281,0.32371794871794873,0.9181818181818182,0.5393013100436681,0.4786729857819905,0.7287415641127432,247,211,9,101
0.08501523940441222,0.6144366197183099,0.3247588424437299,0.9181818181818182,0.5414847161572053,0.47980997624703087,0.7298332671695118,248,210,9,101
0.08577785341456955,0.6161971830985915,0.3258064516129032,0.9181818181818182,0.5436681222707423,0.48095238095238096,0.7309249702262803,249,209,9,101
0.08617700977091727,0.6179577464788732,0.3268608414239482,0.9181818181818182,0.5458515283842795,0.4821002386634845,0.7320166732830489,250,208,9,101
0.0862659696028239,0.6197183098591549,0.32792207792207795,0.9181818181818182,0.5480349344978166,0.48325358851674644,0.7331083763398174,251,207,9,101
0.08665316053904416,0.6214788732394366,0.3289902280130293,0.9181818181818182,0.5502183406113537,0.4844124700239808,0.7342000793965859,252,206,9,101
0.08771261876986916,0.6232394366197183,0.3300653594771242,0.9181818181818182,0.5524017467248908,0.4855769230769231,0.7352917824533545,253,205,9,101
0.08781792659013778,0.625,0.33114754098360655,0.9181818181818182,0.5545851528384279,0.4867469879518072,0.736383485510123,254,204,9,101
0.08853073987994466,0.6267605633802817,0.33223684210526316,0.9181818181818182,0.5567685589519651,0.48792270531400966,0.7374751885668916,255,203,9,101
0.08888529154690518,0.6285211267605634,0.3333333333333333,0.9181818181818182,0.5589519650655022,0.4891041162227603,0.7385668916236602,256,202,9,101
0.09175623247640753,0.6302816901408451,0.3344370860927152,0.9181818181818182,0.5611353711790393,0.49029126213592233,0.7396585946804288,257,201,9,101
0.09182130636708094,0.6320422535211268,0.33554817275747506,0.9181818181818182,0.5633187772925764,0.49148418491484186,0.7407502977371974,258,200,9,101
0.09208710183658003,0.6338028169014085,0.33666666666666667,0.9181818181818182,0.5655021834061136,0.4926829268292683,0.7418420007939659,259,199,9,101
0.09223334864333411,0.6355633802816901,0.3377926421404682,0.9181818181818182,0.5676855895196506,0.4938875305623472,0.7429337038507344,260,198,9,101
0.09271372320261435,0.6373239436619719,0.3389261744966443,0.9181818181818182,0.5698689956331878,0.4950980392156863,0.744025406907503,261,197,9,101
0.09303039770571034,0.6390845070422535,0.3400673400673401,0.9181818181818182,0.5720524017467249,0.4963144963144963,0.7451171099642715,262,196,9,101
0.09372017823456337,0.6408450704225352,0.34121621621621623,0.9181818181818182,0.574235807860262,0.4975369458128079,0.74620881302104,263,195,9,101
0.09450359556395119,0.6426056338028169,0.3423728813559322,0.9181818181818182,0.5764192139737991,0.49876543209876545,0.7473005160778087,264,194,9,101
0.09619177501980498,0.6443661971830986,0.3435374149659864,0.9181818181818182,0.5786026200873362,0.5,0.7483922191345772,265,193,9,101
0.09626198526625279,0.6461267605633803,0.3447098976109215,0.9181818181818182,0.5807860262008734,0.5012406947890818,0.7494839221913459,266,192,9,101
0.09663439942464422,0.647887323943662,0.3458904109589041,0.9181818181818182,0.5829694323144105,0.5024875621890548,0.7505756252481144,267,191,9,101
0.09714580186336509,0.6496478873239436,0.3470790378006873,0.9181818181818182,0.5851528384279476,0.5037406483790524,0.7516673283048829,268,190,9,101
0.09717085544247657,0.6514084507042254,0.3482758620689655,0.9181818181818182,0.5873362445414847,0.505,0.7527590313616515,269,189,9,101
0.09835248687633988,0.653169014084507,0.3494809688581315,0.9181818181818182,0.5895196506550219,0.506265664160401,0.75385073441842,270,188,9,101
0.09978663468725235,0.6549295774647887,0.3506944444444444,0.9181818181818182,0.5917030567685589,0.507537688442211,0.7549424374751885,271,187,9,101
0.09990060431925808,0.6566901408450704,0.3519163763066202,0.9181818181818182,0.5938864628820961,0.5088161209068011,0.7560341405319572,272,186,9,101
0.100104097738723,0.6584507042253521,0.3531468531468531,0.9181818181818182,0.5960698689956332,0.51010101010101,0.7571258435887257,273,185,9,101
0.10025216565133334,0.6602112676056338,0.3543859649122807,0.9181818181818182,0.5982532751091703,0.5113924050632911,0.7582175466454942,274,184,9,101
0.10060571010021907,0.6619718309859155,0.35563380281690143,0.9181818181818182,0.6004366812227074,0.5126903553299492,0.7593092497022629,275,183,9,101
0.10078764436841402,0.6637323943661971,0.3568904593639576,0.9181818181818182,0.6026200873362445,0.5139949109414759,0.7604009527590314,276,182,9,101
0.10114493030406042,0.6654929577464789,0.35815602836879434,0.9181818181818182,0.6048034934497817,0.5153061224489796,0.7614926558158,277,181,9,101
0.10303889373284096,0.6672535211267606,0.3594306049822064,0.9181818181818182,0.6069868995633187,0.5166240409207161,0.7625843588725685,278,180,9,101
0.10503895185971796,0.6690140845070423,0.3607142857142857,0.9181818181818182,0.6091703056768559,0.517948717948718,0.763676061929337,279,179,9,101
0.10596250108993727,0.670774647887324,0.36200716845878134,0.9181818181818182,0.611353711790393,0.519280205655527,0.7647677649861055,280,178,9,101
0.10667015936554612,0.6725352112676056,0.36330935251798563,0.9181818181818182,0.6135371179039302,0.520618556701031,0.7658594680428742,281,177,9,101
0.10708349414318297,0.6742957746478874,0.36462093862815886,0.9181818181818182,0.6157205240174672,0.5219638242894057,0.7669511710996427,282,176,9,101
0.1101817678426858,0.676056338028169,0.36594202898550726,0.9181818181818182,0.6179039301310044,0.5233160621761658,0.7680428741564114,283,175,9,101
0.1102576482521066,0.6778169014084507,0.36727272727272725,0.9181818181818182,0.6200873362445415,0.5246753246753246,0.7691345772131799,284,174,9,101
0.11124186976264429,0.6795774647887324,0.3686131386861314,0.9181818181818182,0.6222707423580786,0.5260416666666666,0.7702262802699484,285,173,9,101
0.11235910341971488,0.6813380281690141,0.36996336996337,0.9181818181818182,0.6244541484716157,0.5274151436031331,0.771317983326717,286,172,9,101
0.11523704265930053,0.6795774647887324,0.36764705882352944,0.9090909090909091,0.6244541484716157,0.5235602094240838,0.7667725287812623,286,172,10,100
0.11529922859452389,0.6813380281690141,0.36900369003690037,0.9090909090909091,0.6266375545851528,0.5249343832020997,0.7678642318380309,287,171,10,100
0.11579789530196152,0.6830985915492958,0.37037037037037035,0.9090909090909091,0.62882096069869,0.5263157894736842,0.7689559348947995,288,170,10,100
0.11700221806734729,0.6848591549295775,0.37174721189591076,0.9090909090909091,0.631004366812227,0.5277044854881267,0.770047637951568,289,169,10,100
0.11765655652755973,0.6866197183098591,0.373134328358209,0.9090909090909091,0.6331877729257642,0.5291005291005291,0.7711393410083367,290,168,10,100
0.11953188787617734,0.6848591549295775,0.3707865168539326,0.9,0.6331877729257642,0.5251989389920424,0.7665938864628821,290,168,11,99
0.12065028880691649,0.6866197183098591,0.37218045112781956,0.9,0.6353711790393013,0.526595744680851,0.7676855895196506,291,167,11,99
0.12095317639410569,0.6883802816901409,0.37358490566037733,0.9,0.6375545851528385,0.528,0.7687772925764192,292,166,11,99
0.12182029012592141,0.6901408450704225,0.375,0.9,0.6397379912663755,0.5294117647058824,0.7698689956331878,293,165,11,99
0.12195118718462897,0.6919014084507042,0.376425855513308,0.9,0.6419213973799127,0.5308310991957105,0.7709606986899564,294,164,11,99
0.12249082736743312,0.6936619718309859,0.37786259541984735,0.9,0.6441048034934498,0.532258064516129,0.772052401746725,295,163,11,99
0.1227113530098991,0.6954225352112676,0.3793103448275862,0.9,0.6462882096069869,0.5336927223719676,0.7731441048034935,296,162,11,99
0.12281973971506825,0.6971830985915493,0.38076923076923075,0.9,0.648471615720524,0.5351351351351351,0.774235807860262,297,161,11,99
0.1280913117125042,0.698943661971831,0.38223938223938225,0.9,0.6506550218340611,0.5365853658536586,0.7753275109170306,298,160,11,99
0.12835266800814418,0.7007042253521126,0.38372093023255816,0.9,0.6528384279475983,0.5380434782608695,0.7764192139737991,299,159,11,99
0.12872236172827622,0.7024647887323944,0.3852140077821012,0.9,0.6550218340611353,0.5395095367847411,0.7775109170305676,300,158,11,99
0.1291542856343668,0.704225352112676,0.38671875,0.9,0.6572052401746725,0.5409836065573771,0.7786026200873363,301,157,11,99
0.12979889685369866,0.7059859154929577,0.38823529411764707,0.9,0.6593886462882096,0.5424657534246575,0.7796943231441048,302,156,11,99
0.12988798730596082,0.7077464788732394,0.38976377952755903,0.9,0.6615720524017468,0.5439560439560439,0.7807860262008735,303,155,11,99
0.13313345495299492,0.7095070422535211,0.391304347826087,0.9,0.6637554585152838,0.5454545454545454,0.781877729257642,304,154,11,99
0.13405009172164367,0.7112676056338029,0.39285714285714285,0.9,0.665938864628821,0.5469613259668509,0.7829694323144105,305,153,11,99
0.13451761125918554,0.7130281690140845,0.3944223107569721,0.9,0.6681222707423581,0.5484764542936288,0.784061135371179,306,152,11,99
0.13483988381378934,0.7147887323943662,0.396,0.9,0.6703056768558951,0.55,0.7851528384279476,307,151,11,99
0.13585530099211574,0.7165492957746479,0.39759036144578314,0.9,0.6724890829694323,0.5515320334261838,0.7862445414847161,308,150,11,99
0.13672910210038286,0.7183098591549296,0.39919354838709675,0.9,0.6746724890829694,0.553072625698324,0.7873362445414847,309,149,11,99
0.13673151841055925,0.7200704225352113,0.4008097165991903,0.9,0.6768558951965066,0.5546218487394958,0.7884279475982533,310,148,11,99
0.13768413273842994,0.721830985915493,0.4024390243902439,0.9,0.6790393013100436,0.5561797752808989,0.7895196506550218,311,147,11,99
0.13937592304502647,0.7235915492957746,0.40408163265306124,0.9,0.6812227074235808,0.5577464788732395,0.7906113537117905,312,146,11,99
0.1409516980142432,0.7253521126760564,0.4057377049180328,0.9,0.6834061135371179,0.559322033898305,0.791703056768559,313,145,11,99
0.1419315477948564,0.727112676056338,0.4074074074074074,0.9,0.6855895196506551,0.5609065155807366,0.7927947598253275,314,144,11,99
0.14310730274858743,0.7288732394366197,0.4090909090909091,0.9,0.6877729257641921,0.5625,0.7938864628820961,315,143,11,99
0.14395761559758508,0.7306338028169014,0.4107883817427386,0.9,0.6899563318777293,0.5641025641025641,0.7949781659388646,316,142,11,99
0.1442481138647896,0.7323943661971831,0.4125,0.9,0.6921397379912664,0.5657142857142857,0.7960698689956331,317,141,11,99
0.14472073687748332,0.7341549295774648,0.41422594142259417,0.9,0.6943231441048034,0.5673352435530086,0.7971615720524017,318,140,11,99
0.15152616948036288,0.7359154929577465,0.41596638655462187,0.9,0.6965065502183406,0.5689655172413793,0.7982532751091703,319,139,11,99
0.15391448834367935,0.7376760563380281,0.4177215189873418,0.9,0.6986899563318777,0.5706051873198847,0.7993449781659389,320,138,11,99
0.160302279521932,0.7394366197183099,0.4194915254237288,0.9,0.7008733624454149,0.5722543352601156,0.8004366812227075,321,137,11,99
0.1635579820936881,0.7411971830985915,0.42127659574468085,0.9,0.7030567685589519,0.5739130434782609,0.801528384279476,322,136,11,99
0.16442161456136187,0.7429577464788732,0.4230769230769231,0.9,0.7052401746724891,0.5755813953488372,0.8026200873362446,323,135,11,99
0.1661685401035472,0.7447183098591549,0.4248927038626609,0.9,0.7074235807860262,0.577259475218659,0.8037117903930131,324,134,11,99
0.16679700711265366,0.7464788732394366,0.4267241379310345,0.9,0.7096069868995634,0.5789473684210527,0.8048034934497816,325,133,11,99
0.16790279661801627,0.7482394366197183,0.42857142857142855,0.9,0.7117903930131004,0.5806451612903226,0.8058951965065502,326,132,11,99
0.16817928296926926,0.75,0.43043478260869567,0.9,0.7139737991266376,0.5823529411764706,0.8069868995633188,327,131,11,99
0.17045017392149425,0.7517605633802817,0.43231441048034935,0.9,0.7161572052401747,0.584070796460177,0.8080786026200873,328,130,11,99
0.17059067116392307,0.7535211267605634,0.4342105263157895,0.9,0.7183406113537117,0.5857988165680473,0.8091703056768559,329,129,11,99
0.17143513721550152,0.7552816901408451,0.43612334801762115,0.9,0.7205240174672489,0.5875370919881305,0.8102620087336245,330,128,11,99
0.17381170971289084,0.7570422535211268,0.43805309734513276,0.9,0.722707423580786,0.5892857142857143,0.8113537117903931,331,127,11,99
0.17471657567364662,0.7588028169014085,0.44,0.9,0.7248908296943232,0.591044776119403,0.8124454148471616,332,126,11,99
0.17473190137230263,0.7605633802816901,0.4419642857142857,0.9,0.7270742358078602,0.592814371257485,0.8135371179039301,333,125,11,99
0.17493358611943804,0.7623239436619719,0.4439461883408072,0.9,0.7292576419213974,0.5945945945945946,0.8146288209606987,334,124,11,99
0.17796273157814735,0.7640845070422535,0.44594594594594594,0.9,0.7314410480349345,0.5963855421686747,0.8157205240174672,335,123,11,99
0.18008061598297337,0.7658450704225352,0.4479638009049774,0.9,0.7336244541484717,0.5981873111782477,0.8168122270742358,336,122,11,99
0.18101824362058117,0.7676056338028169,0.45,0.9,0.7358078602620087,0.6,0.8179039301310044,337,121,11,99
0.1866157365587093,0.7693661971830986,0.4520547945205479,0.9,0.7379912663755459,0.601823708206687,0.818995633187773,338,120,11,99
0.18666379778755696,0.7711267605633803,0.4541284403669725,0.9,0.740174672489083,0.6036585365853658,0.8200873362445416,339,119,11,99
0.19208187450905134,0.772887323943662,0.45622119815668205,0.9,0.74235807860262,0.6055045871559633,0.8211790393013101,340,118,11,99
0.19225345646277395,0.7746478873239436,0.4583333333333333,0.9,0.7445414847161572,0.6073619631901841,0.8222707423580786,341,117,11,99
0.19323858109528366,0.772887323943662,0.4558139534883721,0.8909090909090909,0.7445414847161572,0.6030769230769231,0.817725287812624,341,117,12,98
0.1941765021704246,0.7746478873239436,0.45794392523364486,0.8909090909090909,0.7467248908296943,0.6049382716049383,0.8188169908693925,342,116,12,98
0.2014017928989449,0.7764084507042254,0.460093896713615,0.8909090909090909,0.7489082969432315,0.6068111455108359,0.8199086939261612,343,115,12,98
0.20286091212601315,0.778169014084507,0.46226415094339623,0.8909090909090909,0.7510917030567685,0.6086956521739131,0.8210003969829297,344,114,12,98
0.20551590480905152,0.7799295774647887,0.46445497630331756,0.8909090909090909,0.7532751091703057,0.6105919003115264,0.8220921000396983,345,113,12,98
0.20850292640550783,0.7816901408450704,0.4666666666666667,0.8909090909090909,0.7554585152838428,0.6125,0.8231838030964669,346,112,12,98
0.20996685624837616,0.7834507042253521,0.4688995215311005,0.8909090909090909,0.75764192139738,0.6144200626959248,0.8242755061532354,347,111,12,98
0.21126666127287277,0.7852112676056338,0.47115384615384615,0.8909090909090909,0.759825327510917,0.6163522012578616,0.825367209210004,348,110,12,98
0.21750600257248384,0.7869718309859155,0.47342995169082125,0.8909090909090909,0.7620087336244541,0.6182965299684543,0.8264589122667725,349,109,12,98
0.21799229653849017,0.7887323943661971,0.47572815533980584,0.8909090909090909,0.7641921397379913,0.620253164556962,0.827550615323541,350,108,12,98
0.21808600774001285,0.7904929577464789,0.47804878048780486,0.8909090909090909,0.7663755458515283,0.6222222222222222,0.8286423183803096,351,107,12,98
0.21898926584853168,0.7922535211267606,0.4803921568627451,0.8909090909090909,0.7685589519650655,0.6242038216560509,0.8297340214370782,352,106,12,98
0.22138197153498002,0.7904929577464789,0.47783251231527096,0.8818181818181818,0.7685589519650655,0.6198083067092651,0.8251885668916237,352,106,13,97
0.22164021165558637,0.7922535211267606,0.4801980198019802,0.8818181818181818,0.7707423580786026,0.6217948717948718,0.8262802699483922,353,105,13,97
0.22184404432406346,0.7940140845070423,0.48258706467661694,0.8818181818181818,0.7729257641921398,0.6237942122186495,0.8273719730051607,354,104,13,97
0.22366518531618163,0.795774647887324,0.485,0.8818181818181818,0.7751091703056768,0.6258064516129033,0.8284636760619293,355,103,13,97
0.2269444059588165,0.7940140845070423,0.4824120603015075,0.8727272727272727,0.7751091703056768,0.6213592233009708,0.8239182215164748,355,103,14,96
0.2343527015703469,0.795774647887324,0.48484848484848486,0.8727272727272727,0.777292576419214,0.6233766233766234,0.8250099245732434,356,102,14,96
0.2386659713888091,0.7975352112676056,0.4873096446700508,0.8727272727272727,0.7794759825327511,0.6254071661237784,0.8261016276300119,357,101,14,96
0.24207277002350375,0.795774647887324,0.4846938775510204,0.8636363636363636,0.7794759825327511,0.6209150326797386,0.8215561730845573,357,101,15,95
0.24438560880313734,0.7975352112676056,0.48717948717948717,0.8636363636363636,0.7816593886462883,0.6229508196721312,0.822647876141326,358,100,15,95
0.24668147622234796,0.7992957746478874,0.4896907216494845,0.8636363636363636,0.7838427947598253,0.625,0.8237395791980945,359,99,15,95
0.2505382031545735,0.801056338028169,0.49222797927461137,0.8636363636363636,0.7860262008733624,0.6270627062706271,0.824831282254863,360,98,15,95
0.2505883634709037,0.8028169014084507,0.4947916666666667,0.8636363636363636,0.7882096069868996,0.6291390728476821,0.8259229853116317,361,97,15,95
0.2528813655172226,0.8045774647887324,0.4973821989528796,0.8636363636363636,0.7903930131004366,0.6312292358803987,0.8270146883684002,362,96,15,95
0.2537853122445507,0.8028169014084507,0.49473684210526314,0.8545454545454545,0.7903930131004366,0.6266666666666667,0.8224692338229456,362,96,16,94
0.2549136964038498,0.8045774647887324,0.4973544973544973,0.8545454545454545,0.7925764192139738,0.6287625418060201,0.8235609368797141,363,95,16,94
0.25695948355672293,0.8063380281690141,0.5,0.8545454545454545,0.7947598253275109,0.6308724832214765,0.8246526399364826,364,94,16,94
0.2589796987541258,0.8045774647887324,0.49732620320855614,0.8454545454545455,0.7947598253275109,0.6262626262626263,0.8201071853910282,364,94,17,93
0.259107340868116,0.8063380281690141,0.5,0.8454545454545455,0.7969432314410481,0.6283783783783784,0.8211988884477968,365,93,17,93
0.26130990759234607,0.8080985915492958,0.5027027027027027,0.8454545454545455,0.7991266375545851,0.6305084745762712,0.8222905915045653,366,92,17,93
0.2622238132736352,0.8098591549295775,0.5054347826086957,0.8454545454545455,0.8013100436681223,0.6326530612244898,0.8233822945613338,367,91,17,93
0.26571323820859916,0.8116197183098591,0.5081967213114754,0.8454545454545455,0.8034934497816594,0.6348122866894198,0.8244739976181024,368,90,17,93
0.2665585911644307,0.8133802816901409,0.510989010989011,0.8454545454545455,0.8056768558951966,0.636986301369863,0.825565700674871,369,89,17,93
0.2667508878173492,0.8151408450704225,0.5138121546961326,0.8454545454545455,0.8078602620087336,0.6391752577319587,0.8266574037316395,370,88,17,93
0.26780836999402136,0.8169014084507042,0.5166666666666667,0.8454545454545455,0.8100436681222707,0.6413793103448275,0.8277491067884081,371,87,17,93
0.2705042126983496,0.8186619718309859,0.5195530726256983,0.8454545454545455,0.8122270742358079,0.643598615916955,0.8288408098451767,372,86,17,93
0.2754641957920622,0.8204225352112676,0.5224719101123596,0.8454545454545455,0.8144104803493449,0.6458333333333334,0.8299325129019453,373,85,17,93
0.29024672991614536,0.8221830985915493,0.5254237288135594,0.8454545454545455,0.8165938864628821,0.6480836236933798,0.8310242159587138,374,84,17,93
0.2936607920923757,0.823943661971831,0.5284090909090909,0.8454545454545455,0.8187772925764192,0.6503496503496503,0.8321159190154823,375,83,17,93
0.2968903431745218,0.8257042253521126,0.5314285714285715,0.8454545454545455,0.8209606986899564,0.6526315789473685,0.8332076220722509,376,82,17,93
0.30383737856918597,0.8274647887323944,0.5344827586206896,0.8454545454545455,0.8231441048034934,0.6549295774647887,0.8342993251290194,377,81,17,93
0.30417330841167417,0.829225352112676,0.5375722543352601,0.8454545454545455,0.8253275109170306,0.657243816254417,0.835391028185788,378,80,17,93
0.3083251182298995,0.8309859154929577,0.5406976744186046,0.8454545454545455,0.8275109170305677,0.6595744680851063,0.8364827312425566,379,79,17,93
0.3090168940581782,0.8327464788732394,0.543859649122807,0.8454545454545455,0.8296943231441049,0.6619217081850534,0.8375744342993252,380,78,17,93
0.3111015300453537,0.8345070422535211,0.5470588235294118,0.8454545454545455,0.8318777292576419,0.6642857142857143,0.8386661373560937,381,77,17,93
0.3114906304074983,0.8327464788732394,0.5443786982248521,0.8363636363636363,0.8318777292576419,0.6594982078853047,0.8341206828106391,381,77,18,92
0.31628566676526254,0.8345070422535211,0.5476190476190477,0.8363636363636363,0.834061135371179,0.6618705035971223,0.8352123858674076,382,76,18,92
0.3198554154408553,0.8362676056338029,0.5508982035928144,0.8363636363636363,0.8362445414847162,0.6642599277978339,0.8363040889241762,383,75,18,92
0.3216858643388915,0.8380281690140845,0.5542168674698795,0.8363636363636363,0.8384279475982532,0.6666666666666666,0.8373957919809447,384,74,18,92
0.3225072793582996,0.8362676056338029,0.5515151515151515,0.8272727272727273,0.8384279475982532,0.6618181818181819,0.8328503374354903,384,74,19,91
0.3268448560273656,0.8380281690140845,0.5548780487804879,0.8272727272727273,0.8406113537117904,0.6642335766423357,0.8339420404922588,385,73,19,91
0.3274698297390677,0.8397887323943662,0.558282208588957,0.8272727272727273,0.8427947598253275,0.6666666666666666,0.8350337435490274,386,72,19,91
0.3282038790422676,0.8415492957746479,0.5617283950617284,0.8272727272727273,0.8449781659388647,0.6691176470588235,0.8361254466057959,387,71,19,91
0.3298473824370061,0.8433098591549296,0.5652173913043478,0.8272727272727273,0.8471615720524017,0.6715867158671587,0.8372171496625644,388,70,19,91
0.33519659358237575,0.8450704225352113,0.56875,0.8272727272727273,0.8493449781659389,0.674074074074074,0.8383088527193331,389,69,19,91
0.33686748136296585,0.846830985915493,0.5723270440251572,0.8272727272727273,0.851528384279476,0.6765799256505576,0.8394005557761016,390,68,19,91
0.3388396141395485,0.8485915492957746,0.5759493670886076,0.8272727272727273,0.8537117903930131,0.6791044776119403,0.8404922588328703,391,67,19,91
0.3420003085148697,0.8503521126760564,0.5796178343949044,0.8272727272727273,0.8558951965065502,0.6816479400749064,0.8415839618896388,392,66,19,91
0.342256605356014,0.8485915492957746,0.5769230769230769,0.8181818181818182,0.8558951965065502,0.6766917293233082,0.8370385073441842,392,66,20,90
0.345657645043049,0.846830985915493,0.5741935483870968,0.8090909090909091,0.8558951965065502,0.6716981132075471,0.8324930527987296,392,66,21,89
0.3468888917567145,0.8485915492957746,0.577922077922078,0.8090909090909091,0.8580786026200873,0.6742424242424242,0.8335847558554982,393,65,21,89
0.347211062767873,0.8503521126760564,0.5816993464052288,0.8090909090909091,0.8602620087336245,0.6768060836501901,0.8346764589122668,394,64,21,89
0.3525513246172012,0.852112676056338,0.5855263157894737,0.8090909090909091,0.8624454148471615,0.6793893129770993,0.8357681619690354,395,63,21,89
0.35428285338754395,0.8538732394366197,0.5894039735099338,0.8090909090909091,0.8646288209606987,0.6819923371647509,0.8368598650258039,396,62,21,89
0.36198013204110224,0.8556338028169014,0.5933333333333334,0.8090909090909091,0.8668122270742358,0.6846153846153846,0.8379515680825724,397,61,21,89
0.36539400903356634,0.8573943661971831,0.5973154362416108,0.8090909090909091,0.868995633187773,0.6872586872586872,0.839043271139341,398,60,21,89
0.373043125965547,0.8556338028169014,0.5945945945945946,0.8,0.868995633187773,0.6821705426356589,0.8344978165938866,398,60,22,88
0.3740728775091504,0.8573943661971831,0.5986394557823129,0.8,0.87117903930131,0.6848249027237354,0.8355895196506551,399,59,22,88
0.37721352390578683,0.8591549295774648,0.6027397260273972,0.8,0.8733624454148472,0.6875,0.8366812227074236,400,58,22,88
0.38293319031003,0.8609154929577465,0.6068965517241379,0.8,0.8755458515283843,0.6901960784313725,0.8377729257641922,401,57,22,88
0.3835788366548568,0.8626760563380281,0.6111111111111112,0.8,0.8777292576419214,0.6929133858267716,0.8388646288209607,402,56,22,88
0.39362498390859313,0.8644366197183099,0.6153846153846154,0.8,0.8799126637554585,0.6956521739130435,0.8399563318777292,403,55,22,88
0.3974544457576274,0.8661971830985915,0.6197183098591549,0.8,0.8820960698689956,0.6984126984126984,0.8410480349344978,404,54,22,88
0.39978830294359685,0.8679577464788732,0.624113475177305,0.8,0.8842794759825328,0.701195219123506,0.8421397379912664,405,53,22,88
0.4012039170287678,0.8697183098591549,0.6285714285714286,0.8,0.8864628820960698,0.704,0.8432314410480349,406,52,22,88
0.4046966890820265,0.8714788732394366,0.6330935251798561,0.8,0.888646288209607,0.7068273092369478,0.8443231441048036,407,51,22,88
0.41127234854654293,0.8697183098591549,0.6304347826086957,0.7909090909090909,0.888646288209607,0.7016129032258065,0.839777689559349,407,51,23,87
0.4130935959535751,0.8679577464788732,0.6277372262773723,0.7818181818181819,0.888646288209607,0.6963562753036437,0.8352322350138944,407,51,24,86
0.41459957146363113,0.8697183098591549,0.6323529411764706,0.7818181818181819,0.8908296943231441,0.6991869918699187,0.836323938070663,408,50,24,86
0.41910192886329656,0.8714788732394366,0.6370370370370371,0.7818181818181819,0.8930131004366813,0.7020408163265306,0.8374156411274316,409,49,24,86
0.42559785444398424,0.8732394366197183,0.6417910447761194,0.7818181818181819,0.8951965065502183,0.7049180327868853,0.8385073441842001,410,48,24,86
0.4323777363872061,0.875,0.6466165413533834,0.7818181818181819,0.8973799126637555,0.7078189300411523,0.8395990472409687,411,47,24,86
0.4337691613341912,0.8767605633802817,0.6515151515151515,0.7818181818181819,0.8995633187772926,0.7107438016528925,0.8406907502977372,412,46,24,86
0.4363825419761234,0.8785211267605634,0.6564885496183206,0.7818181818181819,0.9017467248908297,0.7136929460580913,0.8417824533545057,413,45,24,86
0.4573071042277949,0.8802816901408451,0.6615384615384615,0.7818181818181819,0.9039301310043668,0.7166666666666667,0.8428741564112743,414,44,24,86
0.4765931696678699,0.8820422535211268,0.6666666666666666,0.7818181818181819,0.9061135371179039,0.7196652719665272,0.8439658594680428,415,43,24,86
0.47685567800341605,0.8838028169014085,0.671875,0.7818181818181819,0.9082969432314411,0.7226890756302521,0.8450575625248115,416,42,24,86
0.479724975016408,0.8855633802816901,0.6771653543307087,0.7818181818181819,0.9104803493449781,0.7257383966244726,0.84614926558158,417,41,24,86
0.5021652366774416,0.8873239436619719,0.6825396825396826,0.7818181818181819,0.9126637554585153,0.7288135593220338,0.8472409686383486,418,40,24,86
0.5120129606921204,0.8890845070422535,0.688,0.7818181818181819,0.9148471615720524,0.7319148936170212,0.8483326716951172,419,39,24,86
0.521419932820962,0.8908450704225352,0.6935483870967742,0.7818181818181819,0.9170305676855895,0.7350427350427351,0.8494243747518857,420,38,24,86
0.5302156237752227,0.8926056338028169,0.6991869918699187,0.7818181818181819,0.9192139737991266,0.7381974248927039,0.8505160778086542,421,37,24,86
0.5314143527073092,0.8943661971830986,0.7049180327868853,0.7818181818181819,0.9213973799126638,0.7413793103448276,0.8516077808654228,422,36,24,86
0.5322118882289805,0.8926056338028169,0.7024793388429752,0.7727272727272727,0.9213973799126638,0.7359307359307359,0.8470623263199683,422,36,25,85
0.540346988975055,0.8943661971830986,0.7083333333333334,0.7727272727272727,0.9235807860262009,0.7391304347826086,0.8481540293767368,423,35,25,85
0.5477746076246401,0.8961267605633803,0.7142857142857143,0.7727272727272727,0.925764192139738,0.74235807860262,0.8492457324335054,424,34,25,85
0.5498023941851133,0.897887323943662,0.7203389830508474,0.7727272727272727,0.9279475982532751,0.7456140350877193,0.850337435490274,425,33,25,85
0.5532194115302482,0.8961267605633803,0.717948717948718,0.7636363636363637,0.9279475982532751,0.7400881057268722,0.8457919809448193,425,33,26,84
0.5546672500454212,0.897887323943662,0.7241379310344828,0.7636363636363637,0.9301310043668122,0.7433628318584071,0.8468836840015879,426,32,26,84
0.6082289345554935,0.8996478873239436,0.7304347826086957,0.7636363636363637,0.9323144104803494,0.7466666666666667,0.8479753870583565,427,31,26,84
0.6193320852449923,0.897887323943662,0.7280701754385965,0.7545454545454545,0.9323144104803494,0.7410714285714286,0.843429932512902,427,31,27,83
0.6204594178339964,0.8996478873239436,0.7345132743362832,0.7545454545454545,0.9344978165938864,0.7443946188340808,0.8445216355696705,428,30,27,83
0.6225150897896541,0.897887323943662,0.7321428571428571,0.7454545454545455,0.9344978165938864,0.7387387387387387,0.8399761810242159,428,30,28,82
0.6276080937919841,0.8961267605633803,0.7297297297297297,0.7363636363636363,0.9344978165938864,0.7330316742081447,0.8354307264787614,428,30,29,81
0.6400833521990285,0.8943661971830986,0.7272727272727273,0.7272727272727273,0.9344978165938864,0.7272727272727273,0.8308852719333069,428,30,30,80
0.644186108499626,0.8961267605633803,0.7339449541284404,0.7272727272727273,0.9366812227074236,0.730593607305936,0.8319769749900754,429,29,30,80
0.6506281747453704,0.8943661971830986,0.7314814814814815,0.7181818181818181,0.9366812227074236,0.7247706422018348,0.8274315204446209,429,29,31,79
0.65695844023943,0.8961267605633803,0.7383177570093458,0.7181818181818181,0.9388646288209607,0.728110599078341,0.8285232235013894,430,28,31,79
0.6583058558068601,0.897887323943662,0.7452830188679245,0.7181818181818181,0.9410480349344978,0.7314814814814815,0.829614926558158,431,27,31,79
0.6628456054469122,0.8961267605633803,0.7428571428571429,0.7090909090909091,0.9410480349344978,0.7255813953488373,0.8250694720127034,431,27,32,78
0.6882206372213804,0.8943661971830986,0.7403846153846154,0.7,0.9410480349344978,0.719626168224299,0.8205240174672489,431,27,33,77
0.6886584500525512,0.8961267605633803,0.7475728155339806,0.7,0.9432314410480349,0.7230046948356808,0.8216157205240174,432,26,33,77
0.6888449702424932,0.8943661971830986,0.7450980392156863,0.6909090909090909,0.9432314410480349,0.7169811320754716,0.8170702659785629,432,26,34,76
0.6930471222655962,0.8961267605633803,0.7524752475247525,0.6909090909090909,0.9454148471615721,0.7203791469194313,0.8181619690353314,433,25,34,76
0.7043963170885322,0.897887323943662,0.76,0.6909090909090909,0.9475982532751092,0.7238095238095238,0.8192536720921,434,24,34,76
0.7074002546376689,0.8961267605633803,0.7575757575757576,0.6818181818181818,0.9475982532751092,0.7177033492822966,0.8147082175466455,434,24,35,75
0.7140338233862931,0.897887323943662,0.7653061224489796,0.6818181818181818,0.9497816593886463,0.7211538461538461,0.8157999206034141,435,23,35,75
0.717615664010766,0.8996478873239436,0.7731958762886598,0.6818181818181818,0.9519650655021834,0.7246376811594203,0.8168916236601826,436,22,35,75
0.732271760680647,0.9014084507042254,0.78125,0.6818181818181818,0.9541484716157205,0.7281553398058253,0.8179833267169512,437,21,35,75
0.7444959210460614,0.8996478873239436,0.7789473684210526,0.6727272727272727,0.9541484716157205,0.7219512195121951,0.8134378721714965,437,21,36,74
0.7565854118313984,0.897887323943662,0.776595744680851,0.6636363636363637,0.9541484716157205,0.7156862745098039,0.8088924176260421,437,21,37,73
0.766764007562626,0.8996478873239436,0.7849462365591398,0.6636363636363637,0.9563318777292577,0.7192118226600985,0.8099841206828107,438,20,37,73
0.7740498417586196,0.9014084507042254,0.7934782608695652,0.6636363636363637,0.9585152838427947,0.7227722772277227,0.8110758237395792,439,19,37,73
0.7781610074926563,0.903169014084507,0.8021978021978022,0.6636363636363637,0.9606986899563319,0.7263681592039801,0.8121675267963477,440,18,37,73
0.7818661988201159,0.9049295774647887,0.8111111111111111,0.6636363636363637,0.962882096069869,0.73,0.8132592298531163,441,17,37,73
0.7819050855097626,0.9066901408450704,0.8202247191011236,0.6636363636363637,0.9650655021834061,0.7336683417085427,0.8143509329098849,442,16,37,73
0.7901974757895251,0.9084507042253521,0.8295454545454546,0.6636363636363637,0.9672489082969432,0.7373737373737373,0.8154426359666535,443,15,37,73
0.7903966216860824,0.9102112676056338,0.8390804597701149,0.6636363636363637,0.9694323144104804,0.7411167512690355,0.8165343390234221,444,14,37,73
0.8063060047639969,0.9084507042253521,0.8372093023255814,0.6545454545454545,0.9694323144104804,0.7346938775510204,0.8119888844779675,444,14,38,72
0.8139610213951736,0.9102112676056338,0.8470588235294118,0.6545454545454545,0.9716157205240175,0.7384615384615385,0.813080587534736,445,13,38,72
0.8196052434709296,0.9119718309859155,0.8571428571428571,0.6545454545454545,0.9737991266375546,0.7422680412371134,0.8141722905915045,446,12,38,72
0.8296253706600697,0.9137323943661971,0.8674698795180723,0.6545454545454545,0.9759825327510917,0.7461139896373057,0.8152639936482731,447,11,38,72
0.8449732599565657,0.9154929577464789,0.8780487804878049,0.6545454545454545,0.9781659388646288,0.75,0.8163556967050416,448,10,38,72
0.8528392084793996,0.9172535211267606,0.8888888888888888,0.6545454545454545,0.980349344978166,0.7539267015706806,0.8174473997618102,449,9,38,72
0.8840158987511141,0.9190140845070423,0.9,0.6545454545454545,0.982532751091703,0.7578947368421053,0.8185391028185788,450,8,38,72
0.8853584985106283,0.9172535211267606,0.8987341772151899,0.6454545454545455,0.982532751091703,0.7513227513227513,0.8139936482731243,450,8,39,71
0.8857515382869343,0.9190140845070423,0.9102564102564102,0.6454545454545455,0.9847161572052402,0.7553191489361702,0.8150853513298928,451,7,39,71
0.9096150421314458,0.9172535211267606,0.9090909090909091,0.6363636363636364,0.9847161572052402,0.7486631016042781,0.8105398967844383,451,7,40,70
0.9122574891828031,0.9154929577464789,0.9078947368421053,0.6272727272727273,0.9847161572052402,0.7419354838709677,0.8059944422389838,451,7,41,69
0.9124142250135386,0.9172535211267606,0.92,0.6272727272727273,0.9868995633187773,0.745945945945946,0.8070861452957523,452,6,41,69
0.9177256560245206,0.9154929577464789,0.918918918918919,0.6181818181818182,0.9868995633187773,0.7391304347826086,0.8025406907502977,452,6,42,68
0.9200728042925356,0.9172535211267606,0.9315068493150684,0.6181818181818182,0.9890829694323144,0.7431693989071039,0.8036323938070663,453,5,42,68
0.9249497745255798,0.9190140845070423,0.9444444444444444,0.6181818181818182,0.9912663755458515,0.7472527472527473,0.8047240968638348,454,4,42,68
0.9330221777815896,0.9172535211267606,0.9436619718309859,0.6090909090909091,0.9912663755458515,0.7403314917127072,0.8001786423183803,454,4,43,67
0.9448399928097563,0.9190140845070423,0.9571428571428572,0.6090909090909091,0.9934497816593887,0.7444444444444445,0.8012703453751489,455,3,43,67
0.9470207680033976,0.9172535211267606,0.9565217391304348,0.6,0.9934497816593887,0.7374301675977654,0.7967248908296943,455,3,44,66
0.9508451375530939,0.9154929577464789,0.9558823529411765,0.5909090909090909,0.9934497816593887,0.7303370786516854,0.7921794362842398,455,3,45,65
0.9524069856955336,0.9137323943661971,0.9552238805970149,0.5818181818181818,0.9934497816593887,0.7231638418079096,0.7876339817387852,455,3,46,64
0.9630071832636726,0.9119718309859155,0.9545454545454546,0.5727272727272728,0.9934497816593887,0.7159090909090909,0.7830885271933308,455,3,47,63
0.966228397373107,0.9102112676056338,0.9538461538461539,0.5636363636363636,0.9934497816593887,0.7085714285714285,0.7785430726478761,455,3,48,62
0.9687815784826649,0.9084507042253521,0.953125,0.5545454545454546,0.9934497816593887,0.7011494252873564,0.7739976181024216,455,3,49,61
0.9759316233549721,0.9066901408450704,0.9523809523809523,0.5454545454545454,0.9934497816593887,0.6936416184971098,0.7694521635569671,455,3,50,60
0.9784196278594126,0.9049295774647887,0.9516129032258065,0.5363636363636364,0.9934497816593887,0.686046511627907,0.7649067090115125,455,3,51,59
0.9795820759412031,0.9066901408450704,0.9672131147540983,0.5363636363636364,0.9956331877729258,0.6900584795321637,0.765998412068281,456,2,51,59
0.985349677295547,0.9084507042253521,0.9833333333333333,0.5363636363636364,0.9978165938864629,0.6941176470588235,0.7670901151250497,457,1,51,59
0.9856504153286012,0.9066901408450704,0.9830508474576272,0.5272727272727272,0.9978165938864629,0.6863905325443787,0.7625446605795951,457,1,52,58
0.9857103456363291,0.9049295774647887,0.9827586206896551,0.5181818181818182,0.9978165938864629,0.6785714285714286,0.7579992060341405,457,1,53,57
0.9865427673835532,0.903169014084507,0.9824561403508771,0.509090909090909,0.9978165938864629,0.6706586826347305,0.753453751488686,457,1,54,56
0.9876630669720428,0.9014084507042254,0.9821428571428571,0.5,0.9978165938864629,0.6626506024096386,0.7489082969432315,457,1,55,55
0.9877555579007257,0.8996478873239436,0.9818181818181818,0.4909090909090909,0.9978165938864629,0.6545454545454545,0.744362842397777,457,1,56,54
0.9881017604453072,0.897887323943662,0.9814814814814815,0.4818181818181818,0.9978165938864629,0.6463414634146342,0.7398173878523224,457,1,57,53
0.9926678178343156,0.8961267605633803,0.9811320754716981,0.4727272727272727,0.9978165938864629,0.6380368098159509,0.7352719333068678,457,1,58,52
0.9948314974408194,0.8943661971830986,0.9807692307692307,0.4636363636363636,0.9978165938864629,0.6296296296296297,0.7307264787614133,457,1,59,51
0.9949079808069105,0.8926056338028169,0.9803921568627451,0.45454545454545453,0.9978165938864629,0.6211180124223602,0.7261810242159588,457,1,60,50
0.9971744242836178,0.8908450704225352,0.98,0.44545454545454544,0.9978165938864629,0.6125,0.7216355696705041,457,1,61,49
0.9978003256529056,0.8890845070422535,0.9795918367346939,0.43636363636363634,0.9978165938864629,0.6037735849056604,0.7170901151250496,457,1,62,48
0.9978064245190172,0.8873239436619719,0.9791666666666666,0.42727272727272725,0.9978165938864629,0.5949367088607594,0.7125446605795951,457,1,63,47
0.9983387212449597,0.8855633802816901,0.9787234042553191,0.41818181818181815,0.9978165938864629,0.5859872611464968,0.7079992060341406,457,1,64,46
0.9983493916192852,0.8838028169014085,0.9782608695652174,0.4090909090909091,0.9978165938864629,0.5769230769230769,0.703453751488686,457,1,65,45
0.9986827235983773,0.8820422535211268,0.9777777777777777,0.4,0.9978165938864629,0.567741935483871,0.6989082969432314,457,1,66,44
0.9994389577866724,0.8802816901408451,0.9772727272727273,0.39090909090909093,0.9978165938864629,0.5584415584415584,0.6943628423977769,457,1,67,43
0.9995005814414247,0.8785211267605634,0.9767441860465116,0.38181818181818183,0.9978165938864629,0.5490196078431373,0.6898173878523224,457,1,68,42
0.9995221552622032,0.8767605633802817,0.9761904761904762,0.37272727272727274,0.9978165938864629,0.5394736842105263,0.6852719333068679,457,1,69,41
0.9996093249199285,0.8785211267605634,1.0,0.37272727272727274,1.0,0.543046357615894,0.6863636363636364,458,0,69,41
0.9997136718130277,0.8767605633802817,1.0,0.36363636363636365,1.0,0.5333333333333333,0.6818181818181819,458,0,70,40
0.999739262303986,0.875,1.0,0.35454545454545455,1.0,0.5234899328859061,0.6772727272727272,458,0,71,39
0.9997772502148004,0.8732394366197183,1.0,0.34545454545454546,1.0,0.5135135135135135,0.6727272727272727,458,0,72,38
0.9997846273607764,0.8714788732394366,1.0,0.33636363636363636,1.0,0.5034013605442177,0.6681818181818182,458,0,73,37
0.9998400762419113,0.8697183098591549,1.0,0.32727272727272727,1.0,0.4931506849315068,0.6636363636363636,458,0,74,36
0.9998681939709967,0.8679577464788732,1.0,0.3181818181818182,1.0,0.4827586206896552,0.6590909090909091,458,0,75,35
0.9999478791439145,0.8661971830985915,1.0,0.3090909090909091,1.0,0.4722222222222222,0.6545454545454545,458,0,76,34
0.9999553223810154,0.8644366197183099,1.0,0.3,1.0,0.46153846153846156,0.65,458,0,77,33
0.9999569792134515,0.8626760563380281,1.0,0.2909090909090909,1.0,0.4507042253521127,0.6454545454545455,458,0,78,32
0.9999874593411117,0.8609154929577465,1.0,0.2818181818181818,1.0,0.4397163120567376,0.6409090909090909,458,0,79,31
0.9999879235157628,0.8591549295774648,1.0,0.2727272727272727,1.0,0.42857142857142855,0.6363636363636364,458,0,80,30
0.9999916204228406,0.8573943661971831,1.0,0.2636363636363636,1.0,0.4172661870503597,0.6318181818181818,458,0,81,29
0.9999918225892145,0.8556338028169014,1.0,0.2545454545454545,1.0,0.4057971014492754,0.6272727272727272,458,0,82,28
0.9999944407663961,0.8538732394366197,1.0,0.24545454545454545,1.0,0.39416058394160586,0.6227272727272727,458,0,83,27
0.999995558584527,0.852112676056338,1.0,0.23636363636363636,1.0,0.38235294117647056,0.6181818181818182,458,0,84,26
0.9999957029828651,0.8503521126760564,1.0,0.22727272727272727,1.0,0.37037037037037035,0.6136363636363636,458,0,85,25
0.999996696581811,0.8485915492957746,1.0,0.21818181818181817,1.0,0.3582089552238806,0.6090909090909091,458,0,86,24
0.9999967413170183,0.846830985915493,1.0,0.20909090909090908,1.0,0.3458646616541353,0.6045454545454545,458,0,87,23
0.9999976863960303,0.8450704225352113,1.0,0.2,1.0,0.3333333333333333,0.6,458,0,88,22
0.9999981345926553,0.8433098591549296,1.0,0.19090909090909092,1.0,0.32061068702290074,0.5954545454545455,458,0,89,21
0.9999985451006057,0.8415492957746479,1.0,0.18181818181818182,1.0,0.3076923076923077,0.5909090909090909,458,0,90,20
0.9999993201316567,0.8397887323943662,1.0,0.17272727272727273,1.0,0.29457364341085274,0.5863636363636364,458,0,91,19
0.9999993666647325,0.8380281690140845,1.0,0.16363636363636364,1.0,0.28125,0.5818181818181818,458,0,92,18
0.9999994224724107,0.8362676056338029,1.0,0.15454545454545454,1.0,0.2677165354330709,0.5772727272727273,458,0,93,17
0.9999994351462989,0.8345070422535211,1.0,0.14545454545454545,1.0,0.25396825396825395,0.5727272727272728,458,0,94,16
0.9999994807420628,0.8327464788732394,1.0,0.13636363636363635,1.0,0.24,0.5681818181818181,458,0,95,15
0.9999995287127764,0.8309859154929577,1.0,0.12727272727272726,1.0,0.22580645161290322,0.5636363636363636,458,0,96,14
0.9999995521164281,0.829225352112676,1.0,0.11818181818181818,1.0,0.21138211382113822,0.5590909090909091,458,0,97,13
0.999999856435388,0.8274647887323944,1.0,0.10909090909090909,1.0,0.19672131147540983,0.5545454545454546,458,0,98,12
0.9999999020534618,0.8257042253521126,1.0,0.1,1.0,0.18181818181818182,0.55,458,0,99,11
0.9999999284853736,0.823943661971831,1.0,0.09090909090909091,1.0,0.16666666666666666,0.5454545454545454,458,0,100,10
0.9999999470384692,0.8221830985915493,1.0,0.08181818181818182,1.0,0.15126050420168066,0.5409090909090909,458,0,101,9
0.9999999587679277,0.8204225352112676,1.0,0.07272727272727272,1.0,0.13559322033898305,0.5363636363636364,458,0,102,8
0.9999999731246935,0.8186619718309859,1.0,0.06363636363636363,1.0,0.11965811965811966,0.5318181818181819,458,0,103,7
0.9999999980343608,0.8169014084507042,1.0,0.05454545454545454,1.0,0.10344827586206896,0.5272727272727272,458,0,104,6
0.9999999988003059,0.8151408450704225,1.0,0.045454545454545456,1.0,0.08695652173913043,0.5227272727272727,458,0,105,5
0.9999999991898265,0.8133802816901409,1.0,0.03636363636363636,1.0,0.07017543859649122,0.5181818181818182,458,0,106,4
0.9999999995416402,0.8116197183098591,1.0,0.02727272727272727,1.0,0.05309734513274336,0.5136363636363637,458,0,107,3
0.9999999999905194,0.8098591549295775,1.0,0.01818181818181818,1.0,0.03571428571428571,0.509090909090909,458,0,108,2
0.9999999999947067,0.8080985915492958,1.0,0.00909090909090909,1.0,0.018018018018018018,0.5045454545454545,458,0,109,1
