participant_id,label,fold,role
14241,Present,1,fit
14998,Absent,1,fit
24160,Absent,1,outer_eval
2530,Absent,1,fit
29045,Present,1,outer_eval
33151,Present,1,outer_eval
38337,Absent,1,fit
39043,Absent,1,fit
39403,Absent,1,fit
40058,Absent,1,fit
40798,Absent,1,fit
43852,Absent,1,early_stop
44514,Present,1,fit
45843,Present,1,fit
46065,Present,1,early_stop
46532,Absent,1,fit
47002,Present,1,early_stop
49561,Absent,1,outer_eval
49572,Present,1,fit
49574,Present,1,fit
49577,Absent,1,fit
49585,Absent,1,fit
49595,Present,1,outer_eval
49598,Absent,1,fit
49610,Absent,1,fit
49627,Present,1,fit
49628,Present,1,early_stop
49631,Absent,1,fit
49638,Present,1,outer_eval
49659,Absent,1,early_stop
49661,Absent,1,fit
49678,Absent,1,early_stop
49683,Absent,1,fit
49687,Absent,1,fit
49691,Present,1,fit
49712,Present,1,outer_eval
49719,Absent,1,fit
49729,Absent,1,fit
49735,Absent,1,early_stop
49745,Absent,1,fit
49751,Present,1,fit
49808,Absent,1,fit
49823,Present,1,fit
49824,Present,1,early_stop
49838,Present,1,fit
49839,Absent,1,outer_eval
49842,Absent,1,fit
49853,Absent,1,fit
49854,Absent,1,fit
49876,Absent,1,fit
49896,Absent,1,outer_eval
49930,Absent,1,outer_eval
49931,Present,1,fit
49946,Absent,1,outer_eval
49952,Absent,1,early_stop
49959,Absent,1,outer_eval
49968,Absent,1,outer_eval
49969,Absent,1,outer_eval
49970,Absent,1,fit
49980,Absent,1,fit
49983,Absent,1,fit
49986,Absent,1,early_stop
49987,Absent,1,fit
49989,Present,1,outer_eval
49990,Absent,1,early_stop
49993,Absent,1,outer_eval
49994,Present,1,fit
49995,Absent,1,outer_eval
49999,Absent,1,fit
50004,Absent,1,fit
50005,Absent,1,fit
50006,Absent,1,outer_eval
50007,Absent,1,fit
50008,Absent,1,outer_eval
50009,Absent,1,outer_eval
50014,Absent,1,outer_eval
50015,Absent,1,outer_eval
50017,Absent,1,fit
50018,Absent,1,early_stop
50023,Absent,1,fit
50026,Absent,1,fit
50027,Absent,1,fit
50029,Absent,1,outer_eval
50034,Absent,1,fit
50037,Absent,1,fit
50043,Absent,1,fit
50047,Absent,1,fit
50049,Absent,1,outer_eval
50054,Present,1,fit
50057,Absent,1,fit
50061,Absent,1,early_stop
50066,Absent,1,fit
50070,Absent,1,outer_eval
50072,Absent,1,fit
50074,Absent,1,outer_eval
50076,Absent,1,early_stop
50077,Absent,1,fit
50085,Absent,1,fit
50089,Absent,1,outer_eval
50092,Absent,1,fit
50099,Present,1,fit
50100,Absent,1,fit
50103,Absent,1,outer_eval
50104,Absent,1,outer_eval
50105,Absent,1,fit
50109,Absent,1,early_stop
50113,Absent,1,fit
50117,Absent,1,fit
50118,Present,1,fit
50119,Absent,1,early_stop
50121,Absent,1,fit
50122,Absent,1,fit
50125,Absent,1,fit
50126,Absent,1,fit
50127,Present,1,fit
50128,Absent,1,fit
50129,Present,1,fit
50136,Present,1,fit
50137,Absent,1,outer_eval
50141,Absent,1,fit
50142,Absent,1,fit
50145,Absent,1,fit
50146,Absent,1,early_stop
50149,Present,1,outer_eval
50150,Present,1,fit
50155,Absent,1,fit
50159,Present,1,early_stop
50160,Absent,1,fit
50161,Present,1,fit
50164,Absent,1,outer_eval
50166,Absent,1,early_stop
50174,Absent,1,fit
50206,Absent,1,fit
50207,Absent,1,outer_eval
50210,Absent,1,fit
50213,Absent,1,outer_eval
50214,Absent,1,fit
50216,Absent,1,fit
50218,Absent,1,outer_eval
50219,Absent,1,fit
50221,Present,1,outer_eval
50222,Absent,1,fit
50225,Absent,1,outer_eval
50228,Absent,1,fit
50230,Absent,1,fit
50233,Present,1,early_stop
50238,Present,1,fit
50239,Absent,1,outer_eval
50241,Absent,1,early_stop
50244,Absent,1,early_stop
50247,Absent,1,early_stop
50250,Absent,1,outer_eval
50251,Absent,1,fit
50256,Present,1,fit
50258,Present,1,fit
50260,Present,1,fit
50263,Absent,1,outer_eval
50264,Absent,1,fit
50272,Absent,1,outer_eval
50275,Absent,1,fit
50276,Absent,1,early_stop
50278,Absent,1,fit
50285,Present,1,outer_eval
50289,Present,1,early_stop
50295,Absent,1,fit
50296,Absent,1,outer_eval
50297,Absent,1,fit
50298,Absent,1,fit
50299,Absent,1,fit
50303,Absent,1,outer_eval
50306,Absent,1,fit
50312,Absent,1,fit
50314,Absent,1,fit
50316,Absent,1,fit
50317,Absent,1,early_stop
50318,Absent,1,fit
50321,Absent,1,fit
50327,Absent,1,outer_eval
50331,Present,1,fit
50332,Present,1,early_stop
50335,Absent,1,fit
50337,Absent,1,outer_eval
50339,Absent,1,fit
50341,Absent,1,early_stop
50342,Absent,1,fit
50343,Absent,1,early_stop
50348,Absent,1,fit
50349,Absent,1,fit
50354,Absent,1,fit
50359,Absent,1,fit
50375,Absent,1,fit
50386,Absent,1,fit
50388,Absent,1,fit
50391,Absent,1,fit
50393,Absent,1,fit
50619,Absent,1,outer_eval
50620,Absent,1,fit
50621,Absent,1,fit
50625,Absent,1,early_stop
50635,Absent,1,fit
50641,Absent,1,fit
50644,Absent,1,fit
50645,Absent,1,fit
50649,Absent,1,fit
50652,Absent,1,fit
50654,Absent,1,fit
50655,Absent,1,fit
50656,Present,1,early_stop
50657,Absent,1,fit
50659,Absent,1,fit
50665,Absent,1,outer_eval
50667,Absent,1,fit
50668,Absent,1,fit
50669,Absent,1,fit
50671,Absent,1,early_stop
50673,Absent,1,fit
50687,Absent,1,outer_eval
50688,Absent,1,outer_eval
50690,Absent,1,fit
50691,Absent,1,early_stop
50693,Absent,1,outer_eval
50699,Absent,1,fit
50708,Absent,1,fit
50713,Absent,1,fit
50715,Absent,1,fit
50720,Absent,1,fit
50721,Absent,1,outer_eval
50723,Absent,1,fit
50725,Absent,1,outer_eval
50727,Absent,1,fit
50729,Absent,1,fit
50731,Absent,1,early_stop
50732,Absent,1,outer_eval
50734,Present,1,outer_eval
50735,Present,1,fit
50736,Present,1,early_stop
50737,Absent,1,early_stop
50738,Absent,1,early_stop
50740,Absent,1,fit
50746,Present,1,fit
50747,Absent,1,fit
50748,Absent,1,fit
50751,Absent,1,fit
50752,Absent,1,fit
50754,Absent,1,fit
50756,Absent,1,fit
50757,Present,1,outer_eval
50758,Absent,1,fit
50762,Absent,1,fit
50763,Absent,1,outer_eval
50768,Absent,1,fit
50770,Absent,1,fit
50771,Absent,1,fit
50772,Absent,1,fit
50773,Absent,1,fit
50776,Absent,1,outer_eval
50781,Present,1,fit
50782,Absent,1,fit
50784,Absent,1,outer_eval
50787,Absent,1,outer_eval
50788,Absent,1,fit
50790,Present,1,fit
50796,Absent,1,outer_eval
50797,Absent,1,fit
50798,Absent,1,fit
50800,Absent,1,fit
50802,Absent,1,fit
50803,Absent,1,fit
50805,Absent,1,fit
50807,Absent,1,early_stop
50812,Absent,1,fit
50815,Absent,1,fit
50819,Absent,1,early_stop
50822,Absent,1,fit
50826,Absent,1,outer_eval
50829,Absent,1,fit
51064,Present,1,fit
51331,Absent,1,early_stop
55945,Present,1,fit
57700,Present,1,outer_eval
61117,Present,1,early_stop
64256,Present,1,fit
64715,Absent,1,fit
68255,Present,1,fit
68269,Absent,1,outer_eval
68292,Absent,1,fit
68316,Absent,1,outer_eval
68327,Absent,1,fit
68412,Absent,1,fit
68419,Absent,1,fit
68423,Present,1,outer_eval
68427,Absent,1,early_stop
68431,Absent,1,outer_eval
68432,Present,1,fit
68436,Absent,1,outer_eval
68449,Absent,1,fit
68478,Absent,1,fit
68504,Absent,1,outer_eval
68624,Absent,1,fit
68646,Absent,1,fit
68659,Absent,1,outer_eval
68660,Absent,1,early_stop
68682,Absent,1,early_stop
68702,Absent,1,fit
68708,Present,1,early_stop
68711,Absent,1,fit
68737,Absent,1,fit
68740,Present,1,outer_eval
68752,Absent,1,fit
68756,Absent,1,outer_eval
68827,Absent,1,outer_eval
68861,Absent,1,fit
68887,Absent,1,fit
69066,Absent,1,outer_eval
69093,Present,1,fit
69106,Absent,1,outer_eval
69112,Absent,1,early_stop
69129,Absent,1,outer_eval
69141,Absent,1,fit
69144,Absent,1,outer_eval
69152,Absent,1,fit
69161,Absent,1,fit
69174,Absent,1,outer_eval
69188,Absent,1,early_stop
70280,Absent,1,fit
73316,Absent,1,fit
73497,Present,1,fit
74417,Absent,1,fit
74420,Absent,1,early_stop
77373,Present,1,outer_eval
78280,Present,1,outer_eval
78592,Absent,1,outer_eval
80348,Absent,1,fit
81035,Absent,1,early_stop
81297,Absent,1,fit
81501,Absent,1,fit
84687,Absent,1,fit
84688,Absent,1,fit
84690,Present,1,fit
84692,Present,1,early_stop
84696,Absent,1,fit
84702,Present,1,outer_eval
84704,Absent,1,fit
84706,Absent,1,fit
84708,Absent,1,fit
84709,Absent,1,early_stop
84721,Absent,1,fit
84725,Absent,1,outer_eval
84730,Present,1,fit
84732,Present,1,fit
84733,Absent,1,fit
84734,Absent,1,early_stop
84735,Absent,1,fit
84738,Absent,1,fit
84742,Absent,1,fit
84743,Absent,1,fit
84749,Absent,1,fit
84754,Absent,1,fit
84758,Absent,1,fit
84760,Absent,1,fit
84762,Absent,1,outer_eval
84764,Absent,1,fit
84768,Absent,1,outer_eval
84775,Absent,1,fit
84776,Absent,1,early_stop
84779,Absent,1,fit
84784,Absent,1,outer_eval
84785,Absent,1,fit
84786,Present,1,fit
84793,Absent,1,fit
84796,Absent,1,fit
84798,Absent,1,early_stop
84799,Absent,1,fit
84802,Present,1,fit
84803,Absent,1,fit
84804,Absent,1,fit
84805,Absent,1,fit
84807,Absent,1,fit
84809,Absent,1,outer_eval
84813,Absent,1,fit
84814,Absent,1,fit
84815,Absent,1,early_stop
84822,Absent,1,fit
84823,Absent,1,fit
84824,Absent,1,fit
84829,Absent,1,fit
84831,Absent,1,fit
84834,Present,1,fit
84839,Absent,1,fit
84852,Absent,1,fit
84853,Present,1,fit
84854,Present,1,fit
84855,Absent,1,fit
84856,Absent,1,fit
84859,Absent,1,early_stop
84861,Absent,1,fit
84863,Present,1,fit
84864,Present,1,fit
84866,Absent,1,early_stop
84868,Absent,1,fit
84870,Absent,1,fit
84874,Absent,1,early_stop
84876,Absent,1,fit
84877,Absent,1,fit
84878,Absent,1,fit
84882,Present,1,early_stop
84883,Absent,1,early_stop
84884,Absent,1,fit
84885,Present,1,fit
84917,Absent,1,fit
84918,Absent,1,early_stop
84920,Absent,1,fit
84922,Absent,1,fit
84923,Absent,1,fit
84928,Absent,1,fit
84930,Absent,1,outer_eval
84935,Absent,1,fit
84945,Absent,1,fit
84946,Absent,1,fit
84947,Absent,1,fit
84949,Present,1,fit
84952,Absent,1,fit
84957,Absent,1,outer_eval
84961,Absent,1,early_stop
84965,Absent,1,fit
84966,Absent,1,outer_eval
84969,Absent,1,fit
84970,Absent,1,fit
84973,Absent,1,outer_eval
84977,Absent,1,fit
84978,Absent,1,early_stop
84982,Absent,1,fit
84985,Absent,1,early_stop
84990,Absent,1,early_stop
84991,Absent,1,fit
84992,Absent,1,fit
84994,Absent,1,early_stop
85002,Present,1,fit
85004,Present,1,fit
85010,Absent,1,fit
85018,Absent,1,fit
85023,Absent,1,fit
85024,Present,1,early_stop
85026,Absent,1,fit
85027,Absent,1,fit
85028,Absent,1,fit
85030,Present,1,fit
85031,Present,1,fit
85034,Absent,1,fit
85035,Absent,1,early_stop
85036,Present,1,fit
85037,Present,1,fit
85042,Present,1,fit
85044,Absent,1,early_stop
85048,Absent,1,fit
85053,Absent,1,fit
85055,Present,1,fit
85057,Present,1,fit
85062,Absent,1,fit
85063,Absent,1,fit
85066,Absent,1,fit
85069,Present,1,early_stop
85075,Absent,1,fit
85076,Absent,1,fit
85079,Present,1,fit
85080,Present,1,fit
85084,Absent,1,fit
85091,Absent,1,fit
85093,Absent,1,fit
85094,Absent,1,early_stop
85096,Absent,1,early_stop
85099,Absent,1,early_stop
85100,Absent,1,fit
85105,Absent,1,early_stop
85108,Present,1,outer_eval
85109,Absent,1,fit
85113,Absent,1,fit
85116,Absent,1,fit
85118,Absent,1,fit
85121,Absent,1,fit
85122,Absent,1,outer_eval
85128,Absent,1,fit
85131,Absent,1,fit
85132,Present,1,fit
85134,Absent,1,fit
85135,Present,1,outer_eval
85143,Absent,1,early_stop
85150,Absent,1,early_stop
85151,Absent,1,outer_eval
85152,Absent,1,early_stop
85154,Absent,1,outer_eval
85161,Absent,1,fit
85162,Absent,1,outer_eval
85163,Absent,1,early_stop
85165,Present,1,outer_eval
85166,Absent,1,early_stop
85167,Absent,1,fit
85168,Absent,1,fit
85169,Present,1,early_stop
85172,Present,1,fit
85176,Absent,1,outer_eval
85180,Absent,1,outer_eval
85181,Absent,1,outer_eval
85184,Absent,1,early_stop
85186,Absent,1,fit
85192,Absent,1,fit
85199,Present,1,fit
85207,Present,1,fit
85210,Absent,1,early_stop
85213,Absent,1,fit
85216,Absent,1,fit
85217,Absent,1,fit
85219,Present,1,fit
85225,Absent,1,early_stop
85226,Absent,1,outer_eval
85230,Absent,1,fit
85236,Absent,1,fit
85239,Absent,1,fit
85240,Absent,1,outer_eval
85242,Absent,1,fit
85243,Present,1,fit
85244,Absent,1,early_stop
85245,Absent,1,outer_eval
85246,Absent,1,fit
85247,Absent,1,outer_eval
85249,Absent,1,fit
85252,Absent,1,fit
85253,Absent,1,fit
85259,Present,1,fit
85261,Present,1,outer_eval
85264,Absent,1,fit
85265,Absent,1,fit
85269,Present,1,fit
85270,Absent,1,early_stop
85276,Present,1,fit
85277,Absent,1,fit
85278,Absent,1,outer_eval
85282,Absent,1,early_stop
85285,Absent,1,fit
85286,Absent,1,early_stop
85287,Absent,1,fit
85288,Absent,1,fit
85293,Absent,1,outer_eval
85296,Absent,1,fit
85299,Absent,1,fit
85301,Absent,1,fit
85305,Absent,1,fit
85306,Present,1,outer_eval
85308,Absent,1,fit
85312,Absent,1,fit
85315,Absent,1,outer_eval
85316,Absent,1,fit
85321,Absent,1,outer_eval
85326,Absent,1,outer_eval
85327,Absent,1,fit
85328,Absent,1,early_stop
85329,Absent,1,fit
85332,Absent,1,fit
85334,Absent,1,fit
85335,Absent,1,outer_eval
85336,Absent,1,outer_eval
85338,Absent,1,fit
85339,Present,1,fit
85340,Absent,1,fit
85343,Present,1,fit
85345,Absent,1,early_stop
85349,Absent,1,early_stop
9979,Present,1,early_stop
14241,Present,2,early_stop
14998,Absent,2,fit
24160,Absent,2,early_stop
2530,Absent,2,fit
29045,Present,2,fit
33151,Present,2,early_stop
38337,Absent,2,fit
39043,Absent,2,fit
39403,Absent,2,fit
40058,Absent,2,fit
40798,Absent,2,outer_eval
43852,Absent,2,fit
44514,Present,2,early_stop
45843,Present,2,fit
46065,Present,2,early_stop
46532,Absent,2,early_stop
47002,Present,2,outer_eval
49561,Absent,2,fit
49572,Present,2,fit
49574,Present,2,fit
49577,Absent,2,outer_eval
49585,Absent,2,early_stop
49595,Present,2,fit
49598,Absent,2,fit
49610,Absent,2,fit
49627,Present,2,fit
49628,Present,2,fit
49631,Absent,2,outer_eval
49638,Present,2,fit
49659,Absent,2,fit
49661,Absent,2,early_stop
49678,Absent,2,fit
49683,Absent,2,outer_eval
49687,Absent,2,outer_eval
49691,Present,2,early_stop
49712,Present,2,early_stop
49719,Absent,2,outer_eval
49729,Absent,2,fit
49735,Absent,2,fit
49745,Absent,2,outer_eval
49751,Present,2,early_stop
49808,Absent,2,outer_eval
49823,Present,2,fit
49824,Present,2,fit
49838,Present,2,fit
49839,Absent,2,early_stop
49842,Absent,2,outer_eval
49853,Absent,2,fit
49854,Absent,2,fit
49876,Absent,2,early_stop
49896,Absent,2,fit
49930,Absent,2,fit
49931,Present,2,outer_eval
49946,Absent,2,fit
49952,Absent,2,outer_eval
49959,Absent,2,early_stop
49968,Absent,2,fit
49969,Absent,2,fit
49970,Absent,2,outer_eval
49980,Absent,2,fit
49983,Absent,2,fit
49986,Absent,2,fit
49987,Absent,2,outer_eval
49989,Present,2,fit
49990,Absent,2,fit
49993,Absent,2,fit
49994,Present,2,outer_eval
49995,Absent,2,fit
49999,Absent,2,outer_eval
50004,Absent,2,early_stop
50005,Absent,2,fit
50006,Absent,2,fit
50007,Absent,2,outer_eval
50008,Absent,2,fit
50009,Absent,2,fit
50014,Absent,2,fit
50015,Absent,2,early_stop
50017,Absent,2,fit
50018,Absent,2,early_stop
50023,Absent,2,fit
50026,Absent,2,fit
50027,Absent,2,outer_eval
50029,Absent,2,fit
50034,Absent,2,fit
50037,Absent,2,fit
50043,Absent,2,fit
50047,Absent,2,outer_eval
50049,Absent,2,fit
50054,Present,2,fit
50057,Absent,2,early_stop
50061,Absent,2,fit
50066,Absent,2,fit
50070,Absent,2,early_stop
50072,Absent,2,fit
50074,Absent,2,fit
50076,Absent,2,fit
50077,Absent,2,early_stop
50085,Absent,2,fit
50089,Absent,2,early_stop
50092,Absent,2,fit
50099,Present,2,outer_eval
50100,Absent,2,fit
50103,Absent,2,early_stop
50104,Absent,2,early_stop
50105,Absent,2,fit
50109,Absent,2,fit
50113,Absent,2,early_stop
50117,Absent,2,early_stop
50118,Present,2,outer_eval
50119,Absent,2,fit
50121,Absent,2,outer_eval
50122,Absent,2,fit
50125,Absent,2,outer_eval
50126,Absent,2,fit
50127,Present,2,outer_eval
50128,Absent,2,outer_eval
50129,Present,2,fit
50136,Present,2,fit
50137,Absent,2,fit
50141,Absent,2,early_stop
50142,Absent,2,outer_eval
50145,Absent,2,outer_eval
50146,Absent,2,fit
50149,Present,2,fit
50150,Present,2,fit
50155,Absent,2,outer_eval
50159,Present,2,fit
50160,Absent,2,early_stop
50161,Present,2,fit
50164,Absent,2,fit
50166,Absent,2,fit
50174,Absent,2,fit
50206,Absent,2,fit
50207,Absent,2,fit
50210,Absent,2,fit
50213,Absent,2,fit
50214,Absent,2,outer_eval
50216,Absent,2,fit
50218,Absent,2,fit
50219,Absent,2,early_stop
50221,Present,2,fit
50222,Absent,2,fit
50225,Absent,2,early_stop
50228,Absent,2,fit
50230,Absent,2,fit
50233,Present,2,outer_eval
50238,Present,2,early_stop
50239,Absent,2,fit
50241,Absent,2,fit
50244,Absent,2,outer_eval
50247,Absent,2,fit
50250,Absent,2,early_stop
50251,Absent,2,fit
50256,Present,2,fit
50258,Present,2,outer_eval
50260,Present,2,outer_eval
50263,Absent,2,fit
50264,Absent,2,fit
50272,Absent,2,early_stop
50275,Absent,2,fit
50276,Absent,2,fit
50278,Absent,2,fit
50285,Present,2,fit
50289,Present,2,fit
50295,Absent,2,early_stop
50296,Absent,2,early_stop
50297,Absent,2,outer_eval
50298,Absent,2,outer_eval
50299,Absent,2,outer_eval
50303,Absent,2,fit
50306,Absent,2,fit
50312,Absent,2,early_stop
50314,Absent,2,outer_eval
50316,Absent,2,fit
50317,Absent,2,fit
50318,Absent,2,fit
50321,Absent,2,fit
50327,Absent,2,early_stop
50331,Present,2,fit
50332,Present,2,outer_eval
50335,Absent,2,fit
50337,Absent,2,fit
50339,Absent,2,outer_eval
50341,Absent,2,fit
50342,Absent,2,outer_eval
50343,Absent,2,fit
50348,Absent,2,outer_eval
50349,Absent,2,fit
50354,Absent,2,fit
50359,Absent,2,early_stop
50375,Absent,2,fit
50386,Absent,2,fit
50388,Absent,2,early_stop
50391,Absent,2,early_stop
50393,Absent,2,fit
50619,Absent,2,fit
50620,Absent,2,early_stop
50621,Absent,2,outer_eval
50625,Absent,2,fit
50635,Absent,2,fit
50641,Absent,2,outer_eval
50644,Absent,2,outer_eval
50645,Absent,2,fit
50649,Absent,2,outer_eval
50652,Absent,2,fit
50654,Absent,2,fit
50655,Absent,2,fit
50656,Present,2,outer_eval
50657,Absent,2,fit
50659,Absent,2,fit
50665,Absent,2,early_stop
50667,Absent,2,fit
50668,Absent,2,outer_eval
50669,Absent,2,outer_eval
50671,Absent,2,fit
50673,Absent,2,fit
50687,Absent,2,fit
50688,Absent,2,fit
50690,Absent,2,outer_eval
50691,Absent,2,fit
50693,Absent,2,fit
50699,Absent,2,early_stop
50708,Absent,2,fit
50713,Absent,2,fit
50715,Absent,2,fit
50720,Absent,2,early_stop
50721,Absent,2,fit
50723,Absent,2,fit
50725,Absent,2,fit
50727,Absent,2,fit
50729,Absent,2,fit
50731,Absent,2,fit
50732,Absent,2,early_stop
50734,Present,2,fit
50735,Present,2,fit
50736,Present,2,outer_eval
50737,Absent,2,fit
50738,Absent,2,fit
50740,Absent,2,fit
50746,Present,2,fit
50747,Absent,2,fit
50748,Absent,2,fit
50751,Absent,2,outer_eval
50752,Absent,2,outer_eval
50754,Absent,2,fit
50756,Absent,2,fit
50757,Present,2,fit
50758,Absent,2,fit
50762,Absent,2,outer_eval
50763,Absent,2,fit
50768,Absent,2,outer_eval
50770,Absent,2,fit
50771,Absent,2,outer_eval
50772,Absent,2,fit
50773,Absent,2,fit
50776,Absent,2,early_stop
50781,Present,2,outer_eval
50782,Absent,2,fit
50784,Absent,2,fit
50787,Absent,2,fit
50788,Absent,2,fit
50790,Present,2,fit
50796,Absent,2,fit
50797,Absent,2,fit
50798,Absent,2,fit
50800,Absent,2,fit
50802,Absent,2,early_stop
50803,Absent,2,fit
50805,Absent,2,fit
50807,Absent,2,fit
50812,Absent,2,outer_eval
50815,Absent,2,outer_eval
50819,Absent,2,fit
50822,Absent,2,outer_eval
50826,Absent,2,fit
50829,Absent,2,fit
51064,Present,2,fit
51331,Absent,2,fit
55945,Present,2,outer_eval
57700,Present,2,fit
61117,Present,2,fit
64256,Present,2,fit
64715,Absent,2,fit
68255,Present,2,outer_eval
68269,Absent,2,fit
68292,Absent,2,outer_eval
68316,Absent,2,fit
68327,Absent,2,fit
68412,Absent,2,fit
68419,Absent,2,fit
68423,Present,2,fit
68427,Absent,2,fit
68431,Absent,2,fit
68432,Present,2,fit
68436,Absent,2,early_stop
68449,Absent,2,fit
68478,Absent,2,fit
68504,Absent,2,fit
68624,Absent,2,fit
68646,Absent,2,fit
68659,Absent,2,early_stop
68660,Absent,2,fit
68682,Absent,2,fit
68702,Absent,2,fit
68708,Present,2,fit
68711,Absent,2,outer_eval
68737,Absent,2,early_stop
68740,Present,2,fit
68752,Absent,2,fit
68756,Absent,2,fit
68827,Absent,2,fit
68861,Absent,2,fit
68887,Absent,2,fit
69066,Absent,2,fit
69093,Present,2,fit
69106,Absent,2,fit
69112,Absent,2,outer_eval
69129,Absent,2,fit
69141,Absent,2,fit
69144,Absent,2,early_stop
69152,Absent,2,outer_eval
69161,Absent,2,fit
69174,Absent,2,fit
69188,Absent,2,outer_eval
70280,Absent,2,fit
73316,Absent,2,early_stop
73497,Present,2,outer_eval
74417,Absent,2,fit
74420,Absent,2,fit
77373,Present,2,early_stop
78280,Present,2,fit
78592,Absent,2,fit
80348,Absent,2,fit
81035,Absent,2,outer_eval
81297,Absent,2,fit
81501,Absent,2,outer_eval
84687,Absent,2,fit
84688,Absent,2,outer_eval
84690,Present,2,outer_eval
84692,Present,2,fit
84696,Absent,2,early_stop
84702,Present,2,fit
84704,Absent,2,fit
84706,Absent,2,fit
84708,Absent,2,fit
84709,Absent,2,outer_eval
84721,Absent,2,fit
84725,Absent,2,fit
84730,Present,2,early_stop
84732,Present,2,fit
84733,Absent,2,fit
84734,Absent,2,outer_eval
84735,Absent,2,outer_eval
84738,Absent,2,early_stop
84742,Absent,2,fit
84743,Absent,2,fit
84749,Absent,2,fit
84754,Absent,2,fit
84758,Absent,2,fit
84760,Absent,2,early_stop
84762,Absent,2,fit
84764,Absent,2,early_stop
84768,Absent,2,fit
84775,Absent,2,outer_eval
84776,Absent,2,fit
84779,Absent,2,fit
84784,Absent,2,early_stop
84785,Absent,2,outer_eval
84786,Present,2,fit
84793,Absent,2,fit
84796,Absent,2,early_stop
84798,Absent,2,early_stop
84799,Absent,2,fit
84802,Present,2,fit
84803,Absent,2,fit
84804,Absent,2,outer_eval
84805,Absent,2,early_stop
84807,Absent,2,outer_eval
84809,Absent,2,fit
84813,Absent,2,fit
84814,Absent,2,fit
84815,Absent,2,early_stop
84822,Absent,2,fit
84823,Absent,2,outer_eval
84824,Absent,2,fit
84829,Absent,2,outer_eval
84831,Absent,2,fit
84834,Present,2,fit
84839,Absent,2,fit
84852,Absent,2,outer_eval
84853,Present,2,early_stop
84854,Present,2,fit
84855,Absent,2,fit
84856,Absent,2,outer_eval
84859,Absent,2,outer_eval
84861,Absent,2,early_stop
84863,Present,2,fit
84864,Present,2,early_stop
84866,Absent,2,fit
84868,Absent,2,outer_eval
84870,Absent,2,early_stop
84874,Absent,2,fit
84876,Absent,2,fit
84877,Absent,2,fit
84878,Absent,2,outer_eval
84882,Present,2,fit
84883,Absent,2,outer_eval
84884,Absent,2,fit
84885,Present,2,fit
84917,Absent,2,fit
84918,Absent,2,fit
84920,Absent,2,fit
84922,Absent,2,fit
84923,Absent,2,fit
84928,Absent,2,fit
84930,Absent,2,fit
84935,Absent,2,fit
84945,Absent,2,outer_eval
84946,Absent,2,fit
84947,Absent,2,fit
84949,Present,2,outer_eval
84952,Absent,2,fit
84957,Absent,2,fit
84961,Absent,2,fit
84965,Absent,2,outer_eval
84966,Absent,2,fit
84969,Absent,2,early_stop
84970,Absent,2,fit
84973,Absent,2,fit
84977,Absent,2,fit
84978,Absent,2,fit
84982,Absent,2,fit
84985,Absent,2,fit
84990,Absent,2,fit
84991,Absent,2,fit
84992,Absent,2,early_stop
84994,Absent,2,outer_eval
85002,Present,2,fit
85004,Present,2,early_stop
85010,Absent,2,outer_eval
85018,Absent,2,fit
85023,Absent,2,early_stop
85024,Present,2,fit
85026,Absent,2,fit
85027,Absent,2,fit
85028,Absent,2,outer_eval
85030,Present,2,fit
85031,Present,2,fit
85034,Absent,2,fit
85035,Absent,2,fit
85036,Present,2,outer_eval
85037,Present,2,fit
85042,Present,2,fit
85044,Absent,2,fit
85048,Absent,2,fit
85053,Absent,2,outer_eval
85055,Present,2,fit
85057,Present,2,fit
85062,Absent,2,fit
85063,Absent,2,outer_eval
85066,Absent,2,fit
85069,Present,2,outer_eval
85075,Absent,2,fit
85076,Absent,2,fit
85079,Present,2,outer_eval
85080,Present,2,fit
85084,Absent,2,fit
85091,Absent,2,outer_eval
85093,Absent,2,outer_eval
85094,Absent,2,fit
85096,Absent,2,fit
85099,Absent,2,fit
85100,Absent,2,fit
85105,Absent,2,fit
85108,Present,2,fit
85109,Absent,2,early_stop
85113,Absent,2,outer_eval
85116,Absent,2,early_stop
85118,Absent,2,early_stop
85121,Absent,2,fit
85122,Absent,2,fit
85128,Absent,2,outer_eval
85131,Absent,2,fit
85132,Present,2,fit
85134,Absent,2,fit
85135,Present,2,early_stop
85143,Absent,2,outer_eval
85150,Absent,2,early_stop
85151,Absent,2,early_stop
85152,Absent,2,outer_eval
85154,Absent,2,fit
85161,Absent,2,fit
85162,Absent,2,fit
85163,Absent,2,fit
85165,Present,2,fit
85166,Absent,2,fit
85167,Absent,2,fit
85168,Absent,2,outer_eval
85169,Present,2,outer_eval
85172,Present,2,early_stop
85176,Absent,2,fit
85180,Absent,2,fit
85181,Absent,2,fit
85184,Absent,2,outer_eval
85186,Absent,2,outer_eval
85192,Absent,2,early_stop
85199,Present,2,fit
85207,Present,2,early_stop
85210,Absent,2,fit
85213,Absent,2,fit
85216,Absent,2,fit
85217,Absent,2,fit
85219,Present,2,fit
85225,Absent,2,outer_eval
85226,Absent,2,fit
85230,Absent,2,early_stop
85236,Absent,2,fit
85239,Absent,2,early_stop
85240,Absent,2,fit
85242,Absent,2,outer_eval
85243,Present,2,fit
85244,Absent,2,early_stop
85245,Absent,2,fit
85246,Absent,2,fit
85247,Absent,2,fit
85249,Absent,2,fit
85252,Absent,2,early_stop
85253,Absent,2,fit
85259,Present,2,fit
85261,Present,2,fit
85264,Absent,2,early_stop
85265,Absent,2,fit
85269,Present,2,fit
85270,Absent,2,early_stop
85276,Present,2,early_stop
85277,Absent,2,fit
85278,Absent,2,early_stop
85282,Absent,2,fit
85285,Absent,2,outer_eval
85286,Absent,2,fit
85287,Absent,2,outer_eval
85288,Absent,2,fit
85293,Absent,2,fit
85296,Absent,2,fit
85299,Absent,2,fit
85301,Absent,2,outer_eval
85305,Absent,2,outer_eval
85306,Present,2,fit
85308,Absent,2,fit
85312,Absent,2,fit
85315,Absent,2,early_stop
85316,Absent,2,fit
85321,Absent,2,fit
85326,Absent,2,fit
85327,Absent,2,fit
85328,Absent,2,fit
85329,Absent,2,early_stop
85332,Absent,2,fit
85334,Absent,2,outer_eval
85335,Absent,2,fit
85336,Absent,2,early_stop
85338,Absent,2,fit
85339,Present,2,fit
85340,Absent,2,fit
85343,Present,2,fit
85345,Absent,2,fit
85349,Absent,2,fit
9979,Present,2,early_stop
14241,Present,3,fit
14998,Absent,3,outer_eval
24160,Absent,3,fit
2530,Absent,3,outer_eval
29045,Present,3,fit
33151,Present,3,fit
38337,Absent,3,fit
39043,Absent,3,outer_eval
39403,Absent,3,fit
40058,Absent,3,outer_eval
40798,Absent,3,fit
43852,Absent,3,fit
44514,Present,3,fit
45843,Present,3,outer_eval
46065,Present,3,fit
46532,Absent,3,outer_eval
47002,Present,3,fit
49561,Absent,3,early_stop
49572,Present,3,outer_eval
49574,Present,3,fit
49577,Absent,3,early_stop
49585,Absent,3,outer_eval
49595,Present,3,early_stop
49598,Absent,3,outer_eval
49610,Absent,3,fit
49627,Present,3,fit
49628,Present,3,fit
49631,Absent,3,fit
49638,Present,3,fit
49659,Absent,3,fit
49661,Absent,3,fit
49678,Absent,3,outer_eval
49683,Absent,3,early_stop
49687,Absent,3,fit
49691,Present,3,fit
49712,Present,3,fit
49719,Absent,3,fit
49729,Absent,3,outer_eval
49735,Absent,3,outer_eval
49745,Absent,3,fit
49751,Present,3,fit
49808,Absent,3,early_stop
49823,Present,3,outer_eval
49824,Present,3,fit
49838,Present,3,fit
49839,Absent,3,fit
49842,Absent,3,early_stop
49853,Absent,3,outer_eval
49854,Absent,3,outer_eval
49876,Absent,3,outer_eval
49896,Absent,3,fit
49930,Absent,3,fit
49931,Present,3,fit
49946,Absent,3,fit
49952,Absent,3,fit
49959,Absent,3,fit
49968,Absent,3,fit
49969,Absent,3,early_stop
49970,Absent,3,fit
49980,Absent,3,outer_eval
49983,Absent,3,fit
49986,Absent,3,early_stop
49987,Absent,3,fit
49989,Present,3,fit
49990,Absent,3,fit
49993,Absent,3,fit
49994,Present,3,fit
49995,Absent,3,fit
49999,Absent,3,early_stop
50004,Absent,3,fit
50005,Absent,3,fit
50006,Absent,3,fit
50007,Absent,3,early_stop
50008,Absent,3,fit
50009,Absent,3,fit
50014,Absent,3,fit
50015,Absent,3,fit
50017,Absent,3,outer_eval
50018,Absent,3,fit
50023,Absent,3,early_stop
50026,Absent,3,outer_eval
50027,Absent,3,fit
50029,Absent,3,fit
50034,Absent,3,fit
50037,Absent,3,outer_eval
50043,Absent,3,fit
50047,Absent,3,fit
50049,Absent,3,fit
50054,Present,3,outer_eval
50057,Absent,3,early_stop
50061,Absent,3,fit
50066,Absent,3,outer_eval
50070,Absent,3,fit
50072,Absent,3,fit
50074,Absent,3,fit
50076,Absent,3,early_stop
50077,Absent,3,early_stop
50085,Absent,3,outer_eval
50089,Absent,3,fit
50092,Absent,3,outer_eval
50099,Present,3,fit
50100,Absent,3,early_stop
50103,Absent,3,fit
50104,Absent,3,fit
50105,Absent,3,early_stop
50109,Absent,3,outer_eval
50113,Absent,3,outer_eval
50117,Absent,3,fit
50118,Present,3,early_stop
50119,Absent,3,outer_eval
50121,Absent,3,fit
50122,Absent,3,fit
50125,Absent,3,fit
50126,Absent,3,early_stop
50127,Present,3,fit
50128,Absent,3,fit
50129,Present,3,outer_eval
50136,Present,3,early_stop
50137,Absent,3,fit
50141,Absent,3,early_stop
50142,Absent,3,fit
50145,Absent,3,fit
50146,Absent,3,outer_eval
50149,Present,3,early_stop
50150,Present,3,outer_eval
50155,Absent,3,fit
50159,Present,3,fit
50160,Absent,3,outer_eval
50161,Present,3,fit
50164,Absent,3,fit
50166,Absent,3,fit
50174,Absent,3,fit
50206,Absent,3,outer_eval
50207,Absent,3,fit
50210,Absent,3,fit
50213,Absent,3,early_stop
50214,Absent,3,fit
50216,Absent,3,fit
50218,Absent,3,fit
50219,Absent,3,early_stop
50221,Present,3,fit
50222,Absent,3,outer_eval
50225,Absent,3,fit
50228,Absent,3,outer_eval
50230,Absent,3,fit
50233,Present,3,fit
50238,Present,3,outer_eval
50239,Absent,3,fit
50241,Absent,3,fit
50244,Absent,3,early_stop
50247,Absent,3,outer_eval
50250,Absent,3,early_stop
50251,Absent,3,early_stop
50256,Present,3,fit
50258,Present,3,early_stop
50260,Present,3,early_stop
50263,Absent,3,fit
50264,Absent,3,fit
50272,Absent,3,fit
50275,Absent,3,early_stop
50276,Absent,3,outer_eval
50278,Absent,3,fit
50285,Present,3,fit
50289,Present,3,outer_eval
50295,Absent,3,fit
50296,Absent,3,early_stop
50297,Absent,3,fit
50298,Absent,3,fit
50299,Absent,3,early_stop
50303,Absent,3,fit
50306,Absent,3,fit
50312,Absent,3,fit
50314,Absent,3,fit
50316,Absent,3,early_stop
50317,Absent,3,fit
50318,Absent,3,early_stop
50321,Absent,3,fit
50327,Absent,3,fit
50331,Present,3,outer_eval
50332,Present,3,early_stop
50335,Absent,3,outer_eval
50337,Absent,3,fit
50339,Absent,3,fit
50341,Absent,3,early_stop
50342,Absent,3,fit
50343,Absent,3,outer_eval
50348,Absent,3,fit
50349,Absent,3,fit
50354,Absent,3,fit
50359,Absent,3,fit
50375,Absent,3,fit
50386,Absent,3,outer_eval
50388,Absent,3,fit
50391,Absent,3,outer_eval
50393,Absent,3,fit
50619,Absent,3,fit
50620,Absent,3,early_stop
50621,Absent,3,fit
50625,Absent,3,fit
50635,Absent,3,outer_eval
50641,Absent,3,fit
50644,Absent,3,fit
50645,Absent,3,fit
50649,Absent,3,early_stop
50652,Absent,3,fit
50654,Absent,3,outer_eval
50655,Absent,3,outer_eval
50656,Present,3,fit
50657,Absent,3,fit
50659,Absent,3,fit
50665,Absent,3,fit
50667,Absent,3,early_stop
50668,Absent,3,fit
50669,Absent,3,fit
50671,Absent,3,fit
50673,Absent,3,fit
50687,Absent,3,early_stop
50688,Absent,3,fit
50690,Absent,3,fit
50691,Absent,3,fit
50693,Absent,3,fit
50699,Absent,3,fit
50708,Absent,3,fit
50713,Absent,3,fit
50715,Absent,3,early_stop
50720,Absent,3,outer_eval
50721,Absent,3,fit
50723,Absent,3,fit
50725,Absent,3,fit
50727,Absent,3,fit
50729,Absent,3,fit
50731,Absent,3,fit
50732,Absent,3,fit
50734,Present,3,fit
50735,Present,3,fit
50736,Present,3,fit
50737,Absent,3,early_stop
50738,Absent,3,fit
50740,Absent,3,outer_eval
50746,Present,3,fit
50747,Absent,3,outer_eval
50748,Absent,3,fit
50751,Absent,3,fit
50752,Absent,3,fit
50754,Absent,3,outer_eval
50756,Absent,3,fit
50757,Present,3,fit
50758,Absent,3,early_stop
50762,Absent,3,fit
50763,Absent,3,early_stop
50768,Absent,3,fit
50770,Absent,3,outer_eval
50771,Absent,3,fit
50772,Absent,3,early_stop
50773,Absent,3,fit
50776,Absent,3,fit
50781,Present,3,fit
50782,Absent,3,fit
50784,Absent,3,fit
50787,Absent,3,fit
50788,Absent,3,outer_eval
50790,Present,3,fit
50796,Absent,3,fit
50797,Absent,3,outer_eval
50798,Absent,3,fit
50800,Absent,3,outer_eval
50802,Absent,3,outer_eval
50803,Absent,3,fit
50805,Absent,3,outer_eval
50807,Absent,3,outer_eval
50812,Absent,3,fit
50815,Absent,3,fit
50819,Absent,3,fit
50822,Absent,3,fit
50826,Absent,3,fit
50829,Absent,3,fit
51064,Present,3,fit
51331,Absent,3,fit
55945,Present,3,fit
57700,Present,3,fit
61117,Present,3,fit
64256,Present,3,fit
64715,Absent,3,outer_eval
68255,Present,3,fit
68269,Absent,3,fit
68292,Absent,3,fit
68316,Absent,3,early_stop
68327,Absent,3,outer_eval
68412,Absent,3,outer_eval
68419,Absent,3,fit
68423,Present,3,early_stop
68427,Absent,3,fit
68431,Absent,3,fit
68432,Present,3,fit
68436,Absent,3,early_stop
68449,Absent,3,outer_eval
68478,Absent,3,early_stop
68504,Absent,3,fit
68624,Absent,3,fit
68646,Absent,3,early_stop
68659,Absent,3,fit
68660,Absent,3,outer_eval
68682,Absent,3,fit
68702,Absent,3,outer_eval
68708,Present,3,outer_eval
68711,Absent,3,fit
68737,Absent,3,fit
68740,Present,3,fit
68752,Absent,3,fit
68756,Absent,3,fit
68827,Absent,3,early_stop
68861,Absent,3,outer_eval
68887,Absent,3,fit
69066,Absent,3,early_stop
69093,Present,3,fit
69106,Absent,3,fit
69112,Absent,3,fit
69129,Absent,3,fit
69141,Absent,3,outer_eval
69144,Absent,3,fit
69152,Absent,3,early_stop
69161,Absent,3,outer_eval
69174,Absent,3,fit
69188,Absent,3,fit
70280,Absent,3,fit
73316,Absent,3,early_stop
73497,Present,3,early_stop
74417,Absent,3,outer_eval
74420,Absent,3,fit
77373,Present,3,fit
78280,Present,3,fit
78592,Absent,3,fit
80348,Absent,3,fit
81035,Absent,3,early_stop
81297,Absent,3,fit
81501,Absent,3,early_stop
84687,Absent,3,outer_eval
84688,Absent,3,fit
84690,Present,3,fit
84692,Present,3,fit
84696,Absent,3,early_stop
84702,Present,3,early_stop
84704,Absent,3,fit
84706,Absent,3,fit
84708,Absent,3,fit
84709,Absent,3,fit
84721,Absent,3,fit
84725,Absent,3,fit
84730,Present,3,fit
84732,Present,3,fit
84733,Absent,3,fit
84734,Absent,3,fit
84735,Absent,3,fit
84738,Absent,3,fit
84742,Absent,3,fit
84743,Absent,3,fit
84749,Absent,3,outer_eval
84754,Absent,3,fit
84758,Absent,3,fit
84760,Absent,3,fit
84762,Absent,3,fit
84764,Absent,3,early_stop
84768,Absent,3,early_stop
84775,Absent,3,fit
84776,Absent,3,outer_eval
84779,Absent,3,fit
84784,Absent,3,fit
84785,Absent,3,fit
84786,Present,3,fit
84793,Absent,3,fit
84796,Absent,3,fit
84798,Absent,3,outer_eval
84799,Absent,3,fit
84802,Present,3,outer_eval
84803,Absent,3,fit
84804,Absent,3,early_stop
84805,Absent,3,outer_eval
84807,Absent,3,fit
84809,Absent,3,early_stop
84813,Absent,3,fit
84814,Absent,3,fit
84815,Absent,3,outer_eval
84822,Absent,3,fit
84823,Absent,3,early_stop
84824,Absent,3,outer_eval
84829,Absent,3,fit
84831,Absent,3,fit
84834,Present,3,outer_eval
84839,Absent,3,early_stop
84852,Absent,3,fit
84853,Present,3,fit
84854,Present,3,outer_eval
84855,Absent,3,early_stop
84856,Absent,3,fit
84859,Absent,3,fit
84861,Absent,3,outer_eval
84863,Present,3,fit
84864,Present,3,outer_eval
84866,Absent,3,fit
84868,Absent,3,fit
84870,Absent,3,fit
84874,Absent,3,fit
84876,Absent,3,fit
84877,Absent,3,fit
84878,Absent,3,fit
84882,Present,3,fit
84883,Absent,3,fit
84884,Absent,3,outer_eval
84885,Present,3,early_stop
84917,Absent,3,early_stop
84918,Absent,3,outer_eval
84920,Absent,3,fit
84922,Absent,3,fit
84923,Absent,3,fit
84928,Absent,3,early_stop
84930,Absent,3,fit
84935,Absent,3,early_stop
84945,Absent,3,fit
84946,Absent,3,fit
84947,Absent,3,outer_eval
84949,Present,3,fit
84952,Absent,3,fit
84957,Absent,3,early_stop
84961,Absent,3,outer_eval
84965,Absent,3,fit
84966,Absent,3,early_stop
84969,Absent,3,fit
84970,Absent,3,early_stop
84973,Absent,3,fit
84977,Absent,3,fit
84978,Absent,3,fit
84982,Absent,3,fit
84985,Absent,3,fit
84990,Absent,3,fit
84991,Absent,3,fit
84992,Absent,3,fit
84994,Absent,3,early_stop
85002,Present,3,outer_eval
85004,Present,3,outer_eval
85010,Absent,3,early_stop
85018,Absent,3,fit
85023,Absent,3,fit
85024,Present,3,fit
85026,Absent,3,fit
85027,Absent,3,fit
85028,Absent,3,fit
85030,Present,3,outer_eval
85031,Present,3,fit
85034,Absent,3,fit
85035,Absent,3,outer_eval
85036,Present,3,early_stop
85037,Present,3,early_stop
85042,Present,3,outer_eval
85044,Absent,3,fit
85048,Absent,3,fit
85053,Absent,3,fit
85055,Present,3,outer_eval
85057,Present,3,early_stop
85062,Absent,3,fit
85063,Absent,3,fit
85066,Absent,3,outer_eval
85069,Present,3,fit
85075,Absent,3,fit
85076,Absent,3,outer_eval
85079,Present,3,fit
85080,Present,3,early_stop
85084,Absent,3,outer_eval
85091,Absent,3,fit
85093,Absent,3,early_stop
85094,Absent,3,fit
85096,Absent,3,fit
85099,Absent,3,outer_eval
85100,Absent,3,outer_eval
85105,Absent,3,fit
85108,Present,3,early_stop
85109,Absent,3,fit
85113,Absent,3,fit
85116,Absent,3,fit
85118,Absent,3,early_stop
85121,Absent,3,fit
85122,Absent,3,fit
85128,Absent,3,early_stop
85131,Absent,3,fit
85132,Present,3,outer_eval
85134,Absent,3,fit
85135,Present,3,fit
85143,Absent,3,early_stop
85150,Absent,3,fit
85151,Absent,3,fit
85152,Absent,3,fit
85154,Absent,3,early_stop
85161,Absent,3,fit
85162,Absent,3,fit
85163,Absent,3,outer_eval
85165,Present,3,fit
85166,Absent,3,outer_eval
85167,Absent,3,fit
85168,Absent,3,fit
85169,Present,3,fit
85172,Present,3,fit
85176,Absent,3,fit
85180,Absent,3,fit
85181,Absent,3,early_stop
85184,Absent,3,fit
85186,Absent,3,early_stop
85192,Absent,3,outer_eval
85199,Present,3,fit
85207,Present,3,fit
85210,Absent,3,fit
85213,Absent,3,fit
85216,Absent,3,outer_eval
85217,Absent,3,fit
85219,Present,3,fit
85225,Absent,3,fit
85226,Absent,3,fit
85230,Absent,3,outer_eval
85236,Absent,3,early_stop
85239,Absent,3,fit
85240,Absent,3,fit
85242,Absent,3,fit
85243,Present,3,fit
85244,Absent,3,early_stop
85245,Absent,3,fit
85246,Absent,3,fit
85247,Absent,3,fit
85249,Absent,3,outer_eval
85252,Absent,3,fit
85253,Absent,3,fit
85259,Present,3,early_stop
85261,Present,3,early_stop
85264,Absent,3,fit
85265,Absent,3,fit
85269,Present,3,outer_eval
85270,Absent,3,outer_eval
85276,Present,3,fit
85277,Absent,3,outer_eval
85278,Absent,3,fit
85282,Absent,3,outer_eval
85285,Absent,3,fit
85286,Absent,3,fit
85287,Absent,3,fit
85288,Absent,3,outer_eval
85293,Absent,3,fit
85296,Absent,3,outer_eval
85299,Absent,3,fit
85301,Absent,3,fit
85305,Absent,3,fit
85306,Present,3,fit
85308,Absent,3,fit
85312,Absent,3,outer_eval
85315,Absent,3,fit
85316,Absent,3,fit
85321,Absent,3,fit
85326,Absent,3,fit
85327,Absent,3,fit
85328,Absent,3,outer_eval
85329,Absent,3,fit
85332,Absent,3,outer_eval
85334,Absent,3,fit
85335,Absent,3,fit
85336,Absent,3,early_stop
85338,Absent,3,outer_eval
85339,Present,3,fit
85340,Absent,3,outer_eval
85343,Present,3,outer_eval
85345,Absent,3,fit
85349,Absent,3,fit
9979,Present,3,fit
14241,Present,4,outer_eval
14998,Absent,4,fit
24160,Absent,4,fit
2530,Absent,4,fit
29045,Present,4,fit
33151,Present,4,fit
38337,Absent,4,outer_eval
39043,Absent,4,fit
39403,Absent,4,outer_eval
40058,Absent,4,fit
40798,Absent,4,fit
43852,Absent,4,early_stop
44514,Present,4,outer_eval
45843,Present,4,fit
46065,Present,4,outer_eval
46532,Absent,4,fit
47002,Present,4,fit
49561,Absent,4,fit
49572,Present,4,fit
49574,Present,4,early_stop
49577,Absent,4,fit
49585,Absent,4,fit
49595,Present,4,fit
49598,Absent,4,fit
49610,Absent,4,fit
49627,Present,4,outer_eval
49628,Present,4,outer_eval
49631,Absent,4,fit
49638,Present,4,fit
49659,Absent,4,outer_eval
49661,Absent,4,fit
49678,Absent,4,fit
49683,Absent,4,early_stop
49687,Absent,4,fit
49691,Present,4,outer_eval
49712,Present,4,fit
49719,Absent,4,fit
49729,Absent,4,fit
49735,Absent,4,fit
49745,Absent,4,fit
49751,Present,4,outer_eval
49808,Absent,4,fit
49823,Present,4,fit
49824,Present,4,outer_eval
49838,Present,4,fit
49839,Absent,4,early_stop
49842,Absent,4,fit
49853,Absent,4,fit
49854,Absent,4,fit
49876,Absent,4,fit
49896,Absent,4,fit
49930,Absent,4,fit
49931,Present,4,early_stop
49946,Absent,4,early_stop
49952,Absent,4,fit
49959,Absent,4,early_stop
49968,Absent,4,fit
49969,Absent,4,fit
49970,Absent,4,fit
49980,Absent,4,fit
49983,Absent,4,outer_eval
49986,Absent,4,outer_eval
49987,Absent,4,fit
49989,Present,4,early_stop
49990,Absent,4,outer_eval
49993,Absent,4,fit
49994,Present,4,fit
49995,Absent,4,fit
49999,Absent,4,early_stop
50004,Absent,4,outer_eval
50005,Absent,4,fit
50006,Absent,4,fit
50007,Absent,4,fit
50008,Absent,4,fit
50009,Absent,4,fit
50014,Absent,4,early_stop
50015,Absent,4,fit
50017,Absent,4,fit
50018,Absent,4,outer_eval
50023,Absent,4,fit
50026,Absent,4,early_stop
50027,Absent,4,fit
50029,Absent,4,fit
50034,Absent,4,outer_eval
50037,Absent,4,early_stop
50043,Absent,4,outer_eval
50047,Absent,4,fit
50049,Absent,4,fit
50054,Present,4,fit
50057,Absent,4,fit
50061,Absent,4,outer_eval
50066,Absent,4,fit
50070,Absent,4,early_stop
50072,Absent,4,outer_eval
50074,Absent,4,early_stop
50076,Absent,4,fit
50077,Absent,4,early_stop
50085,Absent,4,fit
50089,Absent,4,early_stop
50092,Absent,4,fit
50099,Present,4,fit
50100,Absent,4,outer_eval
50103,Absent,4,fit
50104,Absent,4,fit
50105,Absent,4,fit
50109,Absent,4,fit
50113,Absent,4,fit
50117,Absent,4,fit
50118,Present,4,fit
50119,Absent,4,fit
50121,Absent,4,early_stop
50122,Absent,4,fit
50125,Absent,4,fit
50126,Absent,4,outer_eval
50127,Present,4,fit
50128,Absent,4,fit
50129,Present,4,fit
50136,Present,4,outer_eval
50137,Absent,4,fit
50141,Absent,4,fit
50142,Absent,4,fit
50145,Absent,4,fit
50146,Absent,4,early_stop
50149,Present,4,fit
50150,Present,4,fit
50155,Absent,4,fit
50159,Present,4,fit
50160,Absent,4,fit
50161,Present,4,fit
50164,Absent,4,fit
50166,Absent,4,fit
50174,Absent,4,outer_eval
50206,Absent,4,fit
50207,Absent,4,fit
50210,Absent,4,outer_eval
50213,Absent,4,fit
50214,Absent,4,fit
50216,Absent,4,fit
50218,Absent,4,fit
50219,Absent,4,outer_eval
50221,Present,4,fit
50222,Absent,4,fit
50225,Absent,4,early_stop
50228,Absent,4,fit
50230,Absent,4,outer_eval
50233,Present,4,fit
50238,Present,4,fit
50239,Absent,4,fit
50241,Absent,4,outer_eval
50244,Absent,4,fit
50247,Absent,4,fit
50250,Absent,4,fit
50251,Absent,4,outer_eval
50256,Present,4,outer_eval
50258,Present,4,early_stop
50260,Present,4,fit
50263,Absent,4,early_stop
50264,Absent,4,outer_eval
50272,Absent,4,early_stop
50275,Absent,4,early_stop
50276,Absent,4,fit
50278,Absent,4,fit
50285,Present,4,fit
50289,Present,4,fit
50295,Absent,4,outer_eval
50296,Absent,4,fit
50297,Absent,4,fit
50298,Absent,4,fit
50299,Absent,4,fit
50303,Absent,4,early_stop
50306,Absent,4,fit
50312,Absent,4,fit
50314,Absent,4,fit
50316,Absent,4,outer_eval
50317,Absent,4,fit
50318,Absent,4,fit
50321,Absent,4,outer_eval
50327,Absent,4,fit
50331,Present,4,fit
50332,Present,4,fit
50335,Absent,4,early_stop
50337,Absent,4,fit
50339,Absent,4,fit
50341,Absent,4,outer_eval
50342,Absent,4,early_stop
50343,Absent,4,early_stop
50348,Absent,4,fit
50349,Absent,4,early_stop
50354,Absent,4,fit
50359,Absent,4,fit
50375,Absent,4,outer_eval
50386,Absent,4,fit
50388,Absent,4,fit
50391,Absent,4,fit
50393,Absent,4,fit
50619,Absent,4,early_stop
50620,Absent,4,early_stop
50621,Absent,4,fit
50625,Absent,4,outer_eval
50635,Absent,4,early_stop
50641,Absent,4,fit
50644,Absent,4,fit
50645,Absent,4,fit
50649,Absent,4,fit
50652,Absent,4,fit
50654,Absent,4,fit
50655,Absent,4,fit
50656,Present,4,early_stop
50657,Absent,4,fit
50659,Absent,4,outer_eval
50665,Absent,4,fit
50667,Absent,4,early_stop
50668,Absent,4,fit
50669,Absent,4,fit
50671,Absent,4,outer_eval
50673,Absent,4,fit
50687,Absent,4,fit
50688,Absent,4,fit
50690,Absent,4,early_stop
50691,Absent,4,fit
50693,Absent,4,fit
50699,Absent,4,outer_eval
50708,Absent,4,outer_eval
50713,Absent,4,fit
50715,Absent,4,early_stop
50720,Absent,4,fit
50721,Absent,4,fit
50723,Absent,4,outer_eval
50725,Absent,4,fit
50727,Absent,4,fit
50729,Absent,4,outer_eval
50731,Absent,4,outer_eval
50732,Absent,4,fit
50734,Present,4,fit
50735,Present,4,early_stop
50736,Present,4,fit
50737,Absent,4,fit
50738,Absent,4,fit
50740,Absent,4,early_stop
50746,Present,4,outer_eval
50747,Absent,4,early_stop
50748,Absent,4,outer_eval
50751,Absent,4,early_stop
50752,Absent,4,fit
50754,Absent,4,fit
50756,Absent,4,outer_eval
50757,Present,4,fit
50758,Absent,4,fit
50762,Absent,4,early_stop
50763,Absent,4,fit
50768,Absent,4,fit
50770,Absent,4,fit
50771,Absent,4,early_stop
50772,Absent,4,outer_eval
50773,Absent,4,fit
50776,Absent,4,fit
50781,Present,4,fit
50782,Absent,4,outer_eval
50784,Absent,4,fit
50787,Absent,4,fit
50788,Absent,4,fit
50790,Present,4,outer_eval
50796,Absent,4,fit
50797,Absent,4,fit
50798,Absent,4,early_stop
50800,Absent,4,fit
50802,Absent,4,fit
50803,Absent,4,outer_eval
50805,Absent,4,fit
50807,Absent,4,fit
50812,Absent,4,fit
50815,Absent,4,fit
50819,Absent,4,fit
50822,Absent,4,fit
50826,Absent,4,fit
50829,Absent,4,fit
51064,Present,4,outer_eval
51331,Absent,4,outer_eval
55945,Present,4,early_stop
57700,Present,4,fit
61117,Present,4,fit
64256,Present,4,fit
64715,Absent,4,fit
68255,Present,4,fit
68269,Absent,4,fit
68292,Absent,4,early_stop
68316,Absent,4,fit
68327,Absent,4,fit
68412,Absent,4,early_stop
68419,Absent,4,outer_eval
68423,Present,4,fit
68427,Absent,4,outer_eval
68431,Absent,4,early_stop
68432,Present,4,fit
68436,Absent,4,fit
68449,Absent,4,fit
68478,Absent,4,fit
68504,Absent,4,fit
68624,Absent,4,fit
68646,Absent,4,fit
68659,Absent,4,early_stop
68660,Absent,4,fit
68682,Absent,4,outer_eval
68702,Absent,4,fit
68708,Present,4,fit
68711,Absent,4,early_stop
68737,Absent,4,early_stop
68740,Present,4,fit
68752,Absent,4,outer_eval
68756,Absent,4,fit
68827,Absent,4,fit
68861,Absent,4,fit
68887,Absent,4,outer_eval
69066,Absent,4,early_stop
69093,Present,4,outer_eval
69106,Absent,4,early_stop
69112,Absent,4,fit
69129,Absent,4,fit
69141,Absent,4,fit
69144,Absent,4,fit
69152,Absent,4,early_stop
69161,Absent,4,early_stop
69174,Absent,4,fit
69188,Absent,4,fit
70280,Absent,4,fit
73316,Absent,4,outer_eval
73497,Present,4,early_stop
74417,Absent,4,fit
74420,Absent,4,fit
77373,Present,4,early_stop
78280,Present,4,fit
78592,Absent,4,fit
80348,Absent,4,fit
81035,Absent,4,fit
81297,Absent,4,outer_eval
81501,Absent,4,fit
84687,Absent,4,fit
84688,Absent,4,fit
84690,Present,4,early_stop
84692,Present,4,outer_eval
84696,Absent,4,outer_eval
84702,Present,4,early_stop
84704,Absent,4,outer_eval
84706,Absent,4,fit
84708,Absent,4,outer_eval
84709,Absent,4,fit
84721,Absent,4,early_stop
84725,Absent,4,fit
84730,Present,4,fit
84732,Present,4,fit
84733,Absent,4,fit
84734,Absent,4,fit
84735,Absent,4,fit
84738,Absent,4,outer_eval
84742,Absent,4,outer_eval
84743,Absent,4,fit
84749,Absent,4,early_stop
84754,Absent,4,outer_eval
84758,Absent,4,outer_eval
84760,Absent,4,fit
84762,Absent,4,fit
84764,Absent,4,outer_eval
84768,Absent,4,fit
84775,Absent,4,early_stop
84776,Absent,4,early_stop
84779,Absent,4,outer_eval
84784,Absent,4,fit
84785,Absent,4,fit
84786,Present,4,fit
84793,Absent,4,outer_eval
84796,Absent,4,outer_eval
84798,Absent,4,fit
84799,Absent,4,early_stop
84802,Present,4,fit
84803,Absent,4,outer_eval
84804,Absent,4,fit
84805,Absent,4,fit
84807,Absent,4,fit
84809,Absent,4,early_stop
84813,Absent,4,fit
84814,Absent,4,outer_eval
84815,Absent,4,early_stop
84822,Absent,4,outer_eval
84823,Absent,4,fit
84824,Absent,4,fit
84829,Absent,4,fit
84831,Absent,4,fit
84834,Present,4,fit
84839,Absent,4,outer_eval
84852,Absent,4,fit
84853,Present,4,fit
84854,Present,4,early_stop
84855,Absent,4,fit
84856,Absent,4,fit
84859,Absent,4,early_stop
84861,Absent,4,early_stop
84863,Present,4,outer_eval
84864,Present,4,fit
84866,Absent,4,outer_eval
84868,Absent,4,fit
84870,Absent,4,outer_eval
84874,Absent,4,outer_eval
84876,Absent,4,outer_eval
84877,Absent,4,fit
84878,Absent,4,fit
84882,Present,4,fit
84883,Absent,4,early_stop
84884,Absent,4,fit
84885,Present,4,fit
84917,Absent,4,outer_eval
84918,Absent,4,fit
84920,Absent,4,fit
84922,Absent,4,outer_eval
84923,Absent,4,fit
84928,Absent,4,outer_eval
84930,Absent,4,fit
84935,Absent,4,fit
84945,Absent,4,fit
84946,Absent,4,fit
84947,Absent,4,fit
84949,Present,4,fit
84952,Absent,4,outer_eval
84957,Absent,4,fit
84961,Absent,4,fit
84965,Absent,4,fit
84966,Absent,4,fit
84969,Absent,4,outer_eval
84970,Absent,4,fit
84973,Absent,4,early_stop
84977,Absent,4,outer_eval
84978,Absent,4,fit
84982,Absent,4,outer_eval
84985,Absent,4,outer_eval
84990,Absent,4,fit
84991,Absent,4,fit
84992,Absent,4,fit
84994,Absent,4,fit
85002,Present,4,fit
85004,Present,4,fit
85010,Absent,4,fit
85018,Absent,4,fit
85023,Absent,4,early_stop
85024,Present,4,fit
85026,Absent,4,early_stop
85027,Absent,4,outer_eval
85028,Absent,4,fit
85030,Present,4,fit
85031,Present,4,outer_eval
85034,Absent,4,fit
85035,Absent,4,fit
85036,Present,4,fit
85037,Present,4,early_stop
85042,Present,4,fit
85044,Absent,4,outer_eval
85048,Absent,4,early_stop
85053,Absent,4,fit
85055,Present,4,early_stop
85057,Present,4,early_stop
85062,Absent,4,outer_eval
85063,Absent,4,fit
85066,Absent,4,fit
85069,Present,4,fit
85075,Absent,4,fit
85076,Absent,4,fit
85079,Present,4,fit
85080,Present,4,fit
85084,Absent,4,fit
85091,Absent,4,fit
85093,Absent,4,fit
85094,Absent,4,fit
85096,Absent,4,fit
85099,Absent,4,fit
85100,Absent,4,fit
85105,Absent,4,fit
85108,Present,4,early_stop
85109,Absent,4,outer_eval
85113,Absent,4,early_stop
85116,Absent,4,outer_eval
85118,Absent,4,outer_eval
85121,Absent,4,outer_eval
85122,Absent,4,fit
85128,Absent,4,fit
85131,Absent,4,fit
85132,Present,4,fit
85134,Absent,4,fit
85135,Present,4,fit
85143,Absent,4,fit
85150,Absent,4,early_stop
85151,Absent,4,early_stop
85152,Absent,4,fit
85154,Absent,4,fit
85161,Absent,4,outer_eval
85162,Absent,4,fit
85163,Absent,4,early_stop
85165,Present,4,fit
85166,Absent,4,fit
85167,Absent,4,outer_eval
85168,Absent,4,fit
85169,Present,4,early_stop
85172,Present,4,outer_eval
85176,Absent,4,fit
85180,Absent,4,fit
85181,Absent,4,fit
85184,Absent,4,fit
85186,Absent,4,fit
85192,Absent,4,early_stop
85199,Present,4,fit
85207,Present,4,outer_eval
85210,Absent,4,early_stop
85213,Absent,4,fit
85216,Absent,4,early_stop
85217,Absent,4,early_stop
85219,Present,4,outer_eval
85225,Absent,4,early_stop
85226,Absent,4,fit
85230,Absent,4,fit
85236,Absent,4,fit
85239,Absent,4,outer_eval
85240,Absent,4,fit
85242,Absent,4,fit
85243,Present,4,outer_eval
85244,Absent,4,early_stop
85245,Absent,4,fit
85246,Absent,4,outer_eval
85247,Absent,4,fit
85249,Absent,4,fit
85252,Absent,4,fit
85253,Absent,4,outer_eval
85259,Present,4,fit
85261,Present,4,early_stop
85264,Absent,4,outer_eval
85265,Absent,4,early_stop
85269,Present,4,fit
85270,Absent,4,fit
85276,Present,4,outer_eval
85277,Absent,4,fit
85278,Absent,4,fit
85282,Absent,4,fit
85285,Absent,4,fit
85286,Absent,4,fit
85287,Absent,4,fit
85288,Absent,4,fit
85293,Absent,4,early_stop
85296,Absent,4,fit
85299,Absent,4,outer_eval
85301,Absent,4,fit
85305,Absent,4,fit
85306,Present,4,fit
85308,Absent,4,outer_eval
85312,Absent,4,fit
85315,Absent,4,fit
85316,Absent,4,fit
85321,Absent,4,fit
85326,Absent,4,fit
85327,Absent,4,early_stop
85328,Absent,4,fit
85329,Absent,4,outer_eval
85332,Absent,4,fit
85334,Absent,4,fit
85335,Absent,4,fit
85336,Absent,4,fit
85338,Absent,4,fit
85339,Present,4,fit
85340,Absent,4,fit
85343,Present,4,fit
85345,Absent,4,fit
85349,Absent,4,outer_eval
9979,Present,4,fit
14241,Present,5,fit
14998,Absent,5,fit
24160,Absent,5,fit
2530,Absent,5,early_stop
29045,Present,5,fit
33151,Present,5,fit
38337,Absent,5,fit
39043,Absent,5,early_stop
39403,Absent,5,fit
40058,Absent,5,fit
40798,Absent,5,fit
43852,Absent,5,outer_eval
44514,Present,5,fit
45843,Present,5,fit
46065,Present,5,fit
46532,Absent,5,fit
47002,Present,5,fit
49561,Absent,5,fit
49572,Present,5,fit
49574,Present,5,outer_eval
49577,Absent,5,fit
49585,Absent,5,fit
49595,Present,5,fit
49598,Absent,5,fit
49610,Absent,5,outer_eval
49627,Present,5,fit
49628,Present,5,fit
49631,Absent,5,fit
49638,Present,5,fit
49659,Absent,5,fit
49661,Absent,5,outer_eval
49678,Absent,5,fit
49683,Absent,5,fit
49687,Absent,5,fit
49691,Present,5,early_stop
49712,Present,5,fit
49719,Absent,5,fit
49729,Absent,5,fit
49735,Absent,5,fit
49745,Absent,5,early_stop
49751,Present,5,fit
49808,Absent,5,fit
49823,Present,5,fit
49824,Present,5,fit
49838,Present,5,outer_eval
49839,Absent,5,early_stop
49842,Absent,5,fit
49853,Absent,5,fit
49854,Absent,5,fit
49876,Absent,5,early_stop
49896,Absent,5,fit
49930,Absent,5,fit
49931,Present,5,early_stop
49946,Absent,5,fit
49952,Absent,5,fit
49959,Absent,5,fit
49968,Absent,5,fit
49969,Absent,5,fit
49970,Absent,5,fit
49980,Absent,5,fit
49983,Absent,5,fit
49986,Absent,5,fit
49987,Absent,5,fit
49989,Present,5,fit
49990,Absent,5,fit
49993,Absent,5,fit
49994,Present,5,fit
49995,Absent,5,fit
49999,Absent,5,fit
50004,Absent,5,fit
50005,Absent,5,outer_eval
50006,Absent,5,fit
50007,Absent,5,fit
50008,Absent,5,fit
50009,Absent,5,early_stop
50014,Absent,5,fit
50015,Absent,5,early_stop
50017,Absent,5,fit
50018,Absent,5,early_stop
50023,Absent,5,outer_eval
50026,Absent,5,early_stop
50027,Absent,5,fit
50029,Absent,5,fit
50034,Absent,5,fit
50037,Absent,5,fit
50043,Absent,5,fit
50047,Absent,5,early_stop
50049,Absent,5,fit
50054,Present,5,early_stop
50057,Absent,5,outer_eval
50061,Absent,5,fit
50066,Absent,5,fit
50070,Absent,5,fit
50072,Absent,5,fit
50074,Absent,5,early_stop
50076,Absent,5,outer_eval
50077,Absent,5,outer_eval
50085,Absent,5,early_stop
50089,Absent,5,fit
50092,Absent,5,fit
50099,Present,5,fit
50100,Absent,5,fit
50103,Absent,5,fit
50104,Absent,5,early_stop
50105,Absent,5,outer_eval
50109,Absent,5,early_stop
50113,Absent,5,early_stop
50117,Absent,5,outer_eval
50118,Present,5,fit
50119,Absent,5,fit
50121,Absent,5,fit
50122,Absent,5,outer_eval
50125,Absent,5,fit
50126,Absent,5,fit
50127,Present,5,early_stop
50128,Absent,5,fit
50129,Present,5,fit
50136,Present,5,fit
50137,Absent,5,early_stop
50141,Absent,5,outer_eval
50142,Absent,5,fit
50145,Absent,5,fit
50146,Absent,5,fit
50149,Present,5,fit
50150,Present,5,fit
50155,Absent,5,fit
50159,Present,5,outer_eval
50160,Absent,5,fit
50161,Present,5,outer_eval
50164,Absent,5,fit
50166,Absent,5,outer_eval
50174,Absent,5,early_stop
50206,Absent,5,early_stop
50207,Absent,5,fit
50210,Absent,5,early_stop
50213,Absent,5,early_stop
50214,Absent,5,fit
50216,Absent,5,outer_eval
50218,Absent,5,fit
50219,Absent,5,fit
50221,Present,5,fit
50222,Absent,5,fit
50225,Absent,5,fit
50228,Absent,5,fit
50230,Absent,5,fit
50233,Present,5,fit
50238,Present,5,fit
50239,Absent,5,fit
50241,Absent,5,fit
50244,Absent,5,fit
50247,Absent,5,early_stop
50250,Absent,5,fit
50251,Absent,5,fit
50256,Present,5,fit
50258,Present,5,fit
50260,Present,5,fit
50263,Absent,5,fit
50264,Absent,5,fit
50272,Absent,5,fit
50275,Absent,5,outer_eval
50276,Absent,5,fit
50278,Absent,5,outer_eval
50285,Present,5,early_stop
50289,Present,5,fit
50295,Absent,5,fit
50296,Absent,5,fit
50297,Absent,5,fit
50298,Absent,5,fit
50299,Absent,5,fit
50303,Absent,5,early_stop
50306,Absent,5,outer_eval
50312,Absent,5,outer_eval
50314,Absent,5,early_stop
50316,Absent,5,fit
50317,Absent,5,outer_eval
50318,Absent,5,outer_eval
50321,Absent,5,fit
50327,Absent,5,fit
50331,Present,5,fit
50332,Present,5,fit
50335,Absent,5,fit
50337,Absent,5,fit
50339,Absent,5,fit
50341,Absent,5,fit
50342,Absent,5,fit
50343,Absent,5,fit
50348,Absent,5,fit
50349,Absent,5,outer_eval
50354,Absent,5,outer_eval
50359,Absent,5,outer_eval
50375,Absent,5,early_stop
50386,Absent,5,fit
50388,Absent,5,outer_eval
50391,Absent,5,fit
50393,Absent,5,outer_eval
50619,Absent,5,fit
50620,Absent,5,outer_eval
50621,Absent,5,fit
50625,Absent,5,fit
50635,Absent,5,fit
50641,Absent,5,fit
50644,Absent,5,fit
50645,Absent,5,outer_eval
50649,Absent,5,early_stop
50652,Absent,5,outer_eval
50654,Absent,5,early_stop
50655,Absent,5,fit
50656,Present,5,fit
50657,Absent,5,outer_eval
50659,Absent,5,early_stop
50665,Absent,5,fit
50667,Absent,5,outer_eval
50668,Absent,5,fit
50669,Absent,5,fit
50671,Absent,5,fit
50673,Absent,5,outer_eval
50687,Absent,5,fit
50688,Absent,5,fit
50690,Absent,5,early_stop
50691,Absent,5,outer_eval
50693,Absent,5,fit
50699,Absent,5,fit
50708,Absent,5,fit
50713,Absent,5,outer_eval
50715,Absent,5,outer_eval
50720,Absent,5,fit
50721,Absent,5,early_stop
50723,Absent,5,fit
50725,Absent,5,fit
50727,Absent,5,outer_eval
50729,Absent,5,fit
50731,Absent,5,early_stop
50732,Absent,5,early_stop
50734,Present,5,fit
50735,Present,5,outer_eval
50736,Present,5,fit
50737,Absent,5,outer_eval
50738,Absent,5,outer_eval
50740,Absent,5,fit
50746,Present,5,early_stop
50747,Absent,5,early_stop
50748,Absent,5,fit
50751,Absent,5,fit
50752,Absent,5,early_stop
50754,Absent,5,fit
50756,Absent,5,early_stop
50757,Present,5,fit
50758,Absent,5,outer_eval
50762,Absent,5,fit
50763,Absent,5,early_stop
50768,Absent,5,fit
50770,Absent,5,fit
50771,Absent,5,fit
50772,Absent,5,fit
50773,Absent,5,outer_eval
50776,Absent,5,fit
50781,Present,5,early_stop
50782,Absent,5,early_stop
50784,Absent,5,early_stop
50787,Absent,5,fit
50788,Absent,5,fit
50790,Present,5,fit
50796,Absent,5,early_stop
50797,Absent,5,fit
50798,Absent,5,outer_eval
50800,Absent,5,fit
50802,Absent,5,fit
50803,Absent,5,fit
50805,Absent,5,early_stop
50807,Absent,5,early_stop
50812,Absent,5,fit
50815,Absent,5,fit
50819,Absent,5,outer_eval
50822,Absent,5,fit
50826,Absent,5,fit
50829,Absent,5,outer_eval
51064,Present,5,fit
51331,Absent,5,early_stop
55945,Present,5,fit
57700,Present,5,early_stop
61117,Present,5,outer_eval
64256,Present,5,outer_eval
64715,Absent,5,fit
68255,Present,5,early_stop
68269,Absent,5,fit
68292,Absent,5,fit
68316,Absent,5,fit
68327,Absent,5,fit
68412,Absent,5,fit
68419,Absent,5,fit
68423,Present,5,fit
68427,Absent,5,fit
68431,Absent,5,fit
68432,Present,5,outer_eval
68436,Absent,5,fit
68449,Absent,5,early_stop
68478,Absent,5,outer_eval
68504,Absent,5,fit
68624,Absent,5,outer_eval
68646,Absent,5,outer_eval
68659,Absent,5,fit
68660,Absent,5,fit
68682,Absent,5,fit
68702,Absent,5,fit
68708,Present,5,early_stop
68711,Absent,5,fit
68737,Absent,5,outer_eval
68740,Present,5,fit
68752,Absent,5,fit
68756,Absent,5,fit
68827,Absent,5,fit
68861,Absent,5,early_stop
68887,Absent,5,fit
69066,Absent,5,early_stop
69093,Present,5,fit
69106,Absent,5,early_stop
69112,Absent,5,early_stop
69129,Absent,5,fit
69141,Absent,5,fit
69144,Absent,5,fit
69152,Absent,5,early_stop
69161,Absent,5,early_stop
69174,Absent,5,fit
69188,Absent,5,early_stop
70280,Absent,5,outer_eval
73316,Absent,5,fit
73497,Present,5,fit
74417,Absent,5,early_stop
74420,Absent,5,outer_eval
77373,Present,5,fit
78280,Present,5,fit
78592,Absent,5,fit
80348,Absent,5,outer_eval
81035,Absent,5,early_stop
81297,Absent,5,fit
81501,Absent,5,fit
84687,Absent,5,early_stop
84688,Absent,5,fit
84690,Present,5,fit
84692,Present,5,fit
84696,Absent,5,early_stop
84702,Present,5,fit
84704,Absent,5,fit
84706,Absent,5,outer_eval
84708,Absent,5,fit
84709,Absent,5,early_stop
84721,Absent,5,outer_eval
84725,Absent,5,fit
84730,Present,5,outer_eval
84732,Present,5,outer_eval
84733,Absent,5,outer_eval
84734,Absent,5,fit
84735,Absent,5,fit
84738,Absent,5,fit
84742,Absent,5,early_stop
84743,Absent,5,outer_eval
84749,Absent,5,fit
84754,Absent,5,fit
84758,Absent,5,early_stop
84760,Absent,5,outer_eval
84762,Absent,5,fit
84764,Absent,5,early_stop
84768,Absent,5,fit
84775,Absent,5,fit
84776,Absent,5,fit
84779,Absent,5,fit
84784,Absent,5,fit
84785,Absent,5,fit
84786,Present,5,outer_eval
84793,Absent,5,fit
84796,Absent,5,fit
84798,Absent,5,fit
84799,Absent,5,outer_eval
84802,Present,5,fit
84803,Absent,5,fit
84804,Absent,5,early_stop
84805,Absent,5,fit
84807,Absent,5,fit
84809,Absent,5,fit
84813,Absent,5,outer_eval
84814,Absent,5,fit
84815,Absent,5,fit
84822,Absent,5,fit
84823,Absent,5,fit
84824,Absent,5,fit
84829,Absent,5,fit
84831,Absent,5,outer_eval
84834,Present,5,fit
84839,Absent,5,fit
84852,Absent,5,fit
84853,Present,5,outer_eval
84854,Present,5,fit
84855,Absent,5,outer_eval
84856,Absent,5,fit
84859,Absent,5,fit
84861,Absent,5,early_stop
84863,Present,5,fit
84864,Present,5,fit
84866,Absent,5,early_stop
84868,Absent,5,fit
84870,Absent,5,fit
84874,Absent,5,fit
84876,Absent,5,fit
84877,Absent,5,outer_eval
84878,Absent,5,fit
84882,Present,5,outer_eval
84883,Absent,5,fit
84884,Absent,5,fit
84885,Present,5,outer_eval
84917,Absent,5,fit
84918,Absent,5,fit
84920,Absent,5,outer_eval
84922,Absent,5,fit
84923,Absent,5,outer_eval
84928,Absent,5,fit
84930,Absent,5,fit
84935,Absent,5,outer_eval
84945,Absent,5,fit
84946,Absent,5,outer_eval
84947,Absent,5,fit
84949,Present,5,fit
84952,Absent,5,fit
84957,Absent,5,fit
84961,Absent,5,fit
84965,Absent,5,fit
84966,Absent,5,early_stop
84969,Absent,5,fit
84970,Absent,5,outer_eval
84973,Absent,5,fit
84977,Absent,5,fit
84978,Absent,5,outer_eval
84982,Absent,5,fit
84985,Absent,5,fit
84990,Absent,5,outer_eval
84991,Absent,5,outer_eval
84992,Absent,5,outer_eval
84994,Absent,5,fit
85002,Present,5,early_stop
85004,Present,5,fit
85010,Absent,5,early_stop
85018,Absent,5,outer_eval
85023,Absent,5,outer_eval
85024,Present,5,outer_eval
85026,Absent,5,outer_eval
85027,Absent,5,fit
85028,Absent,5,fit
85030,Present,5,fit
85031,Present,5,early_stop
85034,Absent,5,outer_eval
85035,Absent,5,fit
85036,Present,5,fit
85037,Present,5,outer_eval
85042,Present,5,fit
85044,Absent,5,fit
85048,Absent,5,outer_eval
85053,Absent,5,fit
85055,Present,5,fit
85057,Present,5,outer_eval
85062,Absent,5,fit
85063,Absent,5,fit
85066,Absent,5,fit
85069,Present,5,fit
85075,Absent,5,outer_eval
85076,Absent,5,fit
85079,Present,5,early_stop
85080,Present,5,outer_eval
85084,Absent,5,fit
85091,Absent,5,early_stop
85093,Absent,5,fit
85094,Absent,5,outer_eval
85096,Absent,5,outer_eval
85099,Absent,5,fit
85100,Absent,5,fit
85105,Absent,5,outer_eval
85108,Present,5,early_stop
85109,Absent,5,fit
85113,Absent,5,fit
85116,Absent,5,early_stop
85118,Absent,5,early_stop
85121,Absent,5,fit
85122,Absent,5,fit
85128,Absent,5,early_stop
85131,Absent,5,outer_eval
85132,Present,5,fit
85134,Absent,5,outer_eval
85135,Present,5,fit
85143,Absent,5,fit
85150,Absent,5,outer_eval
85151,Absent,5,fit
85152,Absent,5,fit
85154,Absent,5,fit
85161,Absent,5,fit
85162,Absent,5,fit
85163,Absent,5,fit
85165,Present,5,fit
85166,Absent,5,fit
85167,Absent,5,fit
85168,Absent,5,early_stop
85169,Present,5,fit
85172,Present,5,fit
85176,Absent,5,fit
85180,Absent,5,fit
85181,Absent,5,fit
85184,Absent,5,fit
85186,Absent,5,fit
85192,Absent,5,early_stop
85199,Present,5,outer_eval
85207,Present,5,fit
85210,Absent,5,outer_eval
85213,Absent,5,outer_eval
85216,Absent,5,fit
85217,Absent,5,outer_eval
85219,Present,5,fit
85225,Absent,5,fit
85226,Absent,5,fit
85230,Absent,5,fit
85236,Absent,5,outer_eval
85239,Absent,5,fit
85240,Absent,5,fit
85242,Absent,5,fit
85243,Present,5,fit
85244,Absent,5,outer_eval
85245,Absent,5,fit
85246,Absent,5,early_stop
85247,Absent,5,fit
85249,Absent,5,fit
85252,Absent,5,outer_eval
85253,Absent,5,fit
85259,Present,5,outer_eval
85261,Present,5,early_stop
85264,Absent,5,fit
85265,Absent,5,outer_eval
85269,Present,5,early_stop
85270,Absent,5,fit
85276,Present,5,early_stop
85277,Absent,5,fit
85278,Absent,5,early_stop
85282,Absent,5,fit
85285,Absent,5,fit
85286,Absent,5,outer_eval
85287,Absent,5,fit
85288,Absent,5,fit
85293,Absent,5,fit
85296,Absent,5,fit
85299,Absent,5,fit
85301,Absent,5,early_stop
85305,Absent,5,fit
85306,Present,5,early_stop
85308,Absent,5,early_stop
85312,Absent,5,fit
85315,Absent,5,fit
85316,Absent,5,outer_eval
85321,Absent,5,fit
85326,Absent,5,fit
85327,Absent,5,outer_eval
85328,Absent,5,fit
85329,Absent,5,fit
85332,Absent,5,fit
85334,Absent,5,fit
85335,Absent,5,fit
85336,Absent,5,early_stop
85338,Absent,5,fit
85339,Present,5,outer_eval
85340,Absent,5,fit
85343,Present,5,fit
85345,Absent,5,outer_eval
85349,Absent,5,fit
9979,Present,5,outer_eval
