participant_id,participant_label,recording_count,segment_count,sites,recording_ids,outside_declared_present_recordings_in_bag
14241,Present,4,33,AV+ MV+ PV+ TV,14241_AV;14241_MV;14241_PV;14241_TV,0
14998,Absent,4,31,AV+ MV+ PV+ TV,14998_AV;14998_MV;14998_PV;14998_TV,0
24160,Absent,4,19,AV+ MV+ PV+ TV,24160_AV;24160_MV;24160_PV;24160_TV,0
2530,Absent,4,25,AV+ MV+ PV+ TV,2530_AV;2530_MV;2530_PV;2530_TV,0
29045,Present,4,30,AV+ MV+ PV+ TV,29045_AV;29045_MV;29045_PV;29045_TV,0
33151,Present,4,20,AV+ MV+ PV+ TV,33151_AV;33151_MV;33151_PV;33151_TV,2
38337,Absent,4,32,AV+ MV,38337_AV;38337_MV;49622_AV;49622_MV,0
39043,Absent,4,18,AV+ MV+ PV+ TV,39043_AV;39043_MV;39043_PV;39043_TV,0
39403,Absent,4,18,AV+ MV+ PV+ TV,39403_AV;39403_MV;39403_PV;39403_TV,0
40058,Absent,4,24,AV+ MV+ PV+ TV,40058_AV;40058_MV;40058_PV;40058_TV,0
40798,Absent,4,31,AV+ MV+ PV+ TV,40798_AV;40798_MV;40798_PV;40798_TV,0
43852,Absent,4,27,AV+ MV+ PV+ TV,43852_AV;43852_MV;43852_PV;43852_TV,0
44514,Present,4,28,AV+ MV+ PV+ TV,44514_AV;44514_MV;44514_PV;44514_TV,0
45843,Present,8,73,AV+ MV+ PV+ TV,45843_AV;45843_MV;45843_PV;45843_TV;49821_AV;49821_MV;49821_PV;49821_TV,2
46065,Present,4,19,AV+ MV+ PV+ TV,46065_AV;46065_MV;46065_PV;46065_TV,0
46532,Absent,1,7,AV,46532_AV,0
47002,Present,2,17,AV+ MV,47002_AV;47002_MV,1
49561,Absent,4,43,AV+ MV+ PV+ TV,49561_AV;49561_MV;49561_PV;49561_TV,0
49572,Present,3,29,MV+ PV+ TV,49572_MV;49572_PV;49572_TV,1
49574,Present,8,57,AV+ MV+ PV+ TV,49574_AV;49574_MV;49574_PV;49574_TV;69068_AV;69068_MV;69068_PV;69068_TV,0
49577,Absent,4,48,AV+ MV+ PV+ TV,49577_AV;49577_MV;49577_PV;49577_TV,0
49585,Absent,4,41,AV+ MV+ PV+ TV,49585_AV;49585_MV;49585_PV;49585_TV,0
49595,Present,6,54,AV+ MV+ PV+ TV,49595_AV;49595_MV;69079_AV;69079_MV;69079_PV;69079_TV,0
49598,Absent,2,22,AV+ MV,49598_AV;49598_MV,0
49610,Absent,4,45,AV+ MV+ PV+ TV,49610_AV;49610_MV;49610_PV;49610_TV,0
49627,Present,4,43,AV+ MV+ PV+ TV,49627_AV;49627_MV;49627_PV;49627_TV,0
49628,Present,4,43,AV+ MV+ PV+ TV,49628_AV;49628_MV;49628_PV;49628_TV,0
49631,Absent,2,24,AV+ MV,49631_AV;49631_MV,0
49638,Present,4,10,AV+ MV+ PV+ TV,69096_AV;69096_MV;69096_PV;69096_TV,2
49659,Absent,4,44,AV+ MV+ PV+ TV,49659_AV;49659_MV;49659_PV;49659_TV,0
49661,Absent,2,22,AV+ MV,49661_AV;49661_MV,0
49678,Absent,4,38,AV+ MV+ PV+ TV,49678_AV;49678_MV;49678_PV;49678_TV,0
49683,Absent,4,41,AV+ MV+ PV+ TV,49683_AV;49683_MV;49683_PV;49683_TV,0
49687,Absent,4,44,AV+ MV+ PV+ TV,49687_AV;49687_MV;49687_PV;49687_TV,0
49691,Present,4,44,AV+ MV+ PV+ TV,49691_AV;49691_MV;49691_PV;49691_TV,0
49712,Present,8,68,AV+ MV+ PV+ TV,49712_AV;49712_MV;49712_PV;49712_TV;69120_AV;69120_MV;69120_PV;69120_TV,1
49719,Absent,4,44,AV+ MV+ PV+ TV,49719_AV;49719_MV;49719_PV;49719_TV,0
49729,Absent,8,70,AV+ MV+ PV+ TV,49729_AV;49729_MV;49729_PV;49729_TV;69125_AV;69125_MV;69125_PV;69125_TV,0
49735,Absent,3,33,MV+ PV+ TV,49735_MV;49735_PV;49735_TV,0
49745,Absent,4,31,AV+ MV+ PV+ TV,49745_AV;49745_MV;49745_PV;49745_TV,0
49751,Present,4,46,AV+ MV+ PV+ TV,49751_AV;49751_MV;49751_PV;49751_TV,1
49808,Absent,3,15,MV+ PV+ TV,49808_MV;49808_PV;49808_TV,0
49823,Present,7,45,AV+ MV+ PV+ TV,49823_MV;49823_PV;49823_TV;69147_AV;69147_MV;69147_PV;69147_TV,0
49824,Present,3,21,AV+ MV+ PV,49824_AV;49824_MV;49824_PV,0
49838,Present,4,21,MV+ PV+ TV,49838_MV;69155_MV;69155_PV;69155_TV,0
49839,Absent,4,40,AV+ MV+ PV+ TV,49839_AV;49839_MV;49839_PV;49839_TV,0
49842,Absent,4,38,AV+ MV+ PV+ TV,49842_AV;49842_MV;49842_PV;49842_TV,0
49853,Absent,4,30,AV+ MV+ PV+ TV,49853_AV;49853_MV;49853_PV;49853_TV,0
49854,Absent,4,40,AV+ MV+ PV+ TV,49854_AV;49854_MV;49854_PV;49854_TV,0
49876,Absent,8,69,AV+ MV+ PV+ TV,49876_AV;49876_MV;49876_PV;49876_TV;69176_AV;69176_MV;69176_PV;69176_TV,0
49896,Absent,8,58,AV+ MV+ PV+ TV,49896_AV;49896_MV;49896_PV;49896_TV;68219_AV;68219_MV;68219_PV;68219_TV,0
49930,Absent,4,44,AV+ MV+ PV+ TV,49930_AV;49930_MV;49930_PV;49930_TV,0
49931,Present,3,34,AV+ PV+ TV,49931_AV;49931_PV;49931_TV,1
49946,Absent,3,33,MV+ PV+ TV,49946_MV;49946_PV;49946_TV,0
49952,Absent,5,25,AV+ MV+ PV+ TV,49952_AV;49952_MV_1;49952_MV_2;49952_PV;49952_TV,0
49959,Absent,2,17,AV+ MV,49959_AV;49959_MV,0
49968,Absent,3,19,MV+ PV+ TV,49968_MV;49968_PV;49968_TV,0
49969,Absent,1,9,MV,49969_MV,0
49970,Absent,2,14,AV+ MV,49970_AV;49970_MV,0
49980,Absent,4,23,AV+ MV+ PV+ TV,49980_AV;49980_MV;49980_PV;49980_TV,0
49983,Absent,4,19,AV+ MV+ PV+ TV,49983_AV;49983_MV;49983_PV;49983_TV,0
49986,Absent,6,42,AV+ MV+ PV+ TV,49986_AV;49986_MV;68213_AV;68213_MV;68213_PV;68213_TV,0
49987,Absent,2,9,AV+ MV,49987_AV;49987_MV,0
49989,Present,2,6,MV+ PV,49989_MV;49989_PV,1
49990,Absent,4,24,AV+ MV+ PV+ TV,49990_AV;49990_MV;49990_PV;49990_TV,0
49993,Absent,4,26,AV+ MV+ PV+ TV,49993_AV;49993_MV;49993_PV;49993_TV,0
49994,Present,4,18,AV+ MV+ PV+ TV,49994_AV;49994_MV;49994_PV;49994_TV,0
49995,Absent,4,47,AV+ MV+ PV+ TV,49995_AV;49995_MV;49995_PV;49995_TV,0
49999,Absent,4,46,AV+ MV+ PV+ TV,49999_AV;49999_MV;49999_PV;49999_TV,0
50004,Absent,3,33,MV+ PV+ TV,50004_MV;50004_PV;50004_TV,0
50005,Absent,1,8,MV,50005_MV,0
50006,Absent,2,23,AV+ MV,50006_AV;50006_MV,0
50007,Absent,4,41,AV+ MV+ PV+ TV,50007_AV;50007_MV;50007_PV;50007_TV,0
50008,Absent,4,42,AV+ MV+ PV+ TV,50008_AV;50008_MV;50008_PV;50008_TV,0
50009,Absent,1,6,AV,50009_AV,0
50014,Absent,4,16,AV+ MV+ PV+ TV,50014_AV;50014_MV;50014_PV;50014_TV,0
50015,Absent,4,43,AV+ MV+ PV+ TV,50015_AV;50015_MV;50015_PV;50015_TV,0
50017,Absent,4,44,AV+ MV+ PV+ TV,50017_AV;50017_MV;50017_PV;50017_TV,0
50018,Absent,2,14,AV+ MV,50018_AV;50018_MV,0
50023,Absent,8,56,AV+ MV+ PV+ TV,50023_AV;50023_MV;50023_PV;50023_TV;68260_AV;68260_MV;68260_PV;68260_TV,0
50026,Absent,2,19,AV+ MV,50026_AV;50026_MV,0
50027,Absent,2,22,AV+ MV,50027_AV;50027_MV,0
50029,Absent,4,46,AV+ MV+ PV+ TV,50029_AV;50029_MV;50029_PV;50029_TV,0
50034,Absent,2,28,AV+ MV,50034_AV;50034_MV,0
50037,Absent,2,22,AV+ MV,50037_AV;50037_MV,0
50043,Absent,3,31,AV+ PV+ TV,50043_AV;50043_PV;50043_TV,0
50047,Absent,3,32,MV+ PV+ TV,50047_MV;50047_PV;50047_TV,0
50049,Absent,4,34,AV+ MV+ PV+ TV,50049_AV;50049_MV;50049_PV;50049_TV,0
50054,Present,8,42,AV+ MV+ PV+ TV,50054_AV;50054_MV;50054_PV;50054_TV;68303_AV;68303_MV;68303_PV;68303_TV,2
50057,Absent,3,20,MV+ PV+ TV,50057_MV;50057_PV;50057_TV,0
50061,Absent,4,46,AV+ MV+ PV+ TV,50061_AV;50061_MV;50061_PV;50061_TV,0
50066,Absent,2,23,AV+ MV,50066_AV;50066_MV,0
50070,Absent,4,43,AV+ MV+ PV+ TV,50070_AV;50070_MV;50070_PV;50070_TV,0
50072,Absent,3,34,MV+ PV+ TV,50072_MV;50072_PV;50072_TV,0
50074,Absent,4,41,AV+ MV+ PV+ TV,50074_AV;50074_MV;50074_PV;50074_TV,0
50076,Absent,4,38,AV+ MV+ PV+ TV,50076_AV;50076_MV;50076_PV;50076_TV,0
50077,Absent,1,9,MV,50077_MV,0
50085,Absent,4,25,AV+ MV+ PV+ TV,50085_AV;50085_MV;50085_PV;50085_TV,0
50089,Absent,3,27,AV+ PV+ TV,50089_AV;50089_PV;50089_TV,0
50092,Absent,4,39,AV+ MV+ PV+ TV,50092_AV;50092_MV;50092_PV;50092_TV,0
50099,Present,7,45,AV+ MV+ PV+ TV,50099_MV;50099_PV;50099_TV;68379_AV;68379_MV;68379_PV;68379_TV,0
50100,Absent,2,26,AV+ MV,50100_AV;50100_MV,0
50103,Absent,4,38,AV+ MV+ PV+ TV,50103_AV;50103_MV;50103_PV;50103_TV,0
50104,Absent,4,40,AV+ MV+ PV+ TV,50104_AV;50104_MV;50104_PV;50104_TV,0
50105,Absent,3,26,MV+ PV+ TV,50105_MV;50105_PV;50105_TV,0
50109,Absent,4,42,AV+ MV+ PV+ TV,50109_AV;50109_MV;50109_PV;50109_TV,0
50113,Absent,4,35,AV+ MV+ PV+ TV,50113_AV;50113_MV;50113_PV;50113_TV,0
50117,Absent,3,30,MV+ PV+ TV,50117_MV;50117_PV;50117_TV,0
50118,Present,3,30,MV+ PV+ TV,50118_MV;50118_PV;50118_TV,2
50119,Absent,1,11,PV,50119_PV,0
50121,Absent,2,25,PV+ TV,50121_PV;50121_TV,0
50122,Absent,3,30,MV+ PV+ TV,50122_MV;50122_PV;50122_TV,0
50125,Absent,7,40,AV+ MV+ PV+ TV,50125_MV;50125_PV;50125_TV;68359_AV;68359_MV;68359_PV;68359_TV,0
50126,Absent,4,35,AV+ MV+ PV+ TV,50126_AV;50126_MV;50126_PV;50126_TV,0
50127,Present,8,64,AV+ MV+ PV+ TV,50127_AV;50127_MV;50127_PV;50127_TV;68337_AV;68337_MV;68337_PV;68337_TV,2
50128,Absent,4,40,AV+ MV+ PV+ TV,50128_AV;50128_MV;50128_PV;50128_TV,0
50129,Present,4,25,AV+ MV+ PV+ TV,50129_AV;50129_MV;50129_PV;50129_TV,0
50136,Present,2,23,AV+ MV,50136_AV;50136_MV,0
50137,Absent,3,30,MV+ PV+ TV,50137_MV;50137_PV;50137_TV,0
50141,Absent,1,11,AV,50141_AV,0
50142,Absent,2,23,AV+ MV,50142_AV;50142_MV,0
50145,Absent,1,13,MV,50145_MV,0
50146,Absent,1,14,MV,50146_MV,0
50149,Present,2,25,MV+ PV,50149_MV;50149_PV,1
50150,Present,8,64,AV+ MV+ PV+ TV,50150_AV;50150_MV;50150_PV;50150_TV;68425_AV;68425_MV;68425_PV;68425_TV,1
50155,Absent,5,42,AV+ MV+ PV+ TV,50155_AV;50155_PV;50155_TV;68394_MV;68394_PV,0
50159,Present,3,30,MV+ PV+ TV,50159_MV;50159_PV;50159_TV,2
50160,Absent,3,24,MV+ PV+ TV,50160_MV;50160_PV;50160_TV,0
50161,Present,3,29,MV+ PV+ TV,50161_MV;50161_PV;50161_TV,0
50164,Absent,3,33,MV+ PV+ TV,50164_MV;50164_PV;50164_TV,0
50166,Absent,5,38,AV+ MV+ PV+ TV,50166_MV;68406_AV;68406_MV;68406_PV;68406_TV,0
50174,Absent,4,16,AV+ MV+ PV+ TV,50174_AV;50174_MV;50174_PV;50174_TV,0
50206,Absent,3,21,MV+ PV+ TV,50206_MV;50206_PV;50206_TV,0
50207,Absent,2,20,AV+ MV,50207_AV;50207_MV,0
50210,Absent,5,47,AV+ MV+ PV+ TV,50210_AV;50210_MV_1;50210_MV_2;50210_PV;50210_TV,0
50213,Absent,6,44,AV+ MV+ PV+ TV,50213_AV;50213_MV;50213_PV;50213_TV;68470_MV;68470_TV,0
50214,Absent,6,34,AV+ MV+ PV+ TV,50214_AV;50214_MV;68484_AV;68484_MV;68484_PV;68484_TV,0
50216,Absent,9,53,AV+ MV+ PV+ Phc+ TV,50216_AV;50216_MV;50216_PV;50216_Phc_1;50216_Phc_2;68465_AV;68465_MV;68465_PV;68465_TV,0
50218,Absent,8,54,AV+ MV+ PV+ TV,50218_AV;50218_MV;50218_PV;50218_TV;68460_AV;68460_MV;68460_PV;68460_TV,0
50219,Absent,3,29,AV+ MV+ PV,50219_AV;50219_MV;50219_PV,0
50221,Present,2,25,AV+ MV,50221_AV;50221_MV,0
50222,Absent,2,23,PV+ TV,50222_PV;50222_TV,0
50225,Absent,4,47,AV+ MV+ PV+ TV,50225_AV;50225_MV;50225_PV;50225_TV,0
50228,Absent,2,25,AV+ MV,50228_AV;50228_MV,0
50230,Absent,8,73,AV+ MV+ PV+ TV,50230_AV;50230_MV;50230_PV;50230_TV;68477_AV;68477_MV;68477_PV;68477_TV,0
50233,Present,8,75,AV+ MV+ PV+ TV,50233_AV;50233_MV;50233_PV;50233_TV;68487_AV;68487_MV;68487_PV;68487_TV,0
50238,Present,4,25,AV+ MV+ PV+ TV,50238_AV;50238_MV;50238_PV;50238_TV,0
50239,Absent,4,42,AV+ MV+ PV+ TV,50239_AV;50239_MV;50239_PV;50239_TV,0
50241,Absent,1,11,MV,50241_MV,0
50244,Absent,4,44,AV+ MV+ PV+ TV,50244_AV;50244_MV;50244_PV;50244_TV,0
50247,Absent,3,32,AV+ MV+ PV,50247_AV;50247_MV;50247_PV,0
50250,Absent,5,43,AV+ MV+ PV+ TV,50250_AV;50250_MV;50250_PV;50250_TV_1;50250_TV_2,0
50251,Absent,2,20,AV+ MV,50251_AV;50251_MV,0
50256,Present,4,41,AV+ MV+ PV+ TV,50256_AV;50256_MV;50256_PV;50256_TV,1
50258,Present,3,24,MV+ PV+ TV,50258_MV;50258_PV;50258_TV,2
50260,Present,4,41,AV+ MV+ PV+ TV,50260_AV;50260_MV;50260_PV;50260_TV,0
50263,Absent,5,26,AV+ MV+ PV+ TV,50263_AV;50263_MV;50263_PV;50263_TV_1;50263_TV_2,0
50264,Absent,2,20,AV+ MV,50264_AV;50264_MV,0
50272,Absent,4,42,AV+ MV+ PV+ TV,50272_AV;50272_MV;50272_PV;50272_TV,0
50275,Absent,4,39,AV+ MV+ PV+ TV,50275_AV;50275_MV;50275_PV;50275_TV,0
50276,Absent,4,40,AV+ MV+ PV+ TV,50276_AV;50276_MV;50276_PV;50276_TV,0
50278,Absent,4,40,AV+ MV+ PV+ TV,50278_AV;50278_MV;50278_PV;50278_TV,0
50285,Present,1,11,MV,50285_MV,0
50289,Present,4,40,AV+ MV+ PV+ TV,50289_AV;50289_MV;50289_PV;50289_TV,1
50295,Absent,4,49,AV+ MV+ PV+ TV,50295_AV;50295_MV;50295_PV;50295_TV,0
50296,Absent,4,43,AV+ MV+ PV+ TV,50296_AV;50296_MV;50296_PV;50296_TV,0
50297,Absent,4,36,AV+ MV+ PV+ TV,50297_AV;50297_MV;50297_PV;50297_TV,0
50298,Absent,3,33,MV+ PV+ TV,50298_MV;50298_PV;50298_TV,0
50299,Absent,4,43,AV+ MV+ PV+ TV,50299_AV;50299_MV;50299_PV;50299_TV,0
50303,Absent,7,42,AV+ MV+ PV+ TV,50303_AV;50303_MV;50303_PV;68532_AV;68532_MV;68532_PV;68532_TV,0
50306,Absent,4,40,AV+ MV+ PV+ TV,50306_AV;50306_MV;50306_PV;50306_TV,0
50312,Absent,8,74,AV+ MV+ PV+ TV,50312_AV;50312_MV;50312_PV;50312_TV;68545_AV;68545_MV;68545_PV;68545_TV,0
50314,Absent,4,43,AV+ MV+ PV+ TV,50314_AV;50314_MV;50314_PV;50314_TV,0
50316,Absent,2,23,AV+ MV,50316_AV;50316_MV,0
50317,Absent,3,30,AV+ PV+ TV,50317_AV;50317_PV;50317_TV,0
50318,Absent,4,39,AV+ MV+ PV+ TV,50318_AV;50318_MV;50318_PV;50318_TV,0
50321,Absent,4,45,AV+ MV,50321_AV_1;50321_AV_2;50321_MV_1;50321_MV_2,0
50327,Absent,4,37,AV+ MV+ PV+ TV,50327_AV;50327_MV;50327_PV;50327_TV,0
50331,Present,4,30,AV+ MV+ PV+ TV,50331_AV;50331_MV;50331_PV;50331_TV,0
50332,Present,2,33,AV+ MV,50332_AV;50332_MV,0
50335,Absent,2,21,AV+ MV,50335_AV;50335_MV,0
50337,Absent,3,30,MV+ PV+ TV,50337_MV;50337_PV;50337_TV,0
50339,Absent,4,40,AV+ MV+ PV+ TV,50339_AV;50339_MV;50339_PV;50339_TV,0
50341,Absent,2,19,AV+ MV,50341_AV;50341_MV,0
50342,Absent,2,13,AV+ MV,50342_AV;50342_MV,0
50343,Absent,4,44,AV+ MV+ PV+ TV,50343_AV;50343_MV;50343_PV;50343_TV,0
50348,Absent,5,40,AV+ MV+ PV+ TV,50348_AV_1;50348_AV_2;50348_MV;50348_PV;50348_TV,0
50349,Absent,4,45,AV+ MV+ PV+ TV,50349_AV;50349_MV;50349_PV;50349_TV,0
50354,Absent,4,42,AV+ MV+ PV+ TV,50354_AV;50354_MV;50354_PV;50354_TV,0
50359,Absent,4,46,AV+ MV+ PV+ TV,50359_AV;50359_MV;50359_PV;50359_TV,0
50375,Absent,2,21,AV+ MV,50375_AV;50375_MV,0
50386,Absent,4,46,AV+ MV+ PV+ TV,50386_AV;50386_MV;50386_PV;50386_TV,0
50388,Absent,4,41,AV+ MV+ PV+ TV,50388_AV;50388_MV;50388_PV;50388_TV,0
50391,Absent,3,29,MV+ PV+ TV,50391_MV;50391_PV;50391_TV,0
50393,Absent,4,43,AV+ MV+ PV+ TV,50393_AV;50393_MV;50393_PV;50393_TV,0
50619,Absent,8,65,AV+ MV+ PV+ TV,50619_AV;50619_MV;50619_PV;50619_TV;68849_AV;68849_MV;68849_PV;68849_TV,0
50620,Absent,2,27,PV+ TV,50620_PV;50620_TV,0
50621,Absent,1,10,PV,50621_PV,0
50625,Absent,1,10,MV,68857_MV,0
50635,Absent,4,57,AV+ MV+ PV+ TV,50635_AV;50635_MV;50635_PV;50635_TV,0
50641,Absent,3,33,MV+ PV+ TV,50641_MV;50641_PV;50641_TV,0
50644,Absent,2,21,AV+ MV,50644_AV;50644_MV,0
50645,Absent,4,43,AV+ MV+ PV+ TV,50645_AV;50645_MV;50645_PV;50645_TV,0
50649,Absent,4,43,AV+ MV+ PV+ TV,50649_AV;50649_MV;50649_PV;50649_TV,0
50652,Absent,6,41,AV+ MV+ PV+ TV,50652_AV;50652_MV;68888_AV;68888_MV;68888_PV;68888_TV,0
50654,Absent,3,29,AV+ PV+ TV,50654_AV;50654_PV;50654_TV,0
50655,Absent,2,22,AV+ MV,50655_AV;50655_MV,0
50656,Present,5,56,AV+ MV+ PV+ TV,50656_AV;50656_MV;50656_PV;50656_TV_1;50656_TV_2,2
50657,Absent,4,45,AV+ MV+ PV+ TV,50657_AV;50657_MV;50657_PV;50657_TV,0
50659,Absent,8,72,AV+ MV+ PV+ TV,50659_AV;50659_MV;50659_PV;50659_TV;68886_AV;68886_MV;68886_PV;68886_TV,0
50665,Absent,2,23,PV+ TV,50665_PV;50665_TV,0
50667,Absent,4,44,AV+ MV+ PV+ TV,50667_AV;50667_MV;50667_PV;50667_TV,0
50668,Absent,4,44,AV+ MV+ PV+ TV,50668_AV;50668_MV;50668_PV;50668_TV,0
50669,Absent,4,40,AV+ MV+ PV+ TV,50669_AV;50669_MV;50669_PV;50669_TV,0
50671,Absent,5,35,AV+ MV+ PV+ TV,50671_MV;68901_AV;68901_MV;68901_PV;68901_TV,0
50673,Absent,4,39,AV+ MV+ PV+ TV,50673_AV;50673_MV;50673_PV;50673_TV,0
50687,Absent,4,43,AV+ MV+ PV+ TV,50687_AV;50687_MV;50687_PV;50687_TV,0
50688,Absent,8,55,AV+ MV+ PV+ TV,50688_AV;50688_MV;50688_PV;50688_TV;85234_AV;85234_MV;85234_PV;85234_TV,0
50690,Absent,5,46,AV+ MV+ PV+ TV,50690_AV;50690_MV_1;50690_MV_2;50690_PV;50690_TV,0
50691,Absent,4,44,AV+ MV+ PV+ TV,50691_AV;50691_MV;50691_PV;50691_TV,0
50693,Absent,4,43,AV+ MV+ PV+ TV,50693_AV;50693_MV;50693_PV;50693_TV,0
50699,Absent,4,44,AV+ MV+ PV+ TV,50699_AV;50699_MV;50699_PV;50699_TV,0
50708,Absent,4,45,AV+ MV+ PV+ TV,50708_AV;50708_MV;50708_PV;50708_TV,0
50713,Absent,4,42,AV+ MV+ PV+ TV,50713_AV;50713_MV;50713_PV;50713_TV,0
50715,Absent,4,41,AV+ MV+ PV+ TV,50715_AV;50715_MV;50715_PV;50715_TV,0
50720,Absent,2,24,AV+ MV,50720_AV;50720_MV,0
50721,Absent,4,44,AV+ MV+ PV+ TV,50721_AV;50721_MV;50721_PV;50721_TV,0
50723,Absent,4,43,AV+ MV+ PV+ TV,50723_AV;50723_MV;50723_PV;50723_TV,0
50725,Absent,4,51,AV+ MV+ PV+ TV,50725_AV;50725_MV;50725_PV;50725_TV,0
50727,Absent,6,44,AV+ MV+ PV+ TV,50727_AV;50727_MV;68952_AV;68952_MV;68952_PV;68952_TV,0
50729,Absent,2,20,AV+ MV,50729_AV;50729_MV,0
50731,Absent,3,33,MV+ PV+ TV,50731_MV;50731_PV;50731_TV,0
50732,Absent,4,46,AV+ MV+ PV+ TV,50732_AV;50732_MV;50732_PV;50732_TV,0
50734,Present,5,102,AV+ MV+ PV+ Phc+ TV,50734_AV;50734_MV;50734_PV;50734_Phc;50734_TV,0
50735,Present,4,33,AV+ MV+ PV+ TV,50735_AV;50735_MV;50735_PV;50735_TV,1
50736,Present,3,26,AV+ PV+ TV,50736_AV;50736_PV;50736_TV,1
50737,Absent,3,37,MV+ PV+ TV,50737_MV;50737_PV;50737_TV,0
50738,Absent,4,43,AV+ MV+ PV+ TV,50738_AV;50738_MV;50738_PV;50738_TV,0
50740,Absent,4,43,AV+ MV+ PV+ TV,50740_AV;50740_MV;50740_PV;50740_TV,0
50746,Present,4,41,AV+ MV+ PV+ TV,50746_AV;50746_MV;50746_PV;50746_TV,3
50747,Absent,4,42,AV+ MV+ PV+ TV,50747_AV;50747_MV;50747_PV;50747_TV,0
50748,Absent,2,22,AV+ MV,50748_AV;50748_MV,0
50751,Absent,4,41,AV+ MV+ PV+ TV,50751_AV;50751_MV;50751_PV;50751_TV,0
50752,Absent,4,38,AV+ MV+ PV+ TV,50752_AV;50752_MV;50752_PV;50752_TV,0
50754,Absent,4,41,AV+ MV+ PV+ TV,50754_AV;50754_MV;50754_PV;50754_TV,0
50756,Absent,4,40,AV+ MV+ PV+ TV,50756_AV;50756_MV;50756_PV;50756_TV,0
50757,Present,4,38,AV+ MV+ PV+ TV,50757_AV;50757_MV;50757_PV;50757_TV,2
50758,Absent,4,41,AV+ MV+ PV+ TV,50758_AV;50758_MV;50758_PV;50758_TV,0
50762,Absent,4,40,AV+ MV+ PV+ TV,50762_AV;50762_MV;50762_PV;50762_TV,0
50763,Absent,4,35,AV+ MV+ PV+ TV,50763_AV;50763_MV;50763_PV;50763_TV,0
50768,Absent,1,10,AV,50768_AV,0
50770,Absent,4,40,AV+ MV+ PV+ TV,50770_AV;50770_MV;50770_PV;50770_TV,0
50771,Absent,4,38,AV+ MV+ PV+ TV,50771_AV;50771_MV;50771_PV;50771_TV,0
50772,Absent,3,25,AV+ MV+ PV,50772_AV;50772_MV;50772_PV,0
50773,Absent,4,43,AV+ MV+ PV+ TV,50773_AV;50773_MV;50773_PV;50773_TV,0
50776,Absent,1,10,PV,50776_PV,0
50781,Present,4,40,AV+ MV+ PV+ TV,50781_AV;50781_MV;50781_PV;50781_TV,2
50782,Absent,6,49,AV+ MV+ PV+ TV,50782_AV_1;50782_AV_2;50782_MV_1;50782_MV_2;50782_PV;50782_TV,0
50784,Absent,4,41,AV+ MV+ PV+ TV,50784_AV;50784_MV;50784_PV;50784_TV,0
50787,Absent,1,10,MV,50787_MV,0
50788,Absent,4,42,AV+ MV+ PV+ TV,50788_AV;50788_MV;50788_PV;50788_TV,0
50790,Present,2,20,AV+ MV,50790_AV;50790_MV,0
50796,Absent,3,31,MV+ PV+ TV,50796_MV;50796_PV;50796_TV,0
50797,Absent,4,40,AV+ MV+ PV+ TV,50797_AV;50797_MV;50797_PV;50797_TV,0
50798,Absent,4,43,AV+ MV+ PV+ TV,50798_AV;50798_MV;50798_PV;50798_TV,0
50800,Absent,4,41,AV+ MV+ PV+ TV,50800_AV;50800_MV;50800_PV;50800_TV,0
50802,Absent,5,42,AV+ MV+ PV+ TV,50802_AV;50802_MV;50802_PV;50802_TV_1;50802_TV_2,0
50803,Absent,4,42,AV+ MV+ PV+ TV,50803_AV;50803_MV;50803_PV;50803_TV,0
50805,Absent,3,32,MV+ PV+ TV,50805_MV;50805_PV;50805_TV,0
50807,Absent,4,42,AV+ MV+ PV+ TV,50807_AV;50807_MV;50807_PV;50807_TV,0
50812,Absent,4,43,AV+ MV+ PV+ TV,50812_AV;50812_MV;50812_PV;50812_TV,0
50815,Absent,4,40,AV+ MV+ PV+ TV,50815_AV;50815_MV;50815_PV;50815_TV,0
50819,Absent,4,40,AV+ MV+ PV+ TV,50819_AV;50819_MV;50819_PV;50819_TV,0
50822,Absent,4,41,AV+ MV+ PV+ TV,50822_AV;50822_MV;50822_PV;50822_TV,0
50826,Absent,4,42,AV+ MV+ PV+ TV,50826_AV;50826_MV;50826_PV;50826_TV,0
50829,Absent,3,38,AV+ MV+ PV,50829_AV;50829_MV;50829_PV,0
51064,Present,1,7,MV,51064_MV,0
51331,Absent,4,26,AV+ MV+ PV+ TV,51331_AV;51331_MV;51331_PV;51331_TV,0
55945,Present,4,33,AV+ MV+ PV+ TV,55945_AV;55945_MV;55945_PV;55945_TV,0
57700,Present,3,23,MV+ PV+ TV,57700_MV;57700_PV;57700_TV,1
61117,Present,4,10,AV+ MV+ PV+ TV,61117_AV;61117_MV;61117_PV;61117_TV,3
64256,Present,3,19,MV+ PV+ TV,64256_MV;64256_PV;64256_TV,0
64715,Absent,3,10,MV+ PV+ TV,64715_MV;64715_PV;64715_TV,0
68255,Present,4,28,AV+ MV+ PV+ TV,68255_AV;68255_MV;68255_PV;68255_TV,0
68269,Absent,2,2,PV+ TV,68269_PV;68269_TV,0
68292,Absent,4,17,AV+ MV+ PV+ TV,68292_AV;68292_MV;68292_PV;68292_TV,0
68316,Absent,4,11,AV+ MV+ PV+ TV,68316_AV;68316_MV;68316_PV;68316_TV,0
68327,Absent,4,22,AV+ MV+ PV+ TV,68327_AV;68327_MV;68327_PV;68327_TV,0
68412,Absent,4,14,AV+ MV+ PV+ TV,68412_AV;68412_MV;68412_PV;68412_TV,0
68419,Absent,4,16,AV+ MV+ PV+ TV,68419_AV;68419_MV;68419_PV;68419_TV,0
68423,Present,4,14,AV+ MV+ PV+ TV,68423_AV;68423_MV;68423_PV;68423_TV,3
68427,Absent,4,23,AV+ MV+ PV+ TV,68427_AV;68427_MV;68427_PV;68427_TV,0
68431,Absent,4,28,AV+ MV+ PV+ TV,68431_AV;68431_MV;68431_PV;68431_TV,0
68432,Present,4,32,AV+ MV+ PV+ TV,68432_AV;68432_MV;68432_PV;68432_TV,0
68436,Absent,4,27,AV+ MV+ PV+ TV,68436_AV;68436_MV;68436_PV;68436_TV,0
68449,Absent,3,20,AV+ PV+ TV,68449_AV;68449_PV;68449_TV,0
68478,Absent,4,20,AV+ MV+ PV+ TV,68478_AV;68478_MV;68478_PV;68478_TV,0
68504,Absent,4,31,AV+ MV+ PV+ TV,68504_AV;68504_MV;68504_PV;68504_TV,0
68624,Absent,4,27,AV+ MV+ PV+ TV,68624_AV;68624_MV;68624_PV;68624_TV,0
68646,Absent,4,26,AV+ MV+ PV+ TV,68646_AV;68646_MV;68646_PV;68646_TV,0
68659,Absent,4,26,AV+ MV+ PV+ TV,68659_AV;68659_MV;68659_PV;68659_TV,0
68660,Absent,4,18,AV+ MV+ PV+ TV,68660_AV;68660_MV;68660_PV;68660_TV,0
68682,Absent,4,16,AV+ MV+ PV+ TV,68682_AV;68682_MV;68682_PV;68682_TV,0
68702,Absent,4,31,AV+ MV+ PV+ TV,68702_AV;68702_MV;68702_PV;68702_TV,0
68708,Present,4,29,AV+ MV+ PV+ TV,68708_AV;68708_MV;68708_PV;68708_TV,0
68711,Absent,4,30,AV+ MV+ PV+ TV,68711_AV;68711_MV;68711_PV;68711_TV,0
68737,Absent,4,25,AV+ MV+ PV+ TV,68737_AV;68737_MV;68737_PV;68737_TV,0
68740,Present,4,9,AV+ MV+ PV+ TV,68740_AV;68740_MV;68740_PV;68740_TV,1
68752,Absent,4,31,AV+ MV+ PV+ TV,68752_AV;68752_MV;68752_PV;68752_TV,0
68756,Absent,3,22,MV+ PV+ TV,68756_MV;68756_PV;68756_TV,0
68827,Absent,3,26,AV+ PV+ TV,68827_AV;68827_PV;68827_TV,0
68861,Absent,4,29,AV+ MV+ PV+ TV,68861_AV;68861_MV;68861_PV;68861_TV,0
68887,Absent,3,18,AV+ MV+ TV,68887_AV;68887_MV;68887_TV,0
69066,Absent,4,26,AV+ MV+ PV+ TV,69066_AV;69066_MV;69066_PV;69066_TV,0
69093,Present,4,31,AV+ MV+ PV+ TV,69093_AV;69093_MV;69093_PV;69093_TV,0
69106,Absent,4,29,AV+ MV+ PV+ TV,69106_AV;69106_MV;69106_PV;69106_TV,0
69112,Absent,4,11,AV+ MV+ PV+ TV,69112_AV;69112_MV;69112_PV;69112_TV,0
69129,Absent,4,15,AV+ MV+ PV+ TV,69129_AV;69129_MV;69129_PV;69129_TV,0
69141,Absent,4,26,AV+ MV+ PV+ TV,69141_AV;69141_MV;69141_PV;69141_TV,0
69144,Absent,4,32,AV+ MV+ PV+ TV,69144_AV;69144_MV;69144_PV;69144_TV,0
69152,Absent,4,19,AV+ MV+ PV+ TV,69152_AV;69152_MV;69152_PV;69152_TV,0
69161,Absent,4,27,AV+ MV+ PV+ TV,69161_AV;69161_MV;69161_PV;69161_TV,0
69174,Absent,4,29,AV+ MV+ PV+ TV,69174_AV;69174_MV;69174_PV;69174_TV,0
69188,Absent,4,28,AV+ MV+ PV+ TV,69188_AV;69188_MV;69188_PV;69188_TV,0
70280,Absent,2,15,AV+ MV,70280_AV;70280_MV,0
73316,Absent,4,18,AV+ MV+ PV+ TV,73316_AV;73316_MV;73316_PV;73316_TV,0
73497,Present,4,15,AV+ MV+ PV+ TV,73497_AV;73497_MV;73497_PV;73497_TV,0
74417,Absent,4,24,AV+ MV+ PV+ TV,74417_AV;74417_MV;74417_PV;74417_TV,0
74420,Absent,2,10,AV+ MV,74420_AV;74420_MV,0
77373,Present,4,27,AV+ MV+ PV+ TV,77373_AV;77373_MV;77373_PV;77373_TV,2
78280,Present,2,15,AV+ MV,78280_AV;78280_MV,0
78592,Absent,4,31,AV+ MV+ PV+ TV,78592_AV;78592_MV;78592_PV;78592_TV,0
80348,Absent,4,33,AV+ MV+ PV+ TV,80348_AV;80348_MV;80348_PV;80348_TV,0
81035,Absent,1,6,MV,81035_MV,0
81297,Absent,4,13,AV+ MV+ PV+ TV,81297_AV;81297_MV;81297_PV;81297_TV,0
81501,Absent,4,20,AV+ MV+ PV+ TV,81501_AV;81501_MV;81501_PV;81501_TV,0
84687,Absent,2,14,AV+ MV,84687_AV;84687_MV,0
84688,Absent,1,8,MV,84688_MV,0
84690,Present,3,25,MV+ Phc+ TV,84690_MV;84690_Phc;84690_TV,0
84692,Present,4,19,AV+ MV+ PV+ TV,84692_AV;84692_MV;84692_PV;84692_TV,0
84696,Absent,4,12,AV+ MV+ PV+ TV,84696_AV;84696_MV;84696_PV;84696_TV,0
84702,Present,3,13,MV+ PV+ TV,84702_MV;84702_PV;84702_TV,0
84704,Absent,1,5,PV,84704_PV,0
84706,Absent,4,20,AV+ MV+ PV+ TV,84706_AV;84706_MV;84706_PV;84706_TV,0
84708,Absent,2,18,AV+ MV,84708_AV;84708_MV,0
84709,Absent,4,18,AV+ MV+ PV+ TV,84709_AV;84709_MV;84709_PV;84709_TV,0
84721,Absent,4,18,AV+ MV+ PV+ TV,84721_AV;84721_MV;84721_PV;84721_TV,0
84725,Absent,3,16,MV+ PV+ TV,84725_MV;84725_PV;84725_TV,0
84730,Present,4,31,AV+ MV+ PV+ TV,84730_AV;84730_MV;84730_PV;84730_TV,2
84732,Present,2,13,AV+ MV,84732_AV;84732_MV,1
84733,Absent,4,22,AV+ MV+ PV+ TV,84733_AV;84733_MV;84733_PV;84733_TV,0
84734,Absent,4,28,AV+ MV+ PV+ TV,84734_AV;84734_MV;84734_PV;84734_TV,0
84735,Absent,4,22,AV+ MV+ PV+ TV,84735_AV;84735_MV;84735_PV;84735_TV,0
84738,Absent,4,18,AV+ MV+ PV+ TV,84738_AV;84738_MV;84738_PV;84738_TV,0
84742,Absent,4,27,AV+ MV+ PV+ TV,84742_AV;84742_MV;84742_PV;84742_TV,0
84743,Absent,4,15,AV+ MV+ PV+ TV,84743_AV;84743_MV;84743_PV;84743_TV,0
84749,Absent,4,29,AV+ MV+ PV+ TV,84749_AV;84749_MV;84749_PV;84749_TV,0
84754,Absent,3,21,AV+ MV+ TV,84754_AV;84754_MV;84754_TV,0
84758,Absent,4,32,AV+ MV+ PV+ TV,84758_AV;84758_MV;84758_PV;84758_TV,0
84760,Absent,3,21,MV+ PV+ TV,84760_MV;84760_PV;84760_TV,0
84762,Absent,4,21,AV+ MV+ PV+ TV,84762_AV;84762_MV;84762_PV;84762_TV,0
84764,Absent,4,14,AV+ MV+ PV+ TV,84764_AV;84764_MV;84764_PV;84764_TV,0
84768,Absent,2,13,PV+ TV,84768_PV;84768_TV,0
84775,Absent,4,19,AV+ MV+ PV+ TV,84775_AV;84775_MV;84775_PV;84775_TV,0
84776,Absent,4,22,AV+ MV+ PV+ TV,84776_AV;84776_MV;84776_PV;84776_TV,0
84779,Absent,4,20,AV+ MV+ PV+ TV,84779_AV;84779_MV;84779_PV;84779_TV,0
84784,Absent,2,12,AV+ MV,84784_AV;84784_MV,0
84785,Absent,4,17,AV+ MV+ PV+ TV,84785_AV;84785_MV;84785_PV;84785_TV,0
84786,Present,3,20,AV+ MV+ PV,84786_AV;84786_MV;84786_PV,1
84793,Absent,4,12,AV+ MV+ PV+ TV,84793_AV;84793_MV;84793_PV;84793_TV,0
84796,Absent,2,15,AV+ MV,84796_AV;84796_MV,0
84798,Absent,4,14,AV+ MV+ PV+ TV,84798_AV;84798_MV;84798_PV;84798_TV,0
84799,Absent,4,23,AV+ MV+ PV+ TV,84799_AV;84799_MV;84799_PV;84799_TV,0
84802,Present,4,25,AV+ MV+ PV+ TV,84802_AV;84802_MV;84802_PV;84802_TV,2
84803,Absent,4,28,AV+ MV+ PV+ TV,84803_AV;84803_MV;84803_PV;84803_TV,0
84804,Absent,1,7,MV,84804_MV,0
84805,Absent,4,23,AV+ MV+ PV+ TV,84805_AV;84805_MV;84805_PV;84805_TV,0
84807,Absent,2,13,AV+ MV,84807_AV;84807_MV,0
84809,Absent,4,27,AV+ MV+ PV+ TV,84809_AV;84809_MV;84809_PV;84809_TV,0
84813,Absent,4,10,AV+ MV+ PV+ TV,84813_AV;84813_MV;84813_PV;84813_TV,0
84814,Absent,2,13,AV+ PV,84814_AV;84814_PV,0
84815,Absent,4,16,AV+ MV+ PV+ TV,84815_AV;84815_MV;84815_PV;84815_TV,0
84822,Absent,4,23,AV+ MV+ PV+ TV,84822_AV;84822_MV;84822_PV;84822_TV,0
84823,Absent,4,16,AV+ MV+ PV+ TV,84823_AV;84823_MV;84823_PV;84823_TV,0
84824,Absent,2,14,AV+ MV,84824_AV;84824_MV,0
84829,Absent,4,27,AV+ MV+ PV+ TV,84829_AV;84829_MV;84829_PV;84829_TV,0
84831,Absent,4,27,AV+ MV+ PV+ TV,84831_AV;84831_MV;84831_PV;84831_TV,0
84834,Present,4,24,AV+ MV+ PV+ TV,84834_AV;84834_MV;84834_PV;84834_TV,0
84839,Absent,4,28,AV+ MV+ PV+ TV,84839_AV;84839_MV;84839_PV;84839_TV,0
84852,Absent,4,32,AV+ MV+ PV+ TV,84852_AV;84852_MV;84852_PV;84852_TV,0
84853,Present,4,9,AV+ MV+ PV+ TV,84853_AV;84853_MV;84853_PV;84853_TV,3
84854,Present,4,29,AV+ MV+ PV+ TV,84854_AV;84854_MV;84854_PV;84854_TV,0
84855,Absent,3,24,MV+ PV+ TV,84855_MV;84855_PV;84855_TV,0
84856,Absent,4,19,AV+ MV+ PV+ TV,84856_AV;84856_MV;84856_PV;84856_TV,0
84859,Absent,4,27,AV+ MV+ PV+ TV,84859_AV;84859_MV;84859_PV;84859_TV,0
84861,Absent,4,16,AV+ MV+ PV+ TV,84861_AV;84861_MV;84861_PV;84861_TV,0
84863,Present,4,24,AV+ MV+ PV+ TV,84863_AV;84863_MV;84863_PV;84863_TV,0
84864,Present,4,31,AV+ MV+ PV+ TV,84864_AV;84864_MV;84864_PV;84864_TV,0
84866,Absent,4,17,AV+ MV+ PV+ TV,84866_AV;84866_MV;84866_PV;84866_TV,0
84868,Absent,4,30,AV+ MV+ PV+ TV,84868_AV;84868_MV;84868_PV;84868_TV,0
84870,Absent,4,28,AV+ MV+ PV+ TV,84870_AV;84870_MV;84870_PV;84870_TV,0
84874,Absent,4,16,AV+ MV+ PV+ TV,84874_AV;84874_MV;84874_PV;84874_TV,0
84876,Absent,2,14,AV+ MV,84876_AV;84876_MV,0
84877,Absent,4,26,AV+ MV+ PV+ TV,84877_AV;84877_MV;84877_PV;84877_TV,0
84878,Absent,4,27,AV+ MV+ PV+ TV,84878_AV;84878_MV;84878_PV;84878_TV,0
84882,Present,4,26,AV+ MV+ PV+ TV,84882_AV;84882_MV;84882_PV;84882_TV,2
84883,Absent,4,30,AV+ MV+ PV+ TV,84883_AV;84883_MV;84883_PV;84883_TV,0
84884,Absent,4,27,AV+ MV+ PV+ TV,84884_AV;84884_MV;84884_PV;84884_TV,0
84885,Present,2,14,AV+ MV,84885_AV;84885_MV,0
84917,Absent,4,28,AV+ MV+ PV+ TV,84917_AV;84917_MV;84917_PV;84917_TV,0
84918,Absent,1,7,PV,84918_PV,0
84920,Absent,4,16,AV+ MV+ PV+ TV,84920_AV;84920_MV;84920_PV;84920_TV,0
84922,Absent,2,8,AV+ MV,84922_AV;84922_MV,0
84923,Absent,4,13,AV+ MV+ PV+ TV,84923_AV;84923_MV;84923_PV;84923_TV,0
84928,Absent,4,10,AV+ MV+ PV+ TV,84928_AV;84928_MV;84928_PV;84928_TV,0
84930,Absent,4,28,AV+ MV+ PV+ TV,84930_AV;84930_MV;84930_PV;84930_TV,0
84935,Absent,4,30,AV+ MV+ PV+ TV,84935_AV;84935_MV;84935_PV;84935_TV,0
84945,Absent,4,23,AV+ MV+ PV+ TV,84945_AV;84945_MV;84945_PV;84945_TV,0
84946,Absent,4,20,AV+ MV+ PV+ TV,84946_AV;84946_MV;84946_PV;84946_TV,0
84947,Absent,4,11,AV+ MV+ PV+ TV,84947_AV;84947_MV;84947_PV;84947_TV,0
84949,Present,4,28,AV+ MV+ PV+ TV,84949_AV;84949_MV;84949_PV;84949_TV,0
84952,Absent,3,25,AV+ PV+ TV,84952_AV;84952_PV;84952_TV,0
84957,Absent,4,29,AV+ MV+ PV+ TV,84957_AV;84957_MV;84957_PV;84957_TV,0
84961,Absent,4,32,AV+ MV+ PV+ TV,84961_AV;84961_MV;84961_PV;84961_TV,0
84965,Absent,4,16,AV+ MV+ PV+ TV,84965_AV;84965_MV;84965_PV;84965_TV,0
84966,Absent,2,18,AV+ PV,84966_AV;84966_PV,0
84969,Absent,1,8,MV,84969_MV,0
84970,Absent,2,14,AV+ MV,84970_AV;84970_MV,0
84973,Absent,4,30,AV+ MV+ PV+ TV,84973_AV;84973_MV;84973_PV;84973_TV,0
84977,Absent,4,24,AV+ MV+ PV+ TV,84977_AV;84977_MV;84977_PV;84977_TV,0
84978,Absent,4,31,AV+ MV+ PV+ TV,84978_AV;84978_MV;84978_PV;84978_TV,0
84982,Absent,4,25,AV+ MV+ PV+ TV,84982_AV;84982_MV;84982_PV;84982_TV,0
84985,Absent,4,8,AV+ MV+ PV+ TV,84985_AV;84985_MV;84985_PV;84985_TV,0
84990,Absent,4,16,AV+ MV+ PV+ TV,84990_AV;84990_MV;84990_PV;84990_TV,0
84991,Absent,4,29,AV+ MV+ PV+ TV,84991_AV;84991_MV;84991_PV;84991_TV,0
84992,Absent,3,21,AV+ PV+ TV,84992_AV;84992_PV;84992_TV,0
84994,Absent,4,27,AV+ MV+ PV+ TV,84994_AV;84994_MV;84994_PV;84994_TV,0
85002,Present,4,28,AV+ MV+ PV+ TV,85002_AV;85002_MV;85002_PV;85002_TV,0
85004,Present,1,8,MV,85004_MV,0
85010,Absent,4,28,AV+ MV+ PV+ TV,85010_AV;85010_MV;85010_PV;85010_TV,0
85018,Absent,2,14,AV+ MV,85018_AV;85018_MV,0
85023,Absent,4,16,AV+ MV+ PV+ TV,85023_AV;85023_MV;85023_PV;85023_TV,0
85024,Present,4,28,AV+ MV+ PV+ TV,85024_AV;85024_MV;85024_PV;85024_TV,0
85026,Absent,2,15,AV+ MV,85026_AV;85026_MV,0
85027,Absent,4,26,AV+ MV+ PV+ TV,85027_AV;85027_MV;85027_PV;85027_TV,0
85028,Absent,4,23,AV+ MV+ PV+ TV,85028_AV;85028_MV;85028_PV;85028_TV,0
85030,Present,4,15,AV+ MV+ PV+ TV,85030_AV;85030_MV;85030_PV;85030_TV,2
85031,Present,4,15,AV+ MV+ PV+ TV,85031_AV;85031_MV;85031_PV;85031_TV,0
85034,Absent,2,11,AV+ MV,85034_AV;85034_MV,0
85035,Absent,4,15,AV+ MV+ PV+ TV,85035_AV;85035_MV;85035_PV;85035_TV,0
85036,Present,4,32,AV+ MV+ PV+ TV,85036_AV;85036_MV;85036_PV;85036_TV,0
85037,Present,4,22,AV+ MV+ PV+ TV,85037_AV;85037_MV;85037_PV;85037_TV,3
85042,Present,4,25,AV+ MV+ PV+ TV,85042_AV;85042_MV;85042_PV;85042_TV,2
85044,Absent,2,16,AV+ PV,85044_AV;85044_PV,0
85048,Absent,4,32,AV+ MV+ PV+ TV,85048_AV;85048_MV;85048_PV;85048_TV,0
85053,Absent,4,30,AV+ MV+ PV+ TV,85053_AV;85053_MV;85053_PV;85053_TV,0
85055,Present,3,24,AV+ PV+ TV,85055_AV;85055_PV;85055_TV,1
85057,Present,4,25,AV+ MV+ PV+ TV,85057_AV;85057_MV;85057_PV;85057_TV,0
85062,Absent,4,25,AV+ MV+ PV+ TV,85062_AV;85062_MV;85062_PV;85062_TV,0
85063,Absent,1,9,MV,85063_MV,0
85066,Absent,1,7,MV,85066_MV,0
85069,Present,4,10,AV+ MV+ PV+ TV,85069_AV;85069_MV;85069_PV;85069_TV,3
85075,Absent,4,19,AV+ MV+ PV+ TV,85075_AV;85075_MV;85075_PV;85075_TV,0
85076,Absent,2,17,MV+ PV,85076_MV;85076_PV,0
85079,Present,4,31,AV+ MV+ PV+ TV,85079_AV;85079_MV;85079_PV;85079_TV,0
85080,Present,4,35,AV+ MV+ PV+ TV,85080_AV;85080_MV;85080_PV;85080_TV,0
85084,Absent,3,25,AV+ PV+ TV,85084_AV;85084_PV;85084_TV,0
85091,Absent,2,17,AV+ MV,85091_AV;85091_MV,0
85093,Absent,4,28,AV+ MV+ PV+ TV,85093_AV;85093_MV;85093_PV;85093_TV,0
85094,Absent,4,23,AV+ MV+ PV+ TV,85094_AV;85094_MV;85094_PV;85094_TV,0
85096,Absent,4,28,AV+ MV+ PV+ TV,85096_AV;85096_MV;85096_PV;85096_TV,0
85099,Absent,4,35,AV+ MV+ PV+ TV,85099_AV;85099_MV;85099_PV;85099_TV,0
85100,Absent,2,15,AV+ PV,85100_AV;85100_PV,0
85105,Absent,2,18,PV+ TV,85105_PV;85105_TV,0
85108,Present,4,13,AV+ MV+ PV+ TV,85108_AV;85108_MV;85108_PV;85108_TV,3
85109,Absent,4,29,AV+ MV+ PV+ TV,85109_AV;85109_MV;85109_PV;85109_TV,0
85113,Absent,4,26,AV+ MV+ PV+ TV,85113_AV;85113_MV;85113_PV;85113_TV,0
85116,Absent,4,20,AV+ MV+ PV+ TV,85116_AV;85116_MV;85116_PV;85116_TV,0
85118,Absent,4,33,AV+ MV+ PV+ TV,85118_AV;85118_MV;85118_PV;85118_TV,0
85121,Absent,4,27,AV+ MV+ PV+ TV,85121_AV;85121_MV;85121_PV;85121_TV,0
85122,Absent,4,32,AV+ MV+ PV+ TV,85122_AV;85122_MV;85122_PV;85122_TV,0
85128,Absent,4,28,AV+ MV+ PV+ TV,85128_AV;85128_MV;85128_PV;85128_TV,0
85131,Absent,4,17,AV+ MV+ PV+ TV,85131_AV;85131_MV;85131_PV;85131_TV,0
85132,Present,4,28,AV+ MV+ PV+ TV,85132_AV;85132_MV;85132_PV;85132_TV,2
85134,Absent,4,32,AV+ MV+ PV+ TV,85134_AV;85134_MV;85134_PV;85134_TV,0
85135,Present,3,24,MV+ PV+ TV,85135_MV;85135_PV;85135_TV,2
85143,Absent,4,30,AV+ MV+ PV+ TV,85143_AV;85143_MV;85143_PV;85143_TV,0
85150,Absent,2,17,AV+ PV,85150_AV;85150_PV,0
85151,Absent,4,26,AV+ MV+ PV+ TV,85151_AV;85151_MV;85151_PV;85151_TV,0
85152,Absent,4,27,AV+ MV+ PV+ TV,85152_AV;85152_MV;85152_PV;85152_TV,0
85154,Absent,4,26,AV+ MV+ PV+ TV,85154_AV;85154_MV;85154_PV;85154_TV,0
85161,Absent,4,24,AV+ MV+ PV+ TV,85161_AV;85161_MV;85161_PV;85161_TV,0
85162,Absent,4,32,AV+ MV+ PV+ TV,85162_AV;85162_MV;85162_PV;85162_TV,0
85163,Absent,4,27,AV+ MV+ PV+ TV,85163_AV;85163_MV;85163_PV;85163_TV,0
85165,Present,2,14,AV+ MV,85165_AV;85165_MV,0
85166,Absent,4,30,AV+ MV+ PV+ TV,85166_AV;85166_MV;85166_PV;85166_TV,0
85167,Absent,2,15,PV+ TV,85167_PV;85167_TV,0
85168,Absent,4,14,AV+ MV+ PV+ TV,85168_AV;85168_MV;85168_PV;85168_TV,0
85169,Present,4,25,AV+ MV+ PV+ TV,85169_AV;85169_MV;85169_PV;85169_TV,3
85172,Present,4,20,AV+ MV+ PV+ TV,85172_AV;85172_MV;85172_PV;85172_TV,0
85176,Absent,4,25,AV+ MV+ PV+ TV,85176_AV;85176_MV;85176_PV;85176_TV,0
85180,Absent,4,32,AV+ MV+ PV+ TV,85180_AV;85180_MV;85180_PV;85180_TV,0
85181,Absent,2,15,AV+ PV,85181_AV;85181_PV,0
85184,Absent,4,25,AV+ MV+ PV+ TV,85184_AV;85184_MV;85184_PV;85184_TV,0
85186,Absent,3,22,AV+ PV+ TV,85186_AV;85186_PV;85186_TV,0
85192,Absent,4,25,AV+ MV+ PV+ TV,85192_AV;85192_MV;85192_PV;85192_TV,0
85199,Present,2,15,AV+ PV,85199_AV;85199_PV,1
85207,Present,4,24,AV+ MV+ PV+ TV,85207_AV;85207_MV;85207_PV;85207_TV,0
85210,Absent,4,32,AV+ MV+ PV+ TV,85210_AV;85210_MV;85210_PV;85210_TV,0
85213,Absent,4,24,AV+ MV+ PV+ TV,85213_AV;85213_MV;85213_PV;85213_TV,0
85216,Absent,4,26,AV+ MV+ PV+ TV,85216_AV;85216_MV;85216_PV;85216_TV,0
85217,Absent,4,21,AV+ MV+ PV+ TV,85217_AV;85217_MV;85217_PV;85217_TV,0
85219,Present,4,25,AV+ MV+ PV+ TV,85219_AV;85219_MV;85219_PV;85219_TV,1
85225,Absent,4,24,AV+ MV+ PV+ TV,85225_AV;85225_MV;85225_PV;85225_TV,0
85226,Absent,3,16,MV+ PV+ TV,85226_MV;85226_PV;85226_TV,0
85230,Absent,4,27,AV+ MV+ PV+ TV,85230_AV;85230_MV;85230_PV;85230_TV,0
85236,Absent,4,30,AV+ MV+ PV+ TV,85236_AV;85236_MV;85236_PV;85236_TV,0
85239,Absent,4,34,AV+ MV+ PV+ TV,85239_AV;85239_MV;85239_PV;85239_TV,0
85240,Absent,3,18,AV+ PV+ TV,85240_AV;85240_PV;85240_TV,0
85242,Absent,1,6,MV,85242_MV,0
85243,Present,2,13,AV+ PV,85243_AV;85243_PV,1
85244,Absent,4,24,AV+ MV+ PV+ TV,85244_AV;85244_MV;85244_PV;85244_TV,0
85245,Absent,3,20,AV+ PV+ TV,85245_AV;85245_PV;85245_TV,0
85246,Absent,4,25,AV+ MV+ PV+ TV,85246_AV;85246_MV;85246_PV;85246_TV,0
85247,Absent,4,24,AV+ MV+ PV+ TV,85247_AV;85247_MV;85247_PV;85247_TV,0
85249,Absent,4,33,AV+ MV+ PV+ TV,85249_AV;85249_MV;85249_PV;85249_TV,0
85252,Absent,4,20,AV+ MV+ PV+ TV,85252_AV;85252_MV;85252_PV;85252_TV,0
85253,Absent,4,28,AV+ MV+ PV+ TV,85253_AV;85253_MV;85253_PV;85253_TV,0
85259,Present,2,14,AV+ MV,85259_AV;85259_MV,0
85261,Present,4,22,AV+ MV+ PV+ TV,85261_AV;85261_MV;85261_PV;85261_TV,0
85264,Absent,1,8,MV,85264_MV,0
85265,Absent,4,30,AV+ MV+ PV+ TV,85265_AV;85265_MV;85265_PV;85265_TV,0
85269,Present,2,13,AV+ PV,85269_AV;85269_PV,1
85270,Absent,4,24,AV+ MV+ PV+ TV,85270_AV;85270_MV;85270_PV;85270_TV,0
85276,Present,1,7,MV,85276_MV,0
85277,Absent,4,26,AV+ MV+ PV+ TV,85277_AV;85277_MV;85277_PV;85277_TV,0
85278,Absent,4,23,AV+ MV+ PV+ TV,85278_AV;85278_MV;85278_PV;85278_TV,0
85282,Absent,4,18,AV+ MV+ PV+ TV,85282_AV;85282_MV;85282_PV;85282_TV,0
85285,Absent,4,32,AV+ MV+ PV+ TV,85285_AV;85285_MV;85285_PV;85285_TV,0
85286,Absent,4,26,AV+ MV+ PV+ TV,85286_AV;85286_MV;85286_PV;85286_TV,0
85287,Absent,3,24,MV+ PV+ TV,85287_MV;85287_PV;85287_TV,0
85288,Absent,4,25,AV+ MV+ PV+ TV,85288_AV;85288_MV;85288_PV;85288_TV,0
85293,Absent,4,32,AV+ MV+ PV+ TV,85293_AV;85293_MV;85293_PV;85293_TV,0
85296,Absent,4,22,AV+ MV+ PV+ TV,85296_AV;85296_MV;85296_PV;85296_TV,0
85299,Absent,4,22,AV+ MV+ PV+ TV,85299_AV;85299_MV;85299_PV;85299_TV,0
85301,Absent,4,17,AV+ MV+ PV+ TV,85301_AV;85301_MV;85301_PV;85301_TV,0
85305,Absent,4,31,AV+ MV+ PV+ TV,85305_AV;85305_MV;85305_PV;85305_TV,0
85306,Present,2,14,AV+ MV,85306_AV;85306_MV,0
85308,Absent,4,27,AV+ MV+ PV+ TV,85308_AV;85308_MV;85308_PV;85308_TV,0
85312,Absent,4,26,AV+ MV+ PV+ TV,85312_AV;85312_MV;85312_PV;85312_TV,0
85315,Absent,4,24,AV+ MV+ PV+ TV,85315_AV;85315_MV;85315_PV;85315_TV,0
85316,Absent,4,27,AV+ MV+ PV+ TV,85316_AV;85316_MV;85316_PV;85316_TV,0
85321,Absent,2,15,PV+ TV,85321_PV;85321_TV,0
85326,Absent,4,31,AV+ MV+ PV+ TV,85326_AV;85326_MV;85326_PV;85326_TV,0
85327,Absent,4,16,AV+ MV+ PV+ TV,85327_AV;85327_MV;85327_PV;85327_TV,0
85328,Absent,4,27,AV+ MV+ PV+ TV,85328_AV;85328_MV;85328_PV;85328_TV,0
85329,Absent,4,30,AV+ MV+ PV+ TV,85329_AV;85329_MV;85329_PV;85329_TV,0
85332,Absent,2,13,AV+ PV,85332_AV;85332_PV,0
85334,Absent,4,25,AV+ MV+ PV+ TV,85334_AV;85334_MV;85334_PV;85334_TV,0
85335,Absent,3,26,AV+ PV+ TV,85335_AV;85335_PV;85335_TV,0
85336,Absent,2,11,AV+ MV,85336_AV;85336_MV,0
85338,Absent,4,27,AV+ MV+ PV+ TV,85338_AV;85338_MV;85338_PV;85338_TV,0
85339,Present,1,7,MV,85339_MV,0
85340,Absent,4,26,AV+ MV+ PV+ TV,85340_AV;85340_MV;85340_PV;85340_TV,0
85343,Present,4,28,AV+ MV+ PV+ TV,85343_AV;85343_MV;85343_PV;85343_TV,2
85345,Absent,2,10,AV+ PV,85345_AV;85345_PV,0
85349,Absent,3,18,AV+ PV+ TV,85349_AV;85349_PV;85349_TV,0
9979,Present,4,28,AV+ MV+ PV+ TV,9979_AV;9979_MV;9979_PV;9979_TV,0
