recall,precision,threshold
1.0,0.19672131147540983,0.036865977880855404
1.0,0.19834710743801653,0.04213933395554444
1.0,0.2,0.08182705943049355
1.0,0.20168067226890757,0.11642359512754613
1.0,0.2033898305084746,0.12247014557942748
1.0,0.20512820512820512,0.13628839681863725
1.0,0.20689655172413793,0.15478178433009557
1.0,0.20869565217391303,0.15487676681330814
1.0,0.21052631578947367,0.15942806818885868
1.0,0.21238938053097345,0.1676167208570174
1.0,0.21428571428571427,0.16763733066618441
1.0,0.21621621621621623,0.1682947976514697
1.0,0.21818181818181817,0.17121868999674916
1.0,0.22018348623853212,0.1880627271852323
1.0,0.2222222222222222,0.19508266557628912
1.0,0.22429906542056074,0.19639547355473042
1.0,0.22641509433962265,0.19722618916559786
0.9583333333333334,0.21904761904761905,0.1980533691433569
0.9583333333333334,0.22115384615384615,0.19957377970115178
0.9583333333333334,0.22330097087378642,0.19976553317498077
0.9583333333333334,0.22549019607843138,0.2108986815955076
0.9583333333333334,0.22772277227722773,0.21232721598353238
0.9583333333333334,0.23,0.21406749763714505
0.9583333333333334,0.23232323232323232,0.21656439110890707
0.9583333333333334,0.23469387755102042,0.21700659347698092
0.9583333333333334,0.23711340206185566,0.23212118467522994
0.9583333333333334,0.23958333333333334,0.2332634575411
0.9583333333333334,0.24210526315789474,0.23397654163282267
0.9583333333333334,0.24468085106382978,0.23405014210203218
0.9583333333333334,0.24731182795698925,0.23697787337005138
0.9583333333333334,0.25,0.2369947800573034
0.9583333333333334,0.25274725274725274,0.23727950505028017
0.9583333333333334,0.25555555555555554,0.24182569166490187
0.9583333333333334,0.25842696629213485,0.2536993800995073
0.9583333333333334,0.26136363636363635,0.2560694425959479
0.9583333333333334,0.26436781609195403,0.2585420170488457
0.9583333333333334,0.26744186046511625,0.2652747184481649
0.9166666666666666,0.25882352941176473,0.2664453374842803
0.9166666666666666,0.2619047619047619,0.26853937029161234
0.9166666666666666,0.26506024096385544,0.2688899455465038
0.9166666666666666,0.2682926829268293,0.2694083595027526
0.9166666666666666,0.2716049382716049,0.27008384446768713
0.9166666666666666,0.275,0.2750561705657414
0.9166666666666666,0.27848101265822783,0.2777657368526126
0.9166666666666666,0.28205128205128205,0.28146288186932605
0.875,0.2727272727272727,0.28781416048606234
0.875,0.27631578947368424,0.28864000395738654
0.875,0.28,0.2978032582099476
0.875,0.28378378378378377,0.30265001023395194
0.875,0.2876712328767123,0.30398010857299795
0.875,0.2916666666666667,0.3088137091133111
0.875,0.29577464788732394,0.3100241640539518
0.8333333333333334,0.2857142857142857,0.31006752914099983
0.8333333333333334,0.2898550724637681,0.31406207508407535
0.8333333333333334,0.29411764705882354,0.31669978612945193
0.8333333333333334,0.29850746268656714,0.31882539644305197
0.8333333333333334,0.30303030303030304,0.3214415123287056
0.8333333333333334,0.3076923076923077,0.3215663456620076
0.8333333333333334,0.3125,0.32619323472802836
0.8333333333333334,0.31746031746031744,0.33073205572538195
0.8333333333333334,0.3225806451612903,0.34166993595482337
0.8333333333333334,0.32786885245901637,0.34383590494592986
0.8333333333333334,0.3333333333333333,0.34476874010976066
0.8333333333333334,0.3389830508474576,0.3482916842162351
0.8333333333333334,0.3448275862068966,0.3499310338361697
0.8333333333333334,0.3508771929824561,0.35320280412478106
0.8333333333333334,0.35714285714285715,0.35674903765320776
0.8333333333333334,0.36363636363636365,0.3575982530512625
0.8333333333333334,0.37037037037037035,0.3591918966599873
0.8333333333333334,0.37735849056603776,0.35922029072519024
0.8333333333333334,0.38461538461538464,0.3628838379246493
0.8333333333333334,0.39215686274509803,0.3636949381325394
0.8333333333333334,0.4,0.36853213381532224
0.8333333333333334,0.40816326530612246,0.37027968280017376
0.7916666666666666,0.3958333333333333,0.37325219588265535
0.7916666666666666,0.40425531914893614,0.37980133176769143
0.7916666666666666,0.41304347826086957,0.3929884960636541
0.7916666666666666,0.4222222222222222,0.4053307381975982
0.7916666666666666,0.4318181818181818,0.4142461987045993
0.7916666666666666,0.4418604651162791,0.4269950199082042
0.7916666666666666,0.4523809523809524,0.42865120992064476
0.7916666666666666,0.4634146341463415,0.447026857711149
0.7916666666666666,0.475,0.4540716040258606
0.7916666666666666,0.48717948717948717,0.4855475115279357
0.7916666666666666,0.5,0.48730557403442537
0.7916666666666666,0.5135135135135135,0.4898026443340562
0.7916666666666666,0.5277777777777778,0.4948357162731034
0.7916666666666666,0.5428571428571428,0.49769181990996003
0.7916666666666666,0.5588235294117647,0.5022578410538179
0.7916666666666666,0.5757575757575758,0.5118377786129713
0.7916666666666666,0.59375,0.5191586693428983
0.7916666666666666,0.6129032258064516,0.5223776251077652
0.7916666666666666,0.6333333333333333,0.5288781275351843
0.7916666666666666,0.6551724137931034,0.5455722606607846
0.7916666666666666,0.6785714285714286,0.5619255610626617
0.7916666666666666,0.7037037037037037,0.5674143016101822
0.75,0.6923076923076923,0.5770852215588093
0.75,0.72,0.6074424696465334
0.75,0.75,0.617915578186512
0.75,0.782608695652174,0.6530861407518387
0.75,0.8181818181818182,0.6564118293424448
0.75,0.8571428571428571,0.6953013162527766
0.75,0.9,0.7067904343659228
0.7083333333333334,0.8947368421052632,0.7565204900290285
0.6666666666666666,0.8888888888888888,0.7880924092104228
0.625,0.8823529411764706,0.8049387793574068
0.5833333333333334,0.875,0.844249161935988
0.5416666666666666,0.8666666666666667,0.8514589829878374
0.5,0.8571428571428571,0.8638333318498863
0.5,0.9230769230769231,0.8951207691714878
0.4583333333333333,0.9166666666666666,0.9005906369004931
0.4166666666666667,0.9090909090909091,0.90635256256376
0.4166666666666667,1.0,0.927711409330368
0.375,1.0,0.928929382846469
0.3333333333333333,1.0,0.9708035290241241
0.2916666666666667,1.0,0.9790766082003586
0.25,1.0,0.9820998093734185
0.20833333333333334,1.0,0.9861546407143275
0.16666666666666666,1.0,0.9879631585883673
0.125,1.0,0.9902590100003892
0.08333333333333333,1.0,0.992401190791521
0.041666666666666664,1.0,0.9967635273933411
0.0,1.0,
