participant_id,inner_fold,label
24160,1,Absent
29045,1,Present
46532,1,Absent
47002,1,Present
49561,1,Absent
49842,1,Absent
49853,1,Absent
49896,1,Absent
49968,1,Absent
49969,1,Absent
49999,1,Absent
50014,1,Absent
50017,1,Absent
50026,1,Absent
50047,1,Absent
50066,1,Absent
50076,1,Absent
50085,1,Absent
50119,1,Absent
50128,1,Absent
50129,1,Present
50141,1,Absent
50150,1,Present
50155,1,Absent
50164,1,Absent
50213,1,Absent
50233,1,Present
50247,1,Absent
50263,1,Absent
50276,1,Absent
50331,1,Present
50348,1,Absent
50388,1,Absent
50620,1,Absent
50635,1,Absent
50655,1,Absent
50673,1,Absent
50693,1,Absent
50736,1,Present
50737,1,Absent
50740,1,Absent
50754,1,Absent
50796,1,Absent
50805,1,Absent
50826,1,Absent
64256,1,Present
68316,1,Absent
68423,1,Present
68624,1,Absent
68660,1,Absent
68708,1,Present
69129,1,Absent
69174,1,Absent
80348,1,Absent
81035,1,Absent
81501,1,Absent
84734,1,Absent
84735,1,Absent
84749,1,Absent
84762,1,Absent
84776,1,Absent
84786,1,Present
84802,1,Present
84853,1,Present
84861,1,Absent
84868,1,Absent
84878,1,Absent
84884,1,Absent
84923,1,Absent
85004,1,Present
85023,1,Absent
85028,1,Absent
85048,1,Absent
85063,1,Absent
85079,1,Present
85094,1,Absent
85122,1,Absent
85128,1,Absent
85131,1,Absent
85152,1,Absent
85181,1,Absent
85217,1,Absent
85225,1,Absent
85226,1,Absent
85236,1,Absent
85261,1,Present
85301,1,Absent
85321,1,Absent
85326,1,Absent
85338,1,Absent
9979,1,Present
33151,2,Present
39043,2,Absent
40058,2,Absent
49585,2,Absent
49661,2,Absent
49931,2,Present
49959,2,Absent
49987,2,Absent
50008,2,Absent
50037,2,Absent
50054,2,Present
50070,2,Absent
50089,2,Absent
50092,2,Absent
50099,2,Present
50109,2,Absent
50117,2,Absent
50122,2,Absent
50125,2,Absent
50161,2,Present
50207,2,Absent
50216,2,Absent
50225,2,Absent
50238,2,Present
50239,2,Absent
50285,2,Present
50289,2,Present
50296,2,Absent
50297,2,Absent
50298,2,Absent
50306,2,Absent
50314,2,Absent
50327,2,Absent
50391,2,Absent
50641,2,Absent
50652,2,Absent
50669,2,Absent
50690,2,Absent
50721,2,Absent
50734,2,Present
50763,2,Absent
50768,2,Absent
50770,2,Absent
50798,2,Absent
50812,2,Absent
57700,2,Present
68255,2,Present
68412,2,Absent
68504,2,Absent
68711,2,Absent
68737,2,Absent
69106,2,Absent
69141,2,Absent
69161,2,Absent
74417,2,Absent
78592,2,Absent
84688,2,Absent
84702,2,Present
84721,2,Absent
84730,2,Present
84732,2,Present
84775,2,Absent
84807,2,Absent
84809,2,Absent
84815,2,Absent
84823,2,Absent
84824,2,Absent
84834,2,Present
84883,2,Absent
84947,2,Absent
84973,2,Absent
85018,2,Absent
85026,2,Absent
85053,2,Absent
85055,2,Present
85066,2,Absent
85100,2,Absent
85105,2,Absent
85166,2,Absent
85176,2,Absent
85184,2,Absent
85230,2,Absent
85240,2,Absent
85242,2,Absent
85259,2,Present
85270,2,Absent
85282,2,Absent
85287,2,Absent
85305,2,Absent
85327,2,Absent
85336,2,Absent
14998,3,Absent
2530,3,Absent
45843,3,Present
49574,3,Present
49610,3,Absent
49687,3,Absent
49729,3,Absent
49745,3,Absent
49808,3,Absent
49839,3,Absent
49876,3,Absent
49946,3,Absent
49989,3,Present
49994,3,Present
50005,3,Absent
50027,3,Absent
50029,3,Absent
50049,3,Absent
50142,3,Absent
50149,3,Present
50160,3,Absent
50166,3,Absent
50214,3,Absent
50222,3,Absent
50250,3,Absent
50272,3,Absent
50318,3,Absent
50335,3,Absent
50343,3,Absent
50359,3,Absent
50386,3,Absent
50649,3,Absent
50654,3,Absent
50668,3,Absent
50725,3,Absent
50732,3,Absent
50738,3,Absent
50758,3,Absent
50776,3,Absent
50800,3,Absent
50819,3,Absent
50829,3,Absent
55945,3,Present
68436,3,Absent
68646,3,Absent
68702,3,Absent
68827,3,Absent
69066,3,Absent
69144,3,Absent
69152,3,Absent
73497,3,Present
74420,3,Absent
78280,3,Present
84690,3,Present
84725,3,Absent
84733,3,Absent
84784,3,Absent
84813,3,Absent
84829,3,Absent
84854,3,Present
84918,3,Absent
84920,3,Absent
84978,3,Absent
84990,3,Absent
84991,3,Absent
84994,3,Absent
85002,3,Present
85036,3,Present
85075,3,Absent
85080,3,Present
85084,3,Absent
85113,3,Absent
85134,3,Absent
85165,3,Present
85169,3,Present
85180,3,Absent
85192,3,Absent
85213,3,Absent
85216,3,Absent
85245,3,Absent
85247,3,Absent
85249,3,Absent
85252,3,Absent
85269,3,Present
85278,3,Absent
85285,3,Absent
85286,3,Absent
85306,3,Present
85335,3,Absent
85343,3,Present
85345,3,Absent
43852,4,Absent
49595,4,Present
49638,4,Present
49678,4,Absent
49712,4,Present
49719,4,Absent
49735,4,Absent
49823,4,Present
49838,4,Present
49854,4,Absent
49952,4,Absent
49980,4,Absent
50007,4,Absent
50009,4,Absent
50023,4,Absent
50077,4,Absent
50103,4,Absent
50121,4,Absent
50127,4,Present
50137,4,Absent
50145,4,Absent
50146,4,Absent
50218,4,Absent
50228,4,Absent
50244,4,Absent
50258,4,Present
50275,4,Absent
50317,4,Absent
50332,4,Present
50337,4,Absent
50354,4,Absent
50619,4,Absent
50644,4,Absent
50656,4,Present
50667,4,Absent
50688,4,Absent
50720,4,Absent
50747,4,Absent
50751,4,Absent
50762,4,Absent
50771,4,Absent
50781,4,Present
50784,4,Absent
50797,4,Absent
50807,4,Absent
50822,4,Absent
68327,4,Absent
68449,4,Absent
68478,4,Absent
68659,4,Absent
68756,4,Absent
69112,4,Absent
69188,4,Absent
77373,4,Present
84706,4,Absent
84709,4,Absent
84760,4,Absent
84798,4,Absent
84804,4,Absent
84831,4,Absent
84852,4,Absent
84856,4,Absent
84859,4,Absent
84864,4,Present
84885,4,Present
84930,4,Absent
84935,4,Absent
84946,4,Absent
84961,4,Absent
84970,4,Absent
85024,4,Present
85034,4,Absent
85035,4,Absent
85037,4,Present
85042,4,Present
85069,4,Present
85076,4,Absent
85093,4,Absent
85132,4,Present
85143,4,Absent
85150,4,Absent
85154,4,Absent
85162,4,Absent
85163,4,Absent
85244,4,Absent
85265,4,Absent
85277,4,Absent
85293,4,Absent
85312,4,Absent
85316,4,Absent
85328,4,Absent
40798,5,Absent
49572,5,Present
49577,5,Absent
49598,5,Absent
49631,5,Absent
49683,5,Absent
49930,5,Absent
49970,5,Absent
49993,5,Absent
49995,5,Absent
50006,5,Absent
50015,5,Absent
50057,5,Absent
50074,5,Absent
50104,5,Absent
50105,5,Absent
50113,5,Absent
50118,5,Present
50159,5,Present
50206,5,Absent
50221,5,Present
50260,5,Present
50278,5,Absent
50299,5,Absent
50303,5,Absent
50312,5,Absent
50339,5,Absent
50342,5,Absent
50349,5,Absent
50393,5,Absent
50621,5,Absent
50645,5,Absent
50657,5,Absent
50665,5,Absent
50687,5,Absent
50691,5,Absent
50713,5,Absent
50715,5,Absent
50727,5,Absent
50735,5,Present
50752,5,Absent
50757,5,Present
50773,5,Absent
50787,5,Absent
50788,5,Absent
50802,5,Absent
50815,5,Absent
61117,5,Present
64715,5,Absent
68269,5,Absent
68292,5,Absent
68431,5,Absent
68432,5,Present
68740,5,Present
68861,5,Absent
70280,5,Absent
84687,5,Absent
84743,5,Absent
84768,5,Absent
84785,5,Absent
84799,5,Absent
84805,5,Absent
84855,5,Absent
84877,5,Absent
84882,5,Present
84945,5,Absent
84949,5,Present
84957,5,Absent
84965,5,Absent
84966,5,Absent
84992,5,Absent
85010,5,Absent
85030,5,Present
85057,5,Present
85091,5,Absent
85096,5,Absent
85099,5,Absent
85108,5,Present
85135,5,Present
85151,5,Absent
85168,5,Absent
85186,5,Absent
85199,5,Present
85210,5,Absent
85288,5,Absent
85296,5,Absent
85315,5,Absent
85332,5,Absent
85334,5,Absent
85339,5,Present
85340,5,Absent
